CustomerID,Churn,Tenure,PreferredLoginDevice,CityTier,WarehouseToHome,PreferredPaymentMode,Gender,HourSpendOnApp,NumberOfDeviceRegistered,PreferedOrderCat,SatisfactionScore,MaritalStatus,NumberOfAddress,Complain,OrderAmountHikeFromlastYear,CouponUsed,OrderCount,DaySinceLastOrder,CashbackAmount,RFM_Recency,RFM_Frequency,Engagement_Score,Friction_Risk
50001,1,4,Mobile Phone,3,6,Debit Card,Female,3,3,Laptop & Accessory,2,Single,9,1,11,1,1,5,159.93,5,1,8,6
50002,1,9,Phone,1,8,UPI,Male,3,4,Mobile,3,Single,7,1,15,0,1,0,120.9,0,1,18,1
50003,1,9,Phone,1,30,Debit Card,Male,2,4,Mobile,3,Single,6,1,14,0,1,3,120.28,3,1,18,4
50004,1,0,Phone,3,15,Debit Card,Male,2,4,Laptop & Accessory,5,Single,8,0,23,0,1,3,134.07,3,1,0,0
50005,1,0,Phone,1,12,CC,Male,3,3,Mobile,5,Single,3,0,11,1,1,3,129.6,3,1,0,0
50006,1,0,Computer,1,22,Debit Card,Female,3,5,Mobile Phone,5,Single,2,1,22,4,6,7,139.19,7,6,0,8
50007,1,9,Phone,3,11,Cash on Delivery,Male,2,3,Laptop & Accessory,2,Divorced,4,0,14,0,1,0,120.86,0,1,18,0
50008,1,9,Phone,1,6,CC,Male,3,3,Mobile,2,Divorced,3,1,16,2,2,0,122.93,0,2,27,1
50009,1,13,Phone,3,9,E wallet,Male,3,4,Mobile,3,Divorced,2,1,14,0,1,2,126.83,2,1,26,3
50010,1,9,Phone,1,31,Debit Card,Male,2,5,Mobile,3,Single,2,0,12,1,1,1,122.93,1,1,18,0
50011,1,4,Mobile Phone,1,18,Cash on Delivery,Female,2,3,Others,3,Divorced,2,0,15,9,15,8,295.45,8,15,64,0
50012,1,11,Mobile Phone,1,6,Debit Card,Male,3,4,Fashion,3,Single,10,1,13,0,1,0,153.81,0,1,22,1
50013,1,0,Phone,1,11,COD,Male,2,3,Mobile,3,Single,2,1,13,2,2,2,134.41,2,2,0,3
50014,1,0,Phone,1,15,CC,Male,3,4,Mobile,3,Divorced,1,1,17,0,1,0,133.88,0,1,0,1
50015,1,9,Mobile Phone,3,15,Credit Card,Male,3,4,Fashion,2,Single,2,0,16,0,4,7,196.19,7,4,45,0
50016,1,9,Phone,2,12,UPI,Male,3,3,Mobile,5,Married,5,1,22,1,1,2,120.73,2,1,18,3
50017,1,0,Computer,1,12,Debit Card,Female,3,4,Mobile,2,Single,2,1,18,1,1,0,129.26,0,1,0,1
50018,1,0,Mobile Phone,3,11,E wallet,Male,2,4,Laptop & Accessory,3,Single,2,1,11,1,1,3,157.44,3,1,0,4
50019,1,0,Computer,1,13,Debit Card,Male,3,5,Laptop & Accessory,3,Single,2,1,24,1,1,6,160.74,6,1,0,7
50020,1,19,Mobile Phone,1,20,Debit Card,Female,3,3,Mobile Phone,4,Divorced,10,1,18,1,4,3,149.63,3,4,95,4
50021,1,0,Mobile Phone,3,12,Debit Card,Male,3,5,Laptop & Accessory,3,Divorced,5,1,18,6,7,7,161.72,7,7,0,8
50022,1,20,Mobile Phone,1,29,Credit Card,Female,3,3,Fashion,2,Divorced,2,0,12,11,15,6,203.12,6,15,320,0
50023,1,9,Mobile Phone,3,28,E wallet,Male,2,3,Mobile Phone,3,Single,2,1,19,0,1,0,116.75,0,1,18,1
50024,1,0,Phone,3,26,Debit Card,Female,3,5,Laptop & Accessory,3,Divorced,4,1,11,1,2,2,145.59,2,2,0,3
50025,1,14,Computer,1,14,Debit Card,Male,2,5,Fashion,2,Single,3,0,15,0,1,3,206.5,3,1,28,0
50026,1,0,Phone,1,15,Credit Card,Female,2,3,Mobile Phone,5,Single,8,0,22,1,1,4,142.0,4,1,0,0
50027,0,8,Mobile Phone,3,6,E wallet,Male,3,3,Fashion,4,Divorced,2,0,13,1,1,6,172.95,6,1,16,0
50028,0,9,Phone,3,12,E wallet,Male,2,3,Laptop & Accessory,3,Divorced,3,1,20,0,4,5,123.06,5,4,45,6
50029,0,18,Phone,1,14,Debit Card,Male,2,3,Laptop & Accessory,4,Married,9,0,18,1,1,15,123.48,15,1,36,0
50030,0,5,Computer,3,14,E wallet,Female,2,3,Fashion,2,Single,2,0,14,2,3,7,189.98,7,3,20,0
50031,0,2,Computer,1,6,COD,Male,2,3,Laptop & Accessory,3,Divorced,2,0,13,0,1,9,143.19,9,1,4,0
50032,0,0,Mobile Phone,1,13,Credit Card,Male,2,4,Laptop & Accessory,3,Divorced,3,0,17,1,1,0,161.32,0,1,0,0
50033,0,30,Phone,1,15,CC,Female,3,4,Mobile,4,Divorced,5,1,20,1,1,0,133.46,0,1,60,1
50034,0,13,Mobile Phone,3,10,E wallet,Male,3,4,Fashion,2,Divorced,8,0,11,2,2,11,208.55,11,2,39,0
50035,0,9,Computer,3,8,E wallet,Female,3,3,Mobile,3,Divorced,7,0,18,1,1,2,122.31,2,1,18,0
50036,0,0,Phone,1,14,CC,Male,3,3,Mobile,2,Divorced,2,0,24,0,2,2,123.23,2,2,0,0
50037,0,9,Computer,1,15,CC,Male,2,3,Mobile,4,Married,7,0,18,0,2,2,120.24,2,2,27,0
50038,0,1,Phone,1,27,CC,Male,3,3,Mobile,2,Divorced,2,0,11,0,1,2,127.13,2,1,2,0
50039,0,30,Mobile Phone,1,30,Debit Card,Male,2,2,Fashion,2,Married,4,1,16,1,1,4,194.39,4,1,60,5
50040,0,0,Computer,1,14,CC,Male,3,4,Mobile,3,Married,2,1,15,0,1,1,125.66,1,1,0,2
50041,0,23,Mobile Phone,1,17,Debit Card,Female,2,3,Others,4,Single,4,0,15,2,4,4,299.26,4,4,115,0
50042,0,14,Phone,1,14,Debit Card,Male,2,3,Mobile,3,Married,5,0,12,1,1,8,124.51,8,1,28,0
50043,0,3,Mobile Phone,3,11,Debit Card,Female,2,3,Fashion,2,Divorced,3,0,12,2,7,4,194.19,4,7,24,0
50044,0,11,Mobile Phone,3,6,Debit Card,Female,2,4,Laptop & Accessory,2,Single,5,0,22,1,1,1,186.86,1,1,22,0
50045,0,5,Phone,1,12,Debit Card,Male,3,3,Mobile,3,Single,4,0,20,0,1,4,130.38,4,1,10,0
50046,0,0,Phone,1,23,COD,Male,3,3,Mobile,4,Divorced,1,1,16,1,1,1,130.58,1,1,0,2
50047,1,0,Computer,3,14,COD,Female,3,5,Mobile,5,Single,1,0,21,1,1,0,123.25,0,1,0,0
50048,0,9,Computer,1,9,CC,Male,1,3,Mobile,4,Single,5,0,12,4,7,2,120.88,2,7,72,0
50049,0,3,Computer,1,15,CC,Male,3,3,Laptop & Accessory,5,Married,2,0,11,0,6,10,130.72,10,6,21,0
50050,0,18,Mobile Phone,3,10,Debit Card,Female,1,3,Laptop & Accessory,5,Married,5,1,11,0,1,3,150.06,3,1,36,4
50051,0,29,Phone,1,14,Debit Card,Female,3,3,Mobile Phone,5,Married,5,1,18,1,2,2,142.57,2,2,87,3
50052,0,6,Phone,1,14,Debit Card,Male,2,3,Mobile,2,Single,1,0,14,0,1,2,125.0,2,1,12,0
50053,1,0,Mobile Phone,1,8,Debit Card,Male,2,4,Mobile Phone,2,Single,2,0,22,0,1,0,111.02,0,1,0,0
50054,0,19,Mobile Phone,3,6,E wallet,Female,3,3,Fashion,5,Married,2,0,25,4,15,7,204.53,7,15,304,0
50055,0,9,Phone,1,15,Debit Card,Female,3,3,Mobile,2,Single,2,0,12,1,2,1,122.88,1,2,27,0
50056,0,4,Phone,1,18,Credit Card,Female,3,3,Mobile Phone,2,Divorced,9,1,23,1,1,2,139.29,2,1,8,3
50057,0,9,Phone,1,33,CC,Female,3,3,Mobile,4,Single,3,0,15,1,1,2,123.11,2,1,18,0
50058,1,4,Phone,3,26,E wallet,Female,3,3,Mobile,4,Single,2,1,22,0,1,2,131.4,2,1,8,3
50059,0,23,Phone,1,6,Credit Card,Male,2,4,Mobile Phone,3,Divorced,3,0,15,0,1,2,136.9,2,1,46,0
50060,0,26,Phone,1,19,Credit Card,Female,2,2,Laptop & Accessory,5,Married,2,0,11,1,1,3,144.5,3,1,52,0
50061,0,6,Phone,1,20,CC,Female,3,3,Mobile,4,Divorced,2,0,13,0,1,6,127.56,6,1,12,0
50062,0,13,Mobile Phone,1,10,Credit Card,Female,2,3,Others,3,Divorced,2,0,14,1,9,9,290.33,9,9,130,0
50063,0,28,Mobile Phone,1,20,Credit Card,Male,3,2,Others,4,Single,9,0,11,1,2,15,287.22,15,2,84,0
50064,0,7,Computer,1,8,Debit Card,Male,2,4,Laptop & Accessory,3,Divorced,2,0,17,0,1,9,195.47,9,1,14,0
50065,0,24,Mobile Phone,1,9,Credit Card,Female,3,3,Grocery,4,Single,4,0,18,0,2,0,237.34,0,2,72,0
50066,0,25,Mobile Phone,1,6,Debit Card,Male,3,4,Others,3,Divorced,1,0,15,1,11,9,299.99,9,11,300,0
50067,0,9,Phone,1,15,CC,Female,2,3,Mobile,4,Single,2,0,16,1,1,3,122.79,3,1,18,0
50068,1,0,Mobile Phone,1,29,Debit Card,Male,2,4,Laptop & Accessory,3,Divorced,4,1,13,1,1,1,159.16,1,1,0,2
50069,0,9,Computer,1,13,CC,Male,2,2,Mobile,2,Married,5,0,14,0,2,2,120.89,2,2,27,0
50070,0,18,Computer,1,8,Credit Card,Male,3,4,Grocery,2,Divorced,10,0,23,1,11,8,267.92,8,11,216,0
50071,0,10,Phone,1,27,Debit Card,Male,3,2,Mobile Phone,5,Divorced,2,1,12,0,1,7,135.64,7,1,20,8
50072,0,8,Computer,1,8,Credit Card,Female,2,3,Laptop & Accessory,4,Single,6,0,11,1,1,2,144.25,2,1,16,0
50073,0,15,Computer,1,27,Credit Card,Female,2,3,Laptop & Accessory,3,Married,3,0,16,0,1,2,152.65,2,1,30,0
50074,0,11,Mobile Phone,1,8,Debit Card,Male,2,3,Laptop & Accessory,3,Divorced,10,0,14,0,1,0,165.53,0,1,22,0
50075,0,11,Mobile Phone,1,35,COD,Male,2,3,Laptop & Accessory,2,Divorced,4,0,18,0,1,7,162.61,7,1,22,0
50076,0,0,Computer,1,6,COD,Male,2,4,Laptop & Accessory,5,Divorced,6,0,19,0,2,0,142.98,0,2,0,0
50077,0,22,Computer,1,24,Debit Card,Male,3,3,Laptop & Accessory,2,Married,2,1,15,0,1,7,168.04,7,1,44,8
50078,0,7,Computer,1,16,Credit Card,Male,2,3,Mobile Phone,3,Married,2,1,17,2,2,0,138.15,0,2,21,1
50079,0,13,Phone,1,25,CC,Male,3,3,Laptop & Accessory,2,Divorced,9,1,15,1,3,7,127.41,7,3,52,8
50080,1,1,Mobile Phone,1,35,Credit Card,Male,3,3,Laptop & Accessory,5,Divorced,8,1,19,0,1,0,166.73,0,1,2,1
50081,1,0,Mobile Phone,3,33,E wallet,Female,2,3,Fashion,2,Divorced,2,0,22,1,1,9,176.39,9,1,0,0
50082,0,0,Phone,1,14,Debit Card,Male,2,2,Mobile,4,Married,2,1,16,0,2,2,123.28,2,2,0,3
50083,0,9,Computer,1,24,CC,Female,3,3,Mobile,2,Single,2,0,13,1,1,7,121.53,7,1,18,0
50084,0,13,Computer,1,15,Debit Card,Male,3,4,Laptop & Accessory,2,Divorced,10,0,14,1,1,2,148.76,2,1,26,0
50085,0,19,Mobile Phone,1,6,Credit Card,Male,3,3,Fashion,5,Married,8,0,16,0,1,3,193.96,3,1,38,0
50086,1,0,Mobile Phone,3,10,Credit Card,Male,2,5,Fashion,2,Divorced,2,0,11,7,9,8,204.0,8,9,0,0
50087,0,3,Computer,1,6,Debit Card,Male,2,4,Fashion,3,Single,2,0,22,2,5,8,184.74,8,5,18,0
50088,0,0,Computer,3,26,Debit Card,Female,2,3,Laptop & Accessory,3,Single,2,0,14,1,1,7,199.81,7,1,0,0
50089,0,24,Mobile Phone,1,14,Debit Card,Male,2,4,Fashion,4,Divorced,6,0,16,1,4,3,224.9,3,4,120,0
50090,1,0,Phone,1,14,COD,Female,2,3,Mobile,5,Single,6,1,11,1,1,4,126.57,4,1,0,5
50091,0,14,Mobile Phone,3,12,Debit Card,Female,3,3,Fashion,2,Single,4,1,18,0,2,0,235.91,0,2,42,1
50092,1,0,Computer,3,32,E wallet,Female,2,4,Laptop & Accessory,5,Single,6,0,15,0,1,1,166.96,1,1,0,0
50093,1,9,Phone,1,6,Cash on Delivery,Male,2,3,Mobile,3,Single,1,0,14,0,1,5,120.58,5,1,18,0
50094,0,18,Computer,3,12,Credit Card,Female,2,4,Fashion,2,Single,7,0,12,12,12,8,188.65,8,12,234,0
50095,0,27,Mobile Phone,3,9,E wallet,Female,2,3,Laptop & Accessory,5,Divorced,3,0,14,1,1,5,159.4,5,1,54,0
50096,0,9,Mobile Phone,1,11,Debit Card,Male,3,3,Laptop & Accessory,4,Single,9,0,16,0,3,7,159.14,7,3,36,0
50097,0,6,Phone,1,14,CC,Female,2,4,Mobile,4,Divorced,7,0,21,0,1,1,126.22,1,1,12,0
50098,0,10,Computer,1,17,UPI,Male,2,3,Fashion,2,Married,2,1,14,0,1,3,221.85,3,1,20,4
50099,0,11,Mobile Phone,3,9,Debit Card,Male,3,3,Fashion,3,Married,1,0,12,1,5,13,206.09,13,5,66,0
50100,0,4,Computer,1,6,Credit Card,Male,2,5,Laptop & Accessory,3,Divorced,1,0,12,1,1,4,143.45,4,1,8,0
50101,0,9,Phone,1,9,Debit Card,Male,3,4,Mobile,2,Divorced,4,0,17,0,1,0,121.77,0,1,18,0
50102,0,10,Computer,3,10,E wallet,Male,2,3,Mobile Phone,2,Married,5,0,17,1,5,8,0.0,8,5,60,0
50103,0,2,Computer,3,6,Credit Card,Female,2,3,Fashion,2,Divorced,2,0,14,4,4,1,179.18,1,4,10,0
50104,0,8,Computer,3,6,E wallet,Female,3,3,Fashion,3,Single,2,0,14,1,1,8,187.89,8,1,16,0
50105,1,0,Phone,1,14,CC,Male,2,4,Mobile,2,Single,2,1,13,0,1,1,123.89,1,1,0,2
50106,0,25,Phone,1,8,Debit Card,Female,2,4,Mobile,2,Single,8,0,15,0,2,2,132.12,2,2,75,0
50107,0,15,Mobile Phone,1,10,Cash on Delivery,Male,2,3,Others,2,Divorced,2,0,15,0,11,15,292.32,15,11,180,0
50108,0,9,Phone,2,12,CC,Male,2,3,Mobile,3,Divorced,9,0,17,2,2,2,122.67,2,2,27,0
50109,0,23,Mobile Phone,3,6,Credit Card,Female,3,3,Others,2,Married,4,0,15,1,1,6,295.17,6,1,46,0
50110,1,0,Phone,1,14,CC,Male,2,3,Mobile,2,Divorced,6,1,13,0,1,4,124.36,4,1,0,5
50111,0,16,Mobile Phone,3,22,E wallet,Female,3,3,Grocery,2,Divorced,6,1,22,0,2,9,260.64,9,2,48,10
50112,1,0,Phone,1,8,Debit Card,Female,3,3,Mobile,5,Divorced,8,0,20,1,1,7,127.07,7,1,0,0
50113,0,25,Computer,3,8,Debit Card,Male,3,4,Others,3,Single,2,1,18,1,15,12,290.68,12,15,400,13
50114,0,5,Phone,3,10,Debit Card,Female,2,3,Mobile Phone,4,Divorced,3,0,11,1,1,2,139.31,2,1,10,0
50115,1,0,Phone,1,6,Debit Card,Male,3,4,Mobile Phone,3,Single,1,1,14,1,1,2,137.3,2,1,0,3
50116,0,9,Phone,1,6,CC,Female,3,3,Mobile,3,Married,8,0,14,0,1,2,122.32,2,1,18,0
50117,0,5,Computer,3,32,E wallet,Male,3,3,Laptop & Accessory,2,Divorced,1,0,18,1,2,2,144.65,2,2,15,0
50118,0,14,Phone,1,25,Debit Card,Male,3,3,Laptop & Accessory,5,Married,3,0,16,1,1,0,130.72,0,1,28,0
50119,0,13,Phone,1,30,COD,Male,3,3,Laptop & Accessory,2,Married,2,0,17,2,4,7,133.19,7,4,65,0
50120,0,18,Mobile Phone,1,6,UPI,Male,3,2,Others,2,Divorced,1,0,15,1,1,7,292.02,7,1,36,0
50121,0,4,Computer,1,9,Credit Card,Male,3,3,Fashion,3,Married,10,0,12,1,2,2,236.75,2,2,12,0
50122,0,6,Phone,1,11,Debit Card,Female,3,4,Mobile,2,Divorced,2,0,13,0,1,2,129.11,2,1,12,0
50123,0,7,Mobile Phone,1,8,Debit Card,Male,2,4,Laptop & Accessory,5,Divorced,7,0,13,0,5,9,159.57,9,5,42,0
50124,0,10,Phone,1,6,Credit Card,Female,2,4,Mobile Phone,5,Divorced,3,0,14,1,1,2,139.2,2,1,20,0
50125,0,18,Computer,1,13,Debit Card,Male,3,2,Laptop & Accessory,3,Divorced,5,0,17,0,1,2,164.34,2,1,36,0
50126,1,0,Computer,1,16,Credit Card,Male,3,3,Fashion,3,Married,7,0,11,1,1,0,200.48,0,1,0,0
50127,0,12,Computer,1,8,Cash on Delivery,Female,3,3,Fashion,3,Single,1,0,25,10,11,3,209.38,3,11,144,0
50128,0,2,Phone,1,14,Debit Card,Male,2,3,Mobile,2,Single,2,0,19,0,1,5,123.4,5,1,4,0
50129,0,15,Mobile Phone,1,23,Debit Card,Female,2,2,Laptop & Accessory,5,Single,4,1,13,0,1,2,165.45,2,1,30,3
50130,0,2,Mobile Phone,3,26,E wallet,Male,2,3,Laptop & Accessory,2,Married,3,0,14,1,1,2,169.31,2,1,4,0
50131,0,0,Phone,1,6,Debit Card,Female,3,3,Laptop & Accessory,3,Divorced,1,0,12,1,1,2,148.98,2,1,0,0
50132,0,15,Phone,1,14,CC,Female,2,4,Mobile,5,Married,1,1,11,4,7,8,125.93,8,7,120,9
50133,0,13,Mobile Phone,1,8,Credit Card,Male,2,3,Others,3,Married,1,0,15,0,3,9,294.36,9,3,52,0
50134,0,24,Phone,1,6,Debit Card,Male,3,3,Mobile,2,Divorced,2,0,11,1,1,0,127.23,0,1,48,0
50135,1,0,Computer,1,35,CC,Male,3,4,Mobile,4,Single,1,0,11,1,1,4,134.79,4,1,0,0
50136,0,5,Computer,1,13,Debit Card,Male,3,2,Mobile,4,Divorced,2,0,20,0,1,3,127.94,3,1,10,0
50137,0,11,Computer,3,8,Debit Card,Male,2,4,Laptop & Accessory,2,Divorced,4,0,18,6,7,5,152.49,5,7,88,0
50138,0,9,Phone,1,8,Cash on Delivery,Male,2,4,Laptop & Accessory,5,Single,5,0,13,0,1,4,121.76,4,1,18,0
50139,0,19,Mobile Phone,3,8,Cash on Delivery,Female,3,5,Grocery,4,Divorced,4,1,12,1,7,7,268.72,7,7,152,8
50140,1,0,Phone,1,8,Debit Card,Male,3,3,Mobile,3,Single,3,0,11,1,1,0,134.85,0,1,0,0
50141,0,2,Mobile Phone,3,8,Credit Card,Male,3,4,Laptop & Accessory,4,Divorced,3,0,19,0,1,0,166.44,0,1,4,0
50142,0,4,Mobile Phone,1,29,Credit Card,Male,3,4,Laptop & Accessory,2,Divorced,1,0,21,1,7,8,155.82,8,7,32,0
50143,0,0,Computer,1,11,Debit Card,Male,2,2,Laptop & Accessory,5,Married,2,0,12,1,1,5,140.0,5,1,0,0
50144,0,18,Mobile Phone,1,26,Credit Card,Male,3,3,Grocery,2,Divorced,1,1,14,0,2,10,234.96,10,2,54,11
50145,0,9,Phone,1,12,Debit Card,Male,2,3,Mobile,2,Divorced,1,0,11,4,10,11,132.1,11,10,99,0
50146,0,28,Mobile Phone,1,6,Credit Card,Male,2,3,Others,5,Single,1,1,14,1,4,13,290.45,13,4,140,14
50147,1,10,Computer,1,35,Debit Card,Male,2,3,Fashion,4,Divorced,2,1,12,5,9,3,218.49,3,9,100,4
50148,0,9,Phone,1,15,CC,Male,3,3,Mobile,2,Divorced,2,0,23,1,1,4,120.7,4,1,18,0
50149,0,10,Mobile Phone,3,12,Credit Card,Male,3,3,Laptop & Accessory,2,Divorced,5,0,14,0,1,1,165.02,1,1,20,0
50150,0,0,Phone,1,9,CC,Male,3,4,Mobile,3,Single,2,0,17,1,1,0,132.3,0,1,0,0
50151,0,10,Computer,1,6,Credit Card,Female,0,3,Fashion,2,Married,3,1,18,0,2,2,236.03,2,2,30,3
50152,0,2,Mobile Phone,1,28,Debit Card,Female,3,2,Fashion,4,Married,8,0,18,5,6,3,219.96,3,6,14,0
50153,0,11,Mobile Phone,3,13,Credit Card,Female,2,2,Laptop & Accessory,5,Married,2,1,24,0,7,7,156.05,7,7,88,8
50154,0,0,Computer,1,6,Debit Card,Female,2,3,Laptop & Accessory,4,Married,2,0,20,0,1,4,163.97,4,1,0,0
50155,0,23,Mobile Phone,1,10,Debit Card,Male,3,3,Others,4,Married,4,0,14,1,1,6,291.44,6,1,46,0
50156,0,26,Mobile Phone,1,9,Credit Card,Male,2,3,Grocery,3,Divorced,4,1,16,1,1,3,275.84,3,1,52,4
50157,0,15,Phone,3,6,Debit Card,Male,2,3,Laptop & Accessory,3,Divorced,2,0,25,4,11,6,149.07,6,11,180,0
50158,0,2,Computer,3,8,Debit Card,Male,2,3,Laptop & Accessory,2,Single,2,0,18,0,1,9,145.54,9,1,4,0
50159,0,28,Mobile Phone,1,26,COD,Male,2,3,Laptop & Accessory,2,Divorced,4,1,19,1,1,8,154.15,8,1,56,9
50160,0,0,Computer,1,17,Credit Card,Male,2,3,Laptop & Accessory,5,Divorced,2,1,13,2,3,3,147.41,3,3,0,4
50161,0,9,Phone,1,6,Debit Card,Female,2,3,Mobile,2,Single,2,0,12,1,5,7,121.15,7,5,54,0
50162,1,7,Computer,1,30,Debit Card,Male,3,3,Mobile,3,Married,4,1,22,0,1,0,131.61,0,1,14,1
50163,0,11,Mobile Phone,1,29,Debit Card,Male,2,3,Laptop & Accessory,2,Married,10,0,14,0,1,2,157.45,2,1,22,0
50164,1,0,Phone,1,14,CC,Male,2,3,Mobile,4,Married,3,1,13,1,1,2,123.73,2,1,0,3
50165,0,1,Phone,1,14,Debit Card,Female,3,3,Mobile,2,Single,2,0,21,0,1,2,133.1,2,1,2,0
50166,0,22,Computer,1,16,Debit Card,Female,2,3,Others,5,Single,10,1,11,1,1,2,286.65,2,1,44,3
50167,0,9,Phone,1,9,COD,Male,1,3,Laptop & Accessory,4,Single,5,0,12,6,7,7,144.85,7,7,72,0
50168,0,4,Computer,3,11,E wallet,Female,3,3,Mobile,4,Married,2,0,11,0,2,2,127.89,2,2,12,0
50169,1,0,Mobile Phone,3,10,E wallet,Male,2,4,Laptop & Accessory,2,Single,2,1,12,7,7,4,158.28,4,7,0,5
50170,0,10,Computer,1,14,CC,Male,2,3,Mobile,2,Divorced,2,1,12,0,1,2,123.26,2,1,20,3
50171,0,15,Computer,3,32,E wallet,Female,3,3,Grocery,4,Divorced,6,0,14,2,2,8,235.25,8,2,45,0
50172,1,9,Mobile Phone,1,9,Debit Card,Male,2,3,Mobile Phone,3,Single,2,0,13,0,1,0,114.2,0,1,18,0
50173,0,8,Mobile Phone,3,22,E wallet,Male,3,3,Fashion,4,Divorced,1,0,15,3,6,9,180.2,9,6,56,0
50174,0,9,Computer,1,24,Debit Card,Male,2,2,Mobile Phone,2,Divorced,5,0,18,0,1,0,136.88,0,1,18,0
50175,0,24,Mobile Phone,1,8,Credit Card,Male,2,5,Laptop & Accessory,4,Married,6,0,18,0,1,2,154.82,2,1,48,0
50176,0,14,Mobile Phone,3,8,Debit Card,Male,2,3,Grocery,4,Single,2,0,19,1,2,4,260.15,4,2,42,0
50177,0,0,Mobile Phone,3,16,Credit Card,Female,3,4,Mobile Phone,3,Single,2,0,12,1,1,0,112.0,0,1,0,0
50178,0,1,Mobile Phone,1,22,Credit Card,Male,3,2,Laptop & Accessory,5,Single,1,0,19,0,1,7,156.61,7,1,2,0
50179,0,4,Mobile Phone,3,13,COD,Male,3,2,Laptop & Accessory,2,Divorced,5,0,11,3,7,7,169.29,7,7,32,0
50180,0,12,Mobile Phone,1,6,Credit Card,Male,2,2,Fashion,2,Married,1,0,17,3,3,7,196.13,7,3,48,0
50181,0,9,Computer,1,30,Debit Card,Female,2,3,Laptop & Accessory,4,Divorced,8,0,15,0,1,8,156.74,8,1,18,0
50182,0,5,Mobile Phone,3,13,Debit Card,Male,3,4,Laptop & Accessory,3,Divorced,2,0,14,1,4,8,154.84,8,4,25,0
50183,0,11,Mobile Phone,1,31,Debit Card,Female,2,4,Fashion,4,Divorced,4,0,17,1,1,3,220.61,3,1,22,0
50184,0,30,Computer,1,6,Debit Card,Male,2,5,Laptop & Accessory,3,Married,3,1,13,1,1,2,156.6,2,1,60,3
50185,0,4,Phone,1,11,COD,Male,2,3,Mobile Phone,2,Divorced,1,1,12,0,1,3,148.21,3,1,8,4
50186,0,4,Mobile Phone,2,8,UPI,Male,3,4,Laptop & Accessory,5,Divorced,4,0,12,0,1,0,164.1,0,1,8,0
50187,0,18,Computer,1,13,Debit Card,Male,3,3,Fashion,5,Married,2,0,18,5,9,11,152.1,11,9,180,0
50188,0,4,Phone,1,8,Debit Card,Male,3,3,Mobile,2,Married,1,1,18,1,2,2,126.95,2,2,12,3
50189,0,6,Computer,1,11,Debit Card,Female,3,3,Fashion,4,Divorced,7,0,11,2,8,3,218.78,3,8,54,0
50190,0,12,Mobile Phone,1,16,Credit Card,Male,2,3,Grocery,5,Divorced,2,1,14,1,11,10,270.68,10,11,144,11
50191,0,16,Computer,1,14,Debit Card,Female,2,3,Mobile,2,Single,1,0,19,0,1,7,124.55,7,1,32,0
50192,0,22,Mobile Phone,1,6,Cash on Delivery,Female,2,4,Grocery,3,Single,8,1,12,1,2,7,239.64,7,2,66,8
50193,1,15,Phone,1,14,Credit Card,Male,2,4,Laptop & Accessory,4,Divorced,3,0,15,7,7,7,149.41,7,7,120,0
50194,0,0,Phone,1,14,Debit Card,Female,2,3,Mobile,4,Single,2,1,12,0,1,2,124.78,2,1,0,3
50195,0,5,Mobile Phone,3,14,COD,Female,3,4,Laptop & Accessory,4,Divorced,2,1,11,6,11,9,152.28,9,11,60,10
50196,0,0,Phone,3,8,Debit Card,Male,3,3,Laptop & Accessory,3,Single,2,1,11,1,1,4,144.78,4,1,0,5
50197,0,4,Mobile Phone,3,13,E wallet,Male,3,3,Laptop & Accessory,2,Married,5,0,12,0,1,7,175.47,7,1,8,0
50198,0,5,Mobile Phone,1,8,Credit Card,Female,3,2,Laptop & Accessory,2,Single,8,0,16,1,1,7,150.55,7,1,10,0
50199,1,0,Phone,1,8,CC,Male,2,5,Mobile,2,Divorced,6,1,13,2,2,2,134.64,2,2,0,3
50200,0,3,Mobile Phone,1,34,Credit Card,Female,3,3,Laptop & Accessory,2,Divorced,2,0,13,0,1,9,157.75,9,1,6,0
50201,0,4,Computer,1,13,Debit Card,Female,2,4,Fashion,3,Divorced,2,0,24,3,8,9,189.43,9,8,36,0
50202,0,12,Computer,1,5,Credit Card,Male,2,4,Others,2,Divorced,2,0,15,9,13,3,292.72,3,13,168,0
50203,1,2,Mobile Phone,3,9,Credit Card,Female,2,3,Laptop & Accessory,3,Divorced,5,1,18,1,1,0,152.38,0,1,4,1
50204,0,6,Computer,3,16,E wallet,Male,2,4,Laptop & Accessory,2,Single,4,0,14,1,1,1,146.82,1,1,12,0
50205,0,20,Mobile Phone,1,11,Debit Card,Male,2,3,Others,3,Divorced,5,0,11,1,1,1,283.0,1,1,40,0
50206,0,16,Computer,1,16,Debit Card,Female,2,4,Laptop & Accessory,3,Married,2,0,11,0,1,0,152.57,0,1,32,0
50207,0,0,Computer,3,6,E wallet,Male,3,3,Laptop & Accessory,4,Divorced,1,1,13,0,1,4,163.49,4,1,0,5
50208,0,27,Computer,1,26,Debit Card,Female,2,3,Laptop & Accessory,3,Single,4,0,12,1,1,3,148.69,3,1,54,0
50209,0,16,Mobile Phone,1,13,Debit Card,Female,2,3,Fashion,5,Divorced,9,0,16,1,1,0,199.85,0,1,32,0
50210,0,18,Phone,1,14,UPI,Male,3,3,Laptop & Accessory,2,Divorced,10,0,14,7,9,8,136.97,8,9,180,0
50211,0,13,Mobile Phone,3,6,Credit Card,Male,2,5,Laptop & Accessory,2,Divorced,3,1,22,1,1,2,174.57,2,1,26,3
50212,1,9,Phone,1,14,UPI,Male,3,5,Mobile,5,Divorced,2,1,11,1,1,7,121.19,7,1,18,8
50213,0,2,Phone,1,15,UPI,Male,1,4,Mobile Phone,2,Single,1,0,17,2,2,2,139.83,2,2,6,0
50214,0,3,Mobile Phone,3,11,E wallet,Female,1,4,Laptop & Accessory,3,Married,2,0,13,0,1,2,161.18,2,1,6,0
50215,0,0,Mobile Phone,3,14,E wallet,Female,2,3,Laptop & Accessory,4,Divorced,2,0,18,0,1,7,162.14,7,1,0,0
50216,0,10,Mobile Phone,1,11,Credit Card,Male,3,3,Laptop & Accessory,2,Married,8,0,16,0,1,4,163.47,4,1,20,0
50217,0,11,Mobile Phone,1,21,Debit Card,Male,3,4,Fashion,2,Married,1,1,14,1,2,3,215.1,3,2,33,4
50218,0,4,Mobile Phone,1,13,Credit Card,Female,2,3,Fashion,2,Single,2,1,14,2,4,10,171.43,10,4,20,11
50219,0,2,Mobile Phone,3,16,E wallet,Female,2,4,Laptop & Accessory,4,Married,2,1,14,0,1,7,182.68,7,1,4,8
50220,0,8,Mobile Phone,1,11,COD,Male,3,3,Fashion,4,Single,1,0,13,0,1,13,180.95,13,1,16,0
50221,0,0,Phone,1,32,Debit Card,Male,3,3,Mobile,2,Married,2,0,12,1,1,2,129.04,2,1,0,0
50222,0,14,Mobile Phone,1,12,Credit Card,Male,3,4,Laptop & Accessory,4,Single,7,1,15,1,1,2,160.32,2,1,28,3
50223,0,20,Computer,3,10,CC,Male,3,3,Laptop & Accessory,3,Single,4,0,19,0,1,0,129.76,0,1,40,0
50224,0,15,Mobile Phone,1,29,Debit Card,Female,2,3,Grocery,2,Single,3,0,14,0,2,0,259.92,0,2,45,0
50225,0,2,Computer,3,8,Debit Card,Male,3,3,Laptop & Accessory,3,Divorced,2,0,14,1,1,2,146.49,2,1,4,0
50226,0,15,Phone,2,8,COD,Male,3,3,Mobile,3,Married,1,1,11,1,1,0,126.96,0,1,30,1
50227,0,5,Phone,1,14,CC,Female,3,3,Mobile,4,Divorced,2,0,13,0,1,7,123.7,7,1,10,0
50228,0,21,Mobile Phone,3,35,Credit Card,Female,3,3,Fashion,3,Divorced,4,0,21,0,1,3,225.04,3,1,42,0
50229,0,10,Mobile Phone,1,12,Credit Card,Male,2,2,Laptop & Accessory,5,Married,5,1,13,2,6,7,159.74,7,6,70,8
50230,0,3,Computer,3,31,COD,Female,2,3,Laptop & Accessory,3,Divorced,8,1,12,1,2,2,147.36,2,2,9,3
50231,0,0,Mobile Phone,3,6,Debit Card,Male,2,3,Laptop & Accessory,3,Divorced,2,0,17,2,7,7,152.96,7,7,0,0
50232,0,15,Mobile Phone,1,8,UPI,Male,3,4,Laptop & Accessory,2,Single,4,0,23,0,1,0,167.81,0,1,30,0
50233,1,9,Computer,3,6,Cash on Delivery,Female,2,4,Mobile,4,Single,2,1,11,1,1,2,121.74,2,1,18,3
50234,0,9,Computer,3,6,Credit Card,Female,2,3,Laptop & Accessory,2,Single,5,0,15,1,1,0,166.53,0,1,18,0
50235,0,9,Computer,3,9,Credit Card,Male,2,4,Fashion,2,Divorced,5,0,11,0,1,12,196.99,12,1,18,0
50236,0,30,Mobile Phone,1,6,Credit Card,Male,2,3,Laptop & Accessory,3,Divorced,3,0,11,1,1,2,167.55,2,1,60,0
50237,0,9,Phone,1,16,Debit Card,Female,2,2,Mobile,3,Divorced,4,1,13,0,1,7,122.13,7,1,18,8
50238,0,0,Computer,3,14,CC,Male,2,3,Mobile,2,Single,2,0,24,0,2,2,126.1,2,2,0,0
50239,1,0,Phone,3,11,E wallet,Female,3,3,Mobile,3,Single,2,1,13,1,1,0,128.51,0,1,0,1
50240,0,10,Phone,1,16,CC,Female,3,3,Mobile,5,Divorced,7,0,20,1,1,3,134.52,3,1,20,0
50241,0,19,Computer,1,13,Credit Card,Female,1,3,Laptop & Accessory,3,Divorced,3,0,14,0,1,0,152.58,0,1,38,0
50242,1,4,Computer,3,10,E wallet,Male,2,3,Laptop & Accessory,4,Single,2,0,18,7,7,7,193.55,7,7,32,0
50243,0,23,Mobile Phone,1,16,Cash on Delivery,Male,3,4,Fashion,2,Single,7,0,15,0,1,3,204.96,3,1,46,0
50244,1,3,Mobile Phone,3,28,E wallet,Male,3,4,Laptop & Accessory,3,Divorced,3,1,12,1,1,0,163.8,0,1,6,1
50245,0,4,Phone,1,14,Debit Card,Male,2,4,Mobile,4,Single,1,1,16,1,2,2,126.57,2,2,12,3
50246,1,0,Phone,3,18,Debit Card,Female,3,2,Mobile,4,Single,2,0,15,0,1,0,127.16,0,1,0,0
50247,0,9,Phone,1,29,Debit Card,Male,2,3,Mobile,2,Single,10,0,16,1,1,2,122.01,2,1,18,0
50248,0,8,Mobile Phone,1,15,Debit Card,Male,3,4,Laptop & Accessory,4,Single,10,0,19,1,1,0,165.4,0,1,16,0
50249,0,0,Phone,1,6,Credit Card,Male,2,3,Mobile Phone,4,Married,2,0,11,0,1,4,138.16,4,1,0,0
50250,0,1,Mobile Phone,3,15,Debit Card,Male,3,3,Laptop & Accessory,2,Single,2,0,16,1,1,7,152.53,7,1,2,0
50251,0,22,Phone,1,13,UPI,Male,2,4,Fashion,3,Single,9,0,24,1,1,0,145.0,0,1,44,0
50252,0,24,Phone,3,20,Debit Card,Female,2,3,Laptop & Accessory,2,Divorced,5,0,11,0,1,7,149.36,7,1,48,0
50253,0,9,Phone,1,14,Debit Card,Female,3,3,Mobile,3,Divorced,5,0,13,1,2,2,125.43,2,2,27,0
50254,1,0,Computer,3,25,E wallet,Male,3,2,Laptop & Accessory,2,Single,9,1,13,1,1,4,153.04,4,1,0,5
50255,0,28,Mobile Phone,1,8,Debit Card,Female,3,3,Grocery,2,Single,3,1,13,1,1,2,266.59,2,1,56,3
50256,0,0,Phone,3,16,E wallet,Female,3,3,Laptop & Accessory,3,Married,2,1,12,0,1,3,142.6,3,1,0,4
50257,0,3,Phone,3,14,COD,Male,3,3,Mobile,4,Divorced,2,0,18,1,1,0,124.76,0,1,6,0
50258,1,0,Computer,1,9,COD,Male,3,3,Mobile,5,Single,1,0,22,0,1,4,131.02,4,1,0,0
50259,0,9,Phone,1,17,CC,Female,2,3,Mobile,4,Divorced,2,0,13,1,1,2,122.44,2,1,18,0
50260,0,9,Mobile Phone,3,8,Credit Card,Male,3,4,Fashion,3,Divorced,2,0,13,9,9,0,175.96,0,9,90,0
50261,1,9,Computer,1,10,COD,Male,2,3,Mobile,2,Single,19,1,23,1,1,0,122.85,0,1,18,1
50262,0,10,Phone,1,20,Debit Card,Female,3,3,Mobile,5,Married,2,0,12,3,12,17,130.34,17,12,130,0
50263,0,13,Mobile Phone,3,8,E wallet,Female,2,3,Laptop & Accessory,4,Married,8,0,12,0,1,3,157.15,3,1,26,0
50264,0,15,Phone,1,14,Debit Card,Female,3,3,Mobile,5,Married,4,0,16,1,1,2,125.76,2,1,30,0
50265,0,10,Phone,1,16,Debit Card,Male,2,3,Laptop & Accessory,4,Single,3,1,12,0,1,1,141.97,1,1,20,2
50266,0,16,Mobile Phone,1,18,Debit Card,Male,2,4,Grocery,4,Married,2,0,11,0,2,9,243.36,9,2,48,0
50267,0,13,Phone,1,8,CC,Female,3,4,Laptop & Accessory,3,Divorced,7,0,22,1,1,0,134.48,0,1,26,0
50268,0,27,Mobile Phone,1,11,Credit Card,Male,2,3,Others,5,Divorced,5,0,15,1,1,2,294.06,2,1,54,0
50269,0,7,Computer,3,10,E wallet,Female,3,3,Laptop & Accessory,3,Divorced,10,0,15,1,1,2,165.38,2,1,14,0
50270,0,4,Phone,1,13,Credit Card,Female,2,3,Laptop & Accessory,5,Divorced,2,0,12,3,3,12,143.06,12,3,16,0
50271,0,9,Computer,1,27,CC,Male,3,3,Mobile,2,Divorced,8,0,20,0,1,2,122.58,2,1,18,0
50272,0,16,Phone,1,14,UPI,Female,3,3,Laptop & Accessory,3,Married,5,1,14,0,1,2,145.22,2,1,32,3
50273,0,0,Phone,3,10,Debit Card,Female,2,4,Laptop & Accessory,2,Single,2,1,11,0,1,3,144.87,3,1,0,4
50274,0,10,Computer,1,31,Credit Card,Female,3,3,Laptop & Accessory,3,Divorced,4,1,15,3,10,7,144.49,7,10,110,8
50275,0,9,Phone,1,6,Debit Card,Male,3,4,Mobile,5,Divorced,2,0,12,0,3,2,122.18,2,3,36,0
50276,0,12,Computer,1,6,Debit Card,Male,2,3,Others,3,Married,2,1,14,0,1,6,291.97,6,1,24,7
50277,0,29,Computer,3,12,Debit Card,Female,2,2,Grocery,5,Divorced,10,0,11,2,2,7,232.12,7,2,87,0
50278,0,3,Mobile Phone,3,18,COD,Female,2,3,Laptop & Accessory,3,Single,1,0,11,3,4,4,165.77,4,4,15,0
50279,0,14,Mobile Phone,3,6,E wallet,Male,2,2,Fashion,5,Divorced,2,0,16,1,1,7,183.92,7,1,28,0
50280,0,1,Phone,1,23,Credit Card,Male,3,3,Laptop & Accessory,5,Married,2,0,12,0,1,8,145.58,8,1,2,0
50281,1,0,Phone,1,9,Credit Card,Male,3,3,Mobile Phone,5,Divorced,6,0,13,1,1,2,140.31,2,1,0,0
50282,0,25,Mobile Phone,1,9,Credit Card,Male,2,4,Fashion,3,Divorced,3,1,14,0,1,4,179.69,4,1,50,5
50283,0,18,Phone,1,14,Debit Card,Male,3,3,Mobile,2,Divorced,4,0,21,1,1,2,126.54,2,1,36,0
50284,0,25,Mobile Phone,1,10,Debit Card,Female,1,3,Grocery,2,Divorced,3,0,13,1,1,4,265.55,4,1,50,0
50285,0,15,Computer,1,35,Debit Card,Female,3,3,Laptop & Accessory,3,Married,3,0,11,1,1,2,145.56,2,1,30,0
50286,0,3,Mobile Phone,1,8,Debit Card,Female,2,5,Laptop & Accessory,2,Single,3,0,20,0,1,2,160.91,2,1,6,0
50287,0,30,Mobile Phone,1,13,Debit Card,Female,2,3,Others,5,Divorced,6,0,15,0,11,10,295.66,10,11,360,0
50288,0,19,Phone,1,24,Credit Card,Female,2,3,Laptop & Accessory,3,Married,3,0,14,0,1,8,148.1,8,1,38,0
50289,0,15,Computer,1,34,COD,Female,2,4,Laptop & Accessory,2,Divorced,1,0,11,0,1,4,145.23,4,1,30,0
50290,1,0,Phone,3,6,COD,Female,3,3,Mobile,4,Single,2,1,16,1,1,4,132.02,4,1,0,5
50291,1,0,Computer,3,14,E wallet,Female,2,5,Mobile,3,Married,1,0,16,1,1,0,123.51,0,1,0,0
50292,0,9,Computer,1,8,Debit Card,Male,2,3,Mobile Phone,2,Divorced,2,1,23,1,1,0,117.02,0,1,18,1
50293,0,13,Mobile Phone,3,8,Debit Card,Female,3,3,Others,3,Divorced,1,0,14,1,1,12,280.41,12,1,26,0
50294,0,0,Phone,1,29,Debit Card,Female,3,3,Mobile,2,Married,2,0,22,1,1,2,128.86,2,1,0,0
50295,0,9,Computer,1,9,Debit Card,Male,2,3,Mobile,2,Divorced,5,0,15,0,1,4,120.97,4,1,18,0
50296,0,2,Mobile Phone,1,9,Credit Card,Male,3,4,Fashion,3,Divorced,2,0,18,1,1,3,219.35,3,1,4,0
50297,1,0,Phone,1,14,COD,Female,3,4,Mobile,4,Divorced,6,0,16,0,1,1,125.46,1,1,0,0
50298,1,0,Phone,2,14,COD,Male,2,4,Mobile,2,Single,2,0,12,1,1,0,125.64,0,1,0,0
50299,0,3,Computer,3,28,UPI,Female,3,3,Fashion,5,Divorced,1,0,11,2,7,8,184.12,8,7,24,0
50300,0,30,Mobile Phone,3,35,E wallet,Male,2,4,Grocery,2,Married,4,0,12,0,2,0,241.18,0,2,90,0
50301,0,23,Mobile Phone,1,35,Debit Card,Male,2,4,Grocery,3,Divorced,1,0,15,1,15,7,270.46,7,15,368,0
50302,0,3,Computer,1,14,CC,Female,2,3,Mobile,2,Single,1,0,14,5,6,7,125.64,7,6,21,0
50303,0,30,Computer,3,34,E wallet,Female,3,4,Fashion,5,Divorced,5,0,19,13,13,11,202.66,11,13,420,0
50304,0,20,Mobile Phone,1,8,Credit Card,Female,3,3,Laptop & Accessory,2,Married,6,0,13,0,1,4,150.7,4,1,40,0
50305,0,19,Mobile Phone,1,8,Debit Card,Male,2,3,Grocery,3,Divorced,7,0,13,1,1,1,278.61,1,1,38,0
50306,0,8,Phone,1,28,Debit Card,Male,2,5,Mobile Phone,3,Single,1,0,15,2,4,3,142.3,3,4,40,0
50307,0,27,Phone,1,14,Debit Card,Female,2,3,Laptop & Accessory,3,Single,8,0,11,1,1,0,137.8,0,1,54,0
50308,0,7,Phone,1,8,Debit Card,Male,3,4,Mobile,3,Married,4,0,12,5,5,7,127.68,7,5,42,0
50309,0,19,Mobile Phone,3,16,E wallet,Female,3,4,Fashion,2,Divorced,3,1,19,1,1,2,190.71,2,1,38,3
50310,0,4,Mobile Phone,1,15,Debit Card,Male,2,3,Fashion,4,Married,2,0,25,1,1,8,206.48,8,1,8,0
50311,1,0,Mobile Phone,1,21,Credit Card,Male,2,3,Fashion,3,Divorced,8,1,12,0,2,7,236.1,7,2,0,8
50312,1,0,Phone,1,16,CC,Male,2,5,Mobile,2,Married,8,0,13,0,1,3,134.08,3,1,0,0
50313,0,3,Phone,3,13,E wallet,Male,3,3,Mobile,4,Single,1,0,14,1,1,2,129.83,2,1,6,0
50314,0,8,Mobile Phone,1,22,Debit Card,Male,3,3,Fashion,3,Divorced,5,1,12,0,1,0,176.32,0,1,16,1
50315,1,0,Computer,1,26,Debit Card,Male,3,3,Fashion,3,Divorced,4,0,12,1,1,0,198.24,0,1,0,0
50316,1,0,Computer,2,29,UPI,Female,2,3,Fashion,5,Married,10,1,15,1,1,2,199.5,2,1,0,3
50317,0,9,Computer,1,11,UPI,Male,3,3,Mobile,3,Divorced,5,0,17,2,2,0,120.93,0,2,27,0
50318,0,9,Computer,3,16,Credit Card,Male,2,3,Fashion,2,Single,2,0,14,1,9,7,199.8,7,9,90,0
50319,1,0,Computer,1,10,COD,Male,2,4,Mobile Phone,3,Single,6,0,16,1,1,2,138.94,2,1,0,0
50320,0,21,Phone,3,8,E wallet,Female,2,3,Laptop & Accessory,2,Divorced,3,0,14,4,6,7,140.51,7,6,147,0
50321,0,28,Mobile Phone,3,24,Debit Card,Female,2,3,Grocery,4,Single,4,0,23,1,7,7,268.35,7,7,224,0
50322,0,14,Computer,3,16,Debit Card,Male,2,3,Laptop & Accessory,2,Single,8,0,14,0,1,10,162.3,10,1,28,0
50323,0,8,Phone,3,6,E wallet,Male,2,3,Laptop & Accessory,3,Divorced,10,0,11,3,6,9,147.17,9,6,56,0
50324,0,13,Mobile Phone,1,12,Debit Card,Female,3,3,Grocery,3,Single,8,0,15,4,2,13,232.37,13,2,39,0
50325,0,12,Computer,1,14,Debit Card,Female,2,3,Mobile Phone,3,Divorced,2,0,11,0,1,7,137.55,7,1,24,0
50326,0,4,Mobile Phone,3,8,Debit Card,Male,3,3,Laptop & Accessory,2,Single,5,1,13,1,1,5,165.82,5,1,8,6
50327,0,15,Mobile Phone,1,30,Credit Card,Male,2,3,Fashion,5,Divorced,2,1,21,4,5,8,174.06,8,5,90,9
50328,0,18,Phone,3,8,UPI,Male,3,3,Laptop & Accessory,4,Divorced,1,0,19,3,3,7,148.05,7,3,72,0
50329,1,0,Computer,2,23,Debit Card,Female,3,3,Mobile,3,Married,1,1,11,0,1,0,127.41,0,1,0,1
50330,0,2,Phone,1,25,COD,Male,2,3,Laptop & Accessory,2,Married,5,0,12,0,1,2,142.62,2,1,4,0
50331,0,6,Mobile Phone,1,6,Credit Card,Female,3,2,Grocery,3,Married,5,0,19,1,1,5,261.84,5,1,12,0
50332,0,0,Mobile Phone,3,13,Debit Card,Male,2,4,Fashion,2,Married,10,0,21,1,1,3,215.57,3,1,0,0
50333,1,9,Computer,3,11,E wallet,Male,3,3,Mobile Phone,4,Single,2,1,14,1,1,0,118.78,0,1,18,1
50334,0,13,Computer,3,34,UPI,Male,2,5,Fashion,5,Married,4,0,15,1,1,3,209.32,3,1,26,0
50335,0,14,Computer,1,8,UPI,Female,3,4,Laptop & Accessory,3,Single,3,1,17,0,1,7,168.11,7,1,28,8
50336,0,0,Phone,3,35,Credit Card,Male,2,3,Laptop & Accessory,3,Married,6,0,12,1,1,0,143.06,0,1,0,0
50337,0,8,Phone,3,6,Credit Card,Female,3,3,Laptop & Accessory,3,Single,2,0,16,0,1,3,148.59,3,1,16,0
50338,0,7,Mobile Phone,3,27,Debit Card,Male,3,2,Laptop & Accessory,2,Single,2,0,12,5,5,7,153.37,7,5,42,0
50339,1,0,Phone,1,14,COD,Male,3,5,Mobile,2,Single,2,1,18,1,1,0,123.4,0,1,0,1
50340,0,10,Mobile Phone,1,6,COD,Female,2,3,Fashion,2,Single,5,0,17,1,1,2,174.91,2,1,20,0
50341,0,19,Computer,1,24,Credit Card,Female,2,3,Fashion,3,Divorced,6,0,11,1,1,2,205.27,2,1,38,0
50342,0,14,Mobile Phone,3,8,Debit Card,Female,3,3,Grocery,5,Divorced,8,0,16,1,11,8,265.95,8,11,168,0
50343,0,10,Computer,3,15,Credit Card,Male,3,3,Fashion,4,Married,2,0,13,6,7,7,188.34,7,7,80,0
50344,0,25,Mobile Phone,1,12,COD,Male,3,3,Laptop & Accessory,5,Married,4,1,12,2,6,9,155.77,9,6,175,10
50345,1,0,Computer,3,17,UPI,Male,2,2,Laptop & Accessory,3,Divorced,9,0,12,1,1,2,147.07,2,1,0,0
50346,0,0,Computer,3,14,CC,Male,2,3,Mobile,2,Divorced,1,0,13,0,2,1,124.0,1,2,0,0
50347,0,11,Mobile Phone,1,16,Credit Card,Female,3,3,Laptop & Accessory,3,Divorced,4,0,19,1,1,0,198.24,0,1,22,0
50348,0,10,Mobile Phone,1,6,Debit Card,Female,3,3,Laptop & Accessory,4,Divorced,7,0,12,3,4,3,164.47,3,4,50,0
50349,0,22,Mobile Phone,1,24,Debit Card,Male,2,4,Others,3,Married,2,1,15,0,1,9,295.02,9,1,44,10
50350,0,0,Phone,1,29,CC,Male,3,2,Mobile,2,Divorced,2,1,11,0,1,4,127.25,4,1,0,5
50351,0,0,Mobile Phone,3,34,E wallet,Male,3,3,Laptop & Accessory,4,Divorced,2,0,20,1,1,4,162.72,4,1,0,0
50352,0,9,Phone,1,23,UPI,Male,3,4,Mobile,4,Divorced,2,0,21,1,1,0,121.27,0,1,18,0
50353,0,23,Computer,2,9,Credit Card,Male,2,3,Others,4,Divorced,2,0,11,1,10,7,282.0,7,10,253,0
50354,0,9,Phone,3,19,CC,Male,2,3,Mobile,3,Divorced,2,0,11,1,1,6,120.96,6,1,18,0
50355,1,0,Computer,1,13,Debit Card,Female,3,3,Mobile,3,Divorced,2,1,16,0,1,2,128.86,2,1,0,3
50356,1,9,Computer,3,18,Debit Card,Male,3,4,Mobile,5,Divorced,2,0,18,1,1,0,120.33,0,1,18,0
50357,0,7,Phone,1,6,Debit Card,Male,2,4,Mobile Phone,2,Divorced,2,1,13,0,1,3,136.22,3,1,14,4
50358,1,0,Phone,3,19,Credit Card,Male,2,3,Laptop & Accessory,5,Married,3,0,17,0,1,2,142.33,2,1,0,0
50359,0,8,Phone,1,31,UPI,Male,2,4,Laptop & Accessory,2,Single,5,0,14,0,1,2,136.81,2,1,16,0
50360,0,4,Mobile Phone,3,12,Credit Card,Male,3,2,Laptop & Accessory,2,Married,5,0,22,3,5,7,154.6,7,5,24,0
50361,0,9,Phone,1,12,CC,Female,3,4,Mobile,3,Married,1,0,12,1,1,3,121.87,3,1,18,0
50362,0,10,Mobile Phone,3,8,E wallet,Male,3,3,Laptop & Accessory,3,Divorced,5,1,11,0,1,0,196.02,0,1,20,1
50363,0,0,Phone,1,6,Debit Card,Female,3,4,Mobile,4,Single,2,0,13,1,1,0,128.36,0,1,0,0
50364,0,15,Phone,1,8,Debit Card,Female,2,3,Laptop & Accessory,2,Divorced,2,0,13,2,2,2,140.89,2,2,45,0
50365,0,16,Mobile Phone,1,12,UPI,Male,2,4,Grocery,2,Married,5,1,14,1,1,0,266.27,0,1,32,1
50366,0,11,Phone,1,14,Debit Card,Female,2,3,Mobile,5,Single,4,0,17,1,1,0,126.19,0,1,22,0
50367,0,16,Computer,1,15,Credit Card,Male,3,3,Laptop & Accessory,3,Married,4,1,13,2,4,7,156.79,7,4,80,8
50368,0,21,Mobile Phone,1,6,Debit Card,Female,2,4,Grocery,5,Divorced,8,0,11,0,2,2,254.02,2,2,63,0
50369,0,17,Mobile Phone,2,6,Debit Card,Female,2,4,Laptop & Accessory,3,Single,5,0,11,1,1,2,159.85,2,1,34,0
50370,0,7,Phone,3,14,COD,Female,2,3,Mobile,3,Married,2,1,18,1,1,6,125.79,6,1,14,7
50371,1,0,Phone,3,8,E wallet,Male,3,3,Mobile,5,Married,1,0,11,0,1,2,130.41,2,1,0,0
50372,0,0,Phone,3,28,COD,Male,2,3,Mobile,3,Single,2,0,11,1,1,2,134.47,2,1,0,0
50373,0,17,Mobile Phone,1,9,UPI,Male,2,3,Others,2,Divorced,5,1,15,1,1,1,295.13,1,1,34,2
50374,0,0,Phone,1,12,CC,Male,3,3,Mobile,3,Divorced,1,0,20,2,2,2,127.73,2,2,0,0
50375,0,6,Mobile Phone,3,14,E wallet,Male,2,3,Laptop & Accessory,3,Married,1,0,12,1,1,2,171.04,2,1,12,0
50376,0,5,Mobile Phone,1,15,Debit Card,Female,3,3,Laptop & Accessory,2,Divorced,2,1,12,1,1,5,163.22,5,1,10,6
50377,0,9,Computer,1,9,CC,Female,3,3,Mobile,3,Married,2,0,20,1,1,0,120.83,0,1,18,0
50378,0,26,Mobile Phone,3,6,Credit Card,Female,2,3,Laptop & Accessory,5,Single,8,0,20,6,8,10,183.81,10,8,234,0
50379,0,7,Phone,1,6,Debit Card,Male,3,3,Mobile,2,Divorced,2,0,12,6,8,8,126.91,8,8,63,0
50380,1,8,Computer,3,32,Debit Card,Female,3,3,Laptop & Accessory,5,Divorced,3,0,14,0,1,0,142.86,0,1,16,0
50381,0,0,Phone,1,12,Debit Card,Female,3,3,Mobile,2,Divorced,2,1,13,0,1,2,126.59,2,1,0,3
50382,0,10,Mobile Phone,1,9,UPI,Male,2,3,Fashion,3,Divorced,2,0,15,6,7,8,194.34,8,7,80,0
50383,0,2,Mobile Phone,3,9,Credit Card,Female,3,3,Laptop & Accessory,3,Divorced,2,0,14,0,1,2,155.61,2,1,4,0
50384,0,8,Mobile Phone,1,12,Debit Card,Male,2,5,Laptop & Accessory,2,Single,2,0,13,11,11,8,166.46,8,11,96,0
50385,0,6,Computer,1,12,Debit Card,Male,1,3,Laptop & Accessory,2,Married,4,0,23,4,4,7,177.25,7,4,30,0
50386,0,27,Mobile Phone,2,25,Credit Card,Male,2,3,Fashion,4,Divorced,3,0,15,3,7,1,207.25,1,7,216,0
50387,0,9,Mobile Phone,1,15,Credit Card,Male,2,4,Laptop & Accessory,4,Married,3,1,11,1,1,2,188.47,2,1,18,3
50388,0,9,Phone,1,9,CC,Male,2,4,Mobile,2,Single,1,0,13,0,1,1,120.45,1,1,18,0
50389,1,0,Mobile Phone,1,16,Credit Card,Male,2,3,Mobile Phone,3,Single,2,1,11,0,1,1,110.09,1,1,0,2
50390,1,0,Computer,1,9,Debit Card,Male,3,3,Mobile,5,Single,2,1,11,9,9,7,133.48,7,9,0,8
50391,0,9,Computer,1,9,Debit Card,Male,2,4,Mobile Phone,3,Divorced,2,0,18,1,1,0,112.81,0,1,18,0
50392,0,0,Phone,1,10,CC,Male,3,2,Mobile,5,Divorced,3,0,16,0,1,2,128.19,2,1,0,0
50393,0,0,Phone,3,14,Debit Card,Male,2,2,Laptop & Accessory,4,Divorced,1,0,22,0,1,2,148.51,2,1,0,0
50394,0,11,Phone,3,13,E wallet,Female,2,4,Laptop & Accessory,2,Single,1,0,20,1,1,5,140.28,5,1,22,0
50395,0,2,Computer,1,6,Debit Card,Male,3,5,Mobile,2,Married,2,0,18,2,2,8,127.2,8,2,6,0
50396,0,21,Mobile Phone,3,8,E wallet,Male,2,2,Laptop & Accessory,4,Divorced,4,0,12,2,2,2,181.2,2,2,63,0
50397,0,0,Computer,3,9,Credit Card,Female,3,2,Laptop & Accessory,2,Married,2,1,20,1,1,4,146.47,4,1,0,5
50398,0,10,Phone,1,16,Debit Card,Male,3,2,Mobile Phone,2,Single,4,0,17,1,1,0,146.8,0,1,20,0
50399,0,23,Phone,1,34,CC,Male,3,2,Mobile,3,Divorced,2,1,11,3,3,8,132.21,8,3,92,9
50400,0,7,Mobile Phone,1,15,Credit Card,Female,2,4,Fashion,4,Single,2,0,14,4,7,7,186.21,7,7,56,0
50401,1,0,Phone,3,9,Debit Card,Female,3,3,Laptop & Accessory,3,Single,10,0,14,1,2,0,145.77,0,2,0,0
50402,0,12,Phone,1,8,COD,Female,3,4,Laptop & Accessory,3,Single,2,0,11,2,11,10,145.53,10,11,144,0
50403,0,5,Mobile Phone,3,16,E wallet,Male,2,3,Laptop & Accessory,2,Single,2,0,12,0,1,8,153.96,8,1,10,0
50404,1,13,Computer,3,14,COD,Male,2,3,Laptop & Accessory,3,Divorced,4,1,14,1,1,3,167.96,3,1,26,4
50405,0,11,Mobile Phone,1,6,Debit Card,Female,2,2,Laptop & Accessory,2,Single,1,0,13,1,1,8,176.25,8,1,22,0
50406,0,0,Mobile Phone,1,6,Debit Card,Female,3,3,Fashion,5,Divorced,2,0,11,1,1,7,174.12,7,1,0,0
50407,0,5,Mobile Phone,1,9,Debit Card,Female,2,3,Fashion,2,Single,4,0,15,3,7,3,211.59,3,7,40,0
50408,0,20,Mobile Phone,3,20,E wallet,Male,2,3,Laptop & Accessory,5,Single,3,0,12,0,1,7,149.6,7,1,40,0
50409,0,13,Computer,3,11,Debit Card,Male,2,4,Fashion,5,Divorced,6,1,21,0,1,12,204.75,12,1,26,13
50410,0,26,Mobile Phone,1,13,Debit Card,Male,2,2,Grocery,3,Divorced,4,0,19,0,2,3,248.14,3,2,78,0
50411,0,14,Mobile Phone,2,16,UPI,Male,3,4,Others,2,Married,4,0,15,1,12,6,291.41,6,12,182,0
50412,0,30,Mobile Phone,3,22,E wallet,Male,2,3,Laptop & Accessory,5,Single,9,0,14,1,2,2,154.05,2,2,90,0
50413,0,0,Computer,1,16,Debit Card,Male,2,3,Fashion,5,Married,2,0,21,1,1,7,187.93,7,1,0,0
50414,0,14,Mobile Phone,2,6,UPI,Male,2,4,Others,3,Divorced,2,0,12,1,2,10,291.89,10,2,42,0
50415,0,23,Phone,3,14,E wallet,Male,2,3,Mobile Phone,4,Divorced,8,0,15,1,2,2,138.75,2,2,69,0
50416,1,9,Phone,1,6,Debit Card,Female,3,5,Mobile,4,Single,8,1,13,1,3,7,122.16,7,3,36,8
50417,0,9,Computer,1,14,Debit Card,Female,3,2,Fashion,5,Divorced,10,0,14,0,1,3,217.13,3,1,18,0
50418,0,11,Mobile Phone,1,6,Debit Card,Female,2,3,Fashion,3,Single,5,1,14,0,1,0,178.61,0,1,22,1
50419,0,17,Computer,1,30,Credit Card,Male,2,5,Mobile Phone,3,Single,3,0,14,0,1,4,137.08,4,1,34,0
50420,0,20,Computer,3,9,Credit Card,Female,2,3,Grocery,3,Married,10,1,12,7,2,13,237.7,13,2,60,14
50421,0,3,Mobile Phone,3,33,E wallet,Male,2,3,Laptop & Accessory,2,Married,8,0,23,4,7,7,153.04,7,7,24,0
50422,0,2,Phone,3,14,Debit Card,Male,2,3,Mobile,3,Single,2,0,11,0,1,0,126.42,0,1,4,0
50423,1,5,Computer,1,25,CC,Male,3,2,Mobile,3,Married,7,1,12,2,2,2,127.59,2,2,15,3
50424,0,16,Computer,3,21,Debit Card,Male,2,4,Laptop & Accessory,2,Divorced,4,0,18,0,2,2,168.04,2,2,48,0
50425,0,7,Mobile Phone,1,14,Credit Card,Female,3,3,Laptop & Accessory,3,Single,4,0,11,1,4,3,161.42,3,4,35,0
50426,0,0,Phone,1,14,CC,Male,2,3,Mobile,5,Divorced,2,0,14,0,1,2,125.0,2,1,0,0
50427,0,12,Mobile Phone,2,9,UPI,Female,2,2,Laptop & Accessory,4,Divorced,10,0,15,3,3,6,163.89,6,3,48,0
50428,0,29,Mobile Phone,1,15,Credit Card,Male,2,3,Grocery,2,Divorced,8,0,11,0,1,3,211.03,3,1,58,0
50429,0,13,Phone,1,14,CC,Female,2,4,Mobile,2,Single,1,1,20,2,2,3,123.42,3,2,39,4
50430,0,0,Mobile Phone,1,13,Credit Card,Female,2,4,Laptop & Accessory,5,Single,9,0,19,1,1,7,168.11,7,1,0,0
50431,0,9,Phone,3,16,E wallet,Male,2,3,Mobile,4,Married,2,0,14,0,2,2,122.97,2,2,27,0
50432,0,26,Phone,1,14,Debit Card,Male,2,3,Laptop & Accessory,2,Single,3,0,17,1,2,2,124.5,2,2,78,0
50433,0,8,Computer,1,8,Debit Card,Female,3,3,Laptop & Accessory,5,Married,3,0,11,0,1,0,150.93,0,1,16,0
50434,0,5,Computer,1,30,Debit Card,Male,3,3,Laptop & Accessory,2,Divorced,2,0,15,2,4,7,153.09,7,4,25,0
50435,0,11,Phone,1,8,CC,Male,3,3,Mobile,3,Divorced,7,1,13,0,1,1,130.57,1,1,22,2
50436,0,7,Mobile Phone,1,14,Debit Card,Female,2,3,Laptop & Accessory,5,Married,4,0,14,1,1,0,151.21,0,1,14,0
50437,0,25,Mobile Phone,3,9,E wallet,Male,2,4,Grocery,5,Divorced,2,0,11,1,1,16,268.56,16,1,50,0
50438,1,0,Phone,1,6,UPI,Male,3,3,Mobile,2,Single,2,1,13,5,7,8,126.86,8,7,0,9
50439,0,0,Mobile Phone,3,32,Credit Card,Female,2,3,Laptop & Accessory,2,Single,2,0,23,0,1,4,161.8,4,1,0,0
50440,0,18,Mobile Phone,3,8,COD,Male,2,5,Laptop & Accessory,3,Single,1,0,13,0,3,1,166.32,1,3,72,0
50441,0,0,Phone,1,16,Credit Card,Male,3,2,Mobile,3,Single,2,0,18,1,1,2,135.05,2,1,0,0
50442,1,10,Computer,3,33,Debit Card,Female,3,1,Laptop & Accessory,3,Single,5,1,12,1,1,3,163.97,3,1,20,4
50443,0,7,Mobile Phone,3,8,UPI,Male,2,3,Laptop & Accessory,2,Single,2,0,22,0,1,4,162.74,4,1,14,0
50444,1,18,Mobile Phone,1,8,Credit Card,Male,3,3,Others,5,Divorced,6,1,15,1,1,4,298.59,4,1,36,5
50445,0,9,Computer,3,14,Debit Card,Male,3,4,Fashion,5,Single,2,0,15,0,1,9,175.87,9,1,18,0
50446,0,25,Computer,1,25,Credit Card,Male,2,3,Mobile Phone,2,Divorced,1,0,18,1,1,2,142.58,2,1,50,0
50447,0,0,Computer,1,6,Debit Card,Female,3,5,Mobile Phone,2,Married,4,0,14,2,2,0,143.64,0,2,0,0
50448,0,2,Phone,1,33,Credit Card,Female,3,3,Laptop & Accessory,3,Divorced,5,0,12,1,1,1,143.35,1,1,4,0
50449,1,0,Mobile Phone,3,14,COD,Male,2,4,Laptop & Accessory,5,Single,7,0,17,1,1,2,153.26,2,1,0,0
50450,0,7,Phone,1,6,Debit Card,Female,3,1,Mobile,2,Single,3,0,16,0,1,3,132.8,3,1,14,0
50451,0,27,Mobile Phone,1,25,Credit Card,Female,3,3,Laptop & Accessory,5,Married,10,1,11,0,1,4,154.85,4,1,54,5
50452,0,2,Computer,3,5,E wallet,Male,2,3,Laptop & Accessory,2,Divorced,1,0,19,0,1,1,143.42,1,1,4,0
50453,0,10,Phone,1,16,Debit Card,Female,3,3,Mobile,5,Married,1,1,13,3,4,3,127.82,3,4,50,4
50454,0,11,Computer,1,8,Debit Card,Female,3,1,Laptop & Accessory,5,Single,7,1,12,4,4,12,159.8,12,4,55,13
50455,0,7,Phone,1,8,Credit Card,Female,2,4,Mobile Phone,5,Single,2,0,11,1,1,3,143.81,3,1,14,0
50456,0,8,Phone,3,14,Debit Card,Female,3,3,Mobile,2,Divorced,2,0,16,0,1,2,125.72,2,1,16,0
50457,0,3,Phone,1,6,Debit Card,Male,2,5,Mobile Phone,3,Divorced,4,0,21,1,1,2,138.33,2,1,6,0
50458,0,13,Computer,1,8,Credit Card,Female,2,1,Laptop & Accessory,4,Divorced,2,0,24,0,3,7,142.44,7,3,52,0
50459,0,7,Mobile Phone,3,14,Debit Card,Female,3,3,Laptop & Accessory,5,Divorced,6,0,17,1,1,2,165.0,2,1,14,0
50460,0,15,Computer,1,14,Debit Card,Male,3,3,Others,2,Married,2,0,13,1,14,9,284.3,9,14,225,0
50461,1,9,Mobile Phone,1,12,Debit Card,Male,3,1,Mobile Phone,5,Divorced,2,1,21,1,1,0,116.01,0,1,18,1
50462,0,0,Computer,1,15,Debit Card,Male,3,4,Mobile,4,Married,2,0,11,1,1,0,126.94,0,1,0,0
50463,0,25,Phone,1,17,Debit Card,Female,3,3,Laptop & Accessory,3,Divorced,9,0,20,1,1,4,131.49,4,1,50,0
50464,0,23,Mobile Phone,1,8,Credit Card,Male,3,3,Grocery,3,Divorced,6,0,16,1,1,3,276.39,3,1,46,0
50465,1,0,Phone,1,14,Debit Card,Female,2,4,Mobile,5,Divorced,2,1,11,0,1,0,123.19,0,1,0,1
50466,0,6,Mobile Phone,1,13,Credit Card,Male,2,3,Fashion,3,Divorced,1,0,11,0,3,3,216.91,3,3,24,0
50467,1,0,Mobile Phone,3,22,E wallet,Female,3,3,Laptop & Accessory,5,Single,6,0,15,1,1,2,153.24,2,1,0,0
50468,0,20,Mobile Phone,1,8,UPI,Female,2,3,Grocery,2,Divorced,2,1,11,1,3,0,267.52,0,3,80,1
50469,0,9,Mobile Phone,1,6,UPI,Female,2,3,Laptop & Accessory,4,Divorced,1,0,15,0,1,5,152.28,5,1,18,0
50470,0,2,Phone,1,29,Debit Card,Male,3,1,Mobile,3,Divorced,2,0,24,1,1,7,127.0,7,1,4,0
50471,1,20,Mobile Phone,1,8,Debit Card,Male,2,3,Others,4,Single,8,1,15,5,13,8,292.46,8,13,280,9
50472,0,8,Phone,1,14,Debit Card,Female,2,1,Mobile,3,Single,4,0,13,0,2,2,125.06,2,2,24,0
50473,0,15,Mobile Phone,1,6,Debit Card,Female,2,4,Laptop & Accessory,2,Divorced,10,1,13,0,1,2,160.62,2,1,30,3
50474,1,0,Phone,1,8,Credit Card,Male,2,3,Mobile Phone,3,Single,7,0,17,0,2,1,143.82,1,2,0,0
50475,0,9,Phone,2,19,UPI,Male,2,3,Mobile,4,Divorced,4,0,13,1,1,4,121.43,4,1,18,0
50476,0,5,Mobile Phone,1,10,Debit Card,Female,3,4,Laptop & Accessory,3,Divorced,2,0,12,1,6,8,161.62,8,6,35,0
50477,0,13,Computer,1,22,Credit Card,Male,2,4,Laptop & Accessory,3,Single,7,0,14,1,1,0,150.94,0,1,26,0
50478,0,3,Mobile Phone,1,8,Credit Card,Female,2,4,Laptop & Accessory,2,Single,6,1,24,1,1,0,168.77,0,1,6,1
50479,0,9,Phone,1,8,Debit Card,Female,3,4,Mobile,3,Single,2,0,14,1,1,0,122.74,0,1,18,0
50480,0,15,Phone,1,35,Debit Card,Male,3,3,Laptop & Accessory,4,Divorced,2,0,13,2,7,8,144.34,8,7,120,0
50481,0,11,Computer,1,18,Debit Card,Male,2,4,Laptop & Accessory,5,Married,3,0,15,1,1,2,162.88,2,1,22,0
50482,0,7,Computer,1,14,Debit Card,Female,3,4,Mobile,2,Single,2,0,16,1,1,3,125.53,3,1,14,0
50483,1,12,Mobile Phone,3,17,E wallet,Female,2,3,Fashion,2,Divorced,2,0,18,0,7,7,176.54,7,7,96,0
50484,1,18,Mobile Phone,3,8,Credit Card,Male,2,3,Laptop & Accessory,2,Single,5,0,16,0,7,3,151.6,3,7,144,0
50485,0,16,Mobile Phone,1,20,Debit Card,Male,3,3,Grocery,5,Divorced,7,0,24,1,1,0,271.59,0,1,32,0
50486,0,0,Mobile Phone,1,11,Cash on Delivery,Male,2,4,Fashion,2,Married,2,1,16,0,1,3,228.08,3,1,0,4
50487,0,8,Mobile Phone,1,13,UPI,Male,2,3,Fashion,3,Single,4,0,21,0,1,6,202.21,6,1,16,0
50488,0,1,Phone,3,8,E wallet,Female,2,3,Laptop & Accessory,4,Divorced,2,1,20,7,7,5,147.79,5,7,8,6
50489,0,7,Phone,2,9,UPI,Male,2,3,Mobile Phone,2,Divorced,1,0,19,1,1,2,137.37,2,1,14,0
50490,1,0,Computer,1,14,CC,Female,2,4,Mobile,3,Divorced,2,1,14,0,1,7,123.66,7,1,0,8
50491,0,9,Computer,1,9,Credit Card,Male,2,3,Mobile Phone,2,Divorced,2,0,11,1,1,0,117.06,0,1,18,0
50492,0,24,Mobile Phone,3,32,E wallet,Female,3,3,Grocery,3,Divorced,3,0,14,1,4,17,263.07,17,4,120,0
50493,0,17,Mobile Phone,1,10,Credit Card,Male,2,3,Laptop & Accessory,4,Single,10,0,12,1,2,3,159.33,3,2,51,0
50494,0,0,Phone,1,8,CC,Male,3,1,Mobile,5,Single,8,0,13,1,1,1,134.24,1,1,0,0
50495,0,6,Phone,3,6,Credit Card,Male,2,1,Laptop & Accessory,5,Married,2,0,22,0,1,8,140.37,8,1,12,0
50496,0,8,Phone,1,14,CC,Female,2,4,Mobile,5,Single,2,0,11,1,1,1,125.59,1,1,16,0
50497,0,9,Mobile Phone,3,6,Debit Card,Male,2,3,Laptop & Accessory,2,Divorced,2,1,14,2,4,11,162.01,11,4,45,12
50498,0,5,Phone,3,19,Debit Card,Male,3,3,Laptop & Accessory,2,Married,3,0,11,0,1,3,144.03,3,1,10,0
50499,0,3,Computer,1,11,Debit Card,Male,3,4,Mobile Phone,2,Married,10,0,12,0,1,3,137.61,3,1,6,0
50500,0,26,Mobile Phone,3,13,E wallet,Female,3,4,Fashion,2,Divorced,8,1,18,0,1,3,209.34,3,1,52,4
50501,0,18,Mobile Phone,3,15,E wallet,Male,3,3,Fashion,5,Married,5,1,12,1,1,2,207.61,2,1,36,3
50502,0,5,Mobile Phone,1,14,Credit Card,Female,3,1,Laptop & Accessory,3,Divorced,6,0,12,1,1,3,151.75,3,1,10,0
50503,0,25,Computer,1,31,Credit Card,Female,2,4,Grocery,2,Divorced,4,0,22,0,2,0,238.26,0,2,75,0
50504,0,10,Mobile Phone,3,22,E wallet,Male,3,4,Laptop & Accessory,3,Married,5,0,19,1,1,0,163.34,0,1,20,0
50505,0,1,Phone,2,14,Credit Card,Male,3,4,Mobile Phone,2,Married,2,0,13,0,1,4,149.36,4,1,2,0
50506,0,0,Phone,1,6,Debit Card,Male,2,4,Laptop & Accessory,2,Divorced,7,0,22,2,2,2,147.75,2,2,0,0
50507,0,17,Phone,1,14,Debit Card,Male,3,1,Mobile,2,Divorced,3,1,24,1,1,2,128.18,2,1,34,3
50508,0,15,Computer,1,14,CC,Male,2,3,Mobile,2,Single,6,1,14,0,2,2,125.15,2,2,45,3
50509,0,9,Phone,2,14,Debit Card,Male,3,4,Mobile,5,Divorced,1,0,21,1,1,3,123.42,3,1,18,0
50510,0,0,Phone,3,9,UPI,Male,3,3,Laptop & Accessory,5,Divorced,2,1,18,1,1,3,141.94,3,1,0,4
50511,0,8,Mobile Phone,1,15,Debit Card,Female,3,4,Fashion,3,Divorced,2,1,20,2,5,15,206.85,15,5,48,16
50512,1,9,Computer,1,31,Debit Card,Female,3,3,Mobile,4,Married,2,1,19,0,7,8,120.22,8,7,72,9
50513,0,5,Computer,1,6,Debit Card,Male,3,3,Mobile,2,Married,1,0,12,0,1,2,123.14,2,1,10,0
50514,0,0,Phone,3,10,E wallet,Male,2,4,Laptop & Accessory,5,Divorced,2,0,12,1,1,3,142.56,3,1,0,0
50515,0,22,Phone,1,6,COD,Female,2,3,Mobile Phone,5,Divorced,3,0,16,1,1,2,135.8,2,1,44,0
50516,0,0,Computer,1,10,Debit Card,Male,3,4,Mobile,2,Divorced,1,0,17,0,3,4,131.62,4,3,0,0
50517,0,5,Computer,3,11,Debit Card,Male,2,3,Laptop & Accessory,4,Divorced,2,0,14,2,5,3,165.24,3,5,30,0
50518,0,11,Phone,3,15,E wallet,Male,3,4,Mobile,4,Divorced,1,0,19,0,1,2,128.99,2,1,22,0
50519,0,15,Mobile Phone,1,9,Debit Card,Female,3,1,Laptop & Accessory,2,Divorced,3,1,13,0,1,3,152.31,3,1,30,4
50520,0,4,Phone,1,14,Debit Card,Male,2,3,Mobile,2,Divorced,4,1,19,1,1,2,123.56,2,1,8,3
50521,1,0,Phone,3,6,CC,Female,3,4,Mobile,3,Married,7,1,19,0,1,2,128.0,2,1,0,3
50522,0,26,Mobile Phone,3,14,E wallet,Male,3,3,Grocery,2,Divorced,6,0,14,0,2,3,218.36,3,2,78,0
50523,0,8,Mobile Phone,1,31,Cash on Delivery,Male,3,4,Fashion,4,Divorced,4,0,16,3,4,8,209.03,8,4,40,0
50524,0,10,Computer,3,27,CC,Female,3,3,Mobile,2,Divorced,6,0,15,1,1,0,129.73,0,1,20,0
50525,0,26,Mobile Phone,1,29,Debit Card,Female,3,3,Grocery,2,Single,7,0,18,2,2,8,242.75,8,2,78,0
50526,0,16,Computer,1,6,Debit Card,Female,2,3,Laptop & Accessory,2,Divorced,5,0,13,1,2,2,155.62,2,2,48,0
50527,0,20,Phone,3,8,E wallet,Female,2,3,Laptop & Accessory,2,Divorced,1,1,22,5,7,7,145.37,7,7,160,8
50528,0,10,Computer,3,25,Credit Card,Male,2,3,Fashion,4,Single,2,1,13,0,1,9,176.42,9,1,20,10
50529,0,23,Computer,1,8,Debit Card,Male,3,3,Grocery,5,Married,2,0,11,1,14,7,279.24,7,14,345,0
50530,0,12,Mobile Phone,2,8,Debit Card,Female,2,4,Laptop & Accessory,2,Divorced,9,0,11,0,1,4,152.04,4,1,24,0
50531,0,9,Phone,2,9,UPI,Male,2,3,Mobile,4,Married,4,1,11,0,1,3,122.77,3,1,18,4
50532,1,0,Phone,1,31,Debit Card,Male,3,3,Mobile,2,Single,2,1,24,1,1,1,127.95,1,1,0,2
50533,0,2,Phone,1,14,CC,Female,3,4,Mobile,2,Married,7,0,14,1,1,3,125.32,3,1,4,0
50534,0,17,Phone,1,14,Debit Card,Male,3,3,Mobile,5,Divorced,2,1,13,2,7,1,125.59,1,7,136,2
50535,0,1,Phone,3,11,Credit Card,Male,3,3,Laptop & Accessory,2,Single,2,0,14,1,1,2,149.08,2,1,2,0
50536,1,20,Computer,1,14,Debit Card,Male,2,4,Mobile,2,Married,10,1,14,0,1,0,123.8,0,1,40,1
50537,0,16,Phone,1,14,Debit Card,Female,2,3,Laptop & Accessory,4,Married,5,0,21,1,1,0,147.65,0,1,32,0
50538,1,9,Phone,3,8,CC,Female,2,4,Mobile,3,Single,2,0,13,0,1,2,120.44,2,1,18,0
50539,1,0,Phone,1,24,UPI,Female,3,3,Mobile,2,Single,2,0,19,1,1,0,126.93,0,1,0,0
50540,0,9,Mobile Phone,1,20,Debit Card,Male,3,3,Laptop & Accessory,2,Divorced,1,1,17,4,4,11,165.86,11,4,45,12
50541,0,20,Phone,3,8,Debit Card,Female,3,4,Mobile,2,Single,2,1,18,1,1,2,132.94,2,1,40,3
50542,1,0,Phone,1,9,Debit Card,Female,2,3,Laptop & Accessory,3,Divorced,1,1,19,1,1,2,141.71,2,1,0,3
50543,1,4,Phone,1,8,Debit Card,Female,3,5,Mobile,2,Married,5,1,13,0,1,0,127.78,0,1,8,1
50544,0,1,Phone,1,14,CC,Female,3,3,Mobile,3,Married,6,0,18,2,2,2,123.77,2,2,3,0
50545,1,2,Phone,1,14,CC,Male,3,3,Mobile,5,Divorced,8,1,21,1,2,2,124.04,2,2,6,3
50546,0,0,Phone,1,14,Debit Card,Female,3,3,Mobile,3,Single,2,0,19,1,1,0,123.18,0,1,0,0
50547,0,9,Mobile Phone,1,16,Debit Card,Male,2,3,Mobile,4,Married,2,0,14,1,1,0,120.08,0,1,18,0
50548,0,15,Mobile Phone,3,20,Credit Card,Female,3,4,Laptop & Accessory,3,Single,8,0,17,0,1,3,162.44,3,1,30,0
50549,0,6,Phone,1,6,UPI,Male,3,4,Mobile,5,Single,4,1,11,0,1,2,127.99,2,1,12,3
50550,0,30,Mobile Phone,1,11,Cash on Delivery,Female,2,4,Fashion,4,Married,3,1,13,1,1,4,205.52,4,1,60,5
50551,0,4,Phone,3,14,Debit Card,Male,2,4,Mobile,3,Divorced,4,0,15,3,5,2,123.29,2,5,24,0
50552,0,8,Phone,1,27,Debit Card,Female,2,3,Laptop & Accessory,2,Divorced,2,1,25,0,1,7,140.14,7,1,16,8
50553,0,22,Mobile Phone,1,14,UPI,Female,2,3,Fashion,4,Divorced,5,0,11,0,1,7,174.03,7,1,44,0
50554,0,9,Phone,1,26,CC,Male,2,3,Mobile,3,Divorced,5,0,17,0,1,0,122.59,0,1,18,0
50555,0,4,Computer,3,26,E wallet,Female,2,3,Laptop & Accessory,3,Divorced,2,0,13,1,1,0,169.32,0,1,8,0
50556,0,9,Phone,1,13,UPI,Male,3,3,Mobile Phone,2,Single,3,0,18,0,1,1,146.78,1,1,18,0
50557,0,11,Mobile Phone,1,6,Cash on Delivery,Female,3,3,Fashion,5,Divorced,2,0,13,3,2,11,235.82,11,2,33,0
50558,0,5,Computer,1,14,Debit Card,Female,3,4,Mobile,4,Divorced,7,0,20,1,1,2,123.32,2,1,10,0
50559,1,0,Phone,3,14,E wallet,Male,2,4,Mobile,4,Divorced,2,1,18,0,1,0,124.13,0,1,0,1
50560,0,13,Mobile Phone,3,16,E wallet,Male,3,4,Fashion,4,Married,3,0,12,1,1,0,197.05,0,1,26,0
50561,0,0,Computer,3,6,Credit Card,Male,2,4,Laptop & Accessory,5,Single,2,0,12,1,1,7,142.94,7,1,0,0
50562,0,14,Phone,1,12,Credit Card,Male,2,3,Mobile Phone,5,Single,3,1,13,1,2,17,147.21,17,2,42,18
50563,0,9,Phone,1,14,CC,Male,3,3,Mobile,3,Single,5,0,21,2,3,9,125.19,9,3,36,0
50564,1,9,Phone,3,27,UPI,Male,2,4,Mobile,4,Single,2,1,13,0,1,0,121.21,0,1,18,1
50565,1,0,Phone,1,10,COD,Male,3,3,Mobile,5,Single,2,0,19,1,1,0,129.73,0,1,0,0
50566,0,4,Mobile Phone,1,18,Credit Card,Female,2,3,Laptop & Accessory,2,Divorced,1,1,11,0,8,5,158.55,5,8,36,6
50567,0,13,Computer,1,15,Credit Card,Male,2,3,Mobile Phone,4,Married,9,1,14,0,1,0,136.17,0,1,26,1
50568,0,5,Mobile Phone,1,9,Credit Card,Female,3,3,Laptop & Accessory,5,Divorced,2,0,12,6,6,3,167.25,3,6,35,0
50569,1,0,Mobile Phone,3,9,Debit Card,Male,2,4,Fashion,2,Divorced,2,1,11,3,3,7,203.25,7,3,0,8
50570,0,6,Mobile Phone,1,6,Debit Card,Female,2,4,Laptop & Accessory,2,Single,1,0,14,0,1,4,169.49,4,1,12,0
50571,1,0,Mobile Phone,3,6,Debit Card,Male,2,4,Fashion,3,Divorced,6,0,11,1,11,7,206.09,7,11,0,0
50572,0,18,Computer,1,10,Debit Card,Male,2,3,Laptop & Accessory,4,Divorced,2,0,12,1,1,8,144.47,8,1,36,0
50573,0,9,Computer,3,26,Cash on Delivery,Female,2,3,Mobile,2,Divorced,2,0,15,0,1,2,121.57,2,1,18,0
50574,0,8,Phone,3,24,Credit Card,Female,2,3,Laptop & Accessory,3,Divorced,2,0,16,1,1,0,146.01,0,1,16,0
50575,0,25,Mobile Phone,1,6,Debit Card,Male,3,3,Grocery,2,Divorced,3,0,15,1,7,8,270.99,8,7,200,0
50576,1,20,Phone,1,14,COD,Male,2,3,Mobile,3,Single,5,0,24,1,1,0,124.79,0,1,40,0
50577,0,26,Mobile Phone,3,8,Credit Card,Male,2,3,Grocery,3,Married,7,0,13,2,2,2,248.52,2,2,78,0
50578,0,3,Mobile Phone,3,14,UPI,Male,3,3,Fashion,3,Married,6,0,11,4,7,7,172.64,7,7,24,0
50579,0,11,Computer,3,16,COD,Female,2,3,Laptop & Accessory,2,Single,2,1,13,0,1,3,156.66,3,1,22,4
50580,0,8,Mobile Phone,3,9,Debit Card,Male,3,3,Fashion,2,Married,7,0,13,0,1,8,178.23,8,1,16,0
50581,0,12,Mobile Phone,3,8,Debit Card,Male,2,1,Fashion,3,Single,1,0,18,1,1,7,178.8,7,1,24,0
50582,1,3,Computer,3,30,Debit Card,Female,3,1,Grocery,4,Single,5,1,16,1,2,0,231.94,0,2,9,1
50583,0,20,Computer,1,22,Credit Card,Male,3,1,Laptop & Accessory,3,Married,2,1,19,0,2,7,150.67,7,2,60,8
50584,0,9,Computer,3,14,COD,Male,2,3,Laptop & Accessory,2,Married,5,0,13,1,1,7,150.79,7,1,18,0
50585,1,0,Computer,1,14,CC,Male,2,4,Mobile,5,Single,1,1,22,1,1,2,123.21,2,1,0,3
50586,0,6,Computer,3,23,Debit Card,Male,2,3,Grocery,3,Single,2,0,11,1,6,0,274.44,0,6,42,0
50587,1,0,Phone,1,14,Debit Card,Female,3,4,Mobile,5,Single,7,1,20,1,1,0,124.04,0,1,0,1
50588,0,6,Phone,1,19,Debit Card,Female,2,3,Mobile,2,Single,4,0,18,1,1,2,134.52,2,1,12,0
50589,0,9,Phone,1,6,CC,Female,3,3,Mobile,2,Married,4,0,14,0,1,2,122.7,2,1,18,0
50590,0,23,Mobile Phone,1,6,Credit Card,Male,3,3,Grocery,2,Married,10,0,22,1,1,3,273.99,3,1,46,0
50591,0,6,Computer,1,6,UPI,Female,2,1,Laptop & Accessory,4,Divorced,2,1,13,0,1,2,154.88,2,1,12,3
50592,0,14,Computer,1,15,Credit Card,Male,3,3,Others,3,Married,3,0,15,1,1,11,294.19,11,1,28,0
50593,0,0,Phone,1,22,COD,Female,3,3,Mobile,4,Divorced,10,0,14,2,2,2,128.11,2,2,0,0
50594,0,18,Computer,1,29,Debit Card,Male,2,3,Laptop & Accessory,5,Divorced,2,1,15,1,1,8,136.33,8,1,36,9
50595,0,20,Phone,3,10,Debit Card,Female,2,3,Laptop & Accessory,2,Single,2,1,17,1,1,7,141.63,7,1,40,8
50596,1,9,Phone,1,28,Debit Card,Female,2,3,Mobile,3,Divorced,5,1,11,0,1,1,121.32,1,1,18,2
50597,0,23,Mobile Phone,1,30,Debit Card,Male,3,3,Grocery,3,Divorced,4,1,18,0,2,5,239.73,5,2,69,6
50598,0,11,Computer,1,16,CC,Male,3,3,Mobile,3,Divorced,1,0,17,0,1,2,126.84,2,1,22,0
50599,0,19,Mobile Phone,1,13,Credit Card,Male,3,3,Fashion,3,Married,7,0,13,0,1,7,208.45,7,1,38,0
50600,0,0,Phone,1,23,Credit Card,Female,2,4,Laptop & Accessory,3,Married,2,0,15,2,3,2,143.77,2,3,0,0
50601,1,0,Phone,1,20,UPI,Male,2,4,Mobile Phone,4,Married,2,1,24,1,1,2,137.43,2,1,0,3
50602,0,4,Computer,1,6,Debit Card,Female,3,3,Laptop & Accessory,5,Divorced,2,0,12,1,1,3,141.48,3,1,8,0
50603,0,0,Computer,1,11,Debit Card,Male,3,3,Mobile Phone,2,Single,2,0,15,1,1,0,110.51,0,1,0,0
50604,0,27,Mobile Phone,1,23,Cash on Delivery,Female,2,3,Fashion,3,Divorced,9,0,11,1,1,8,207.39,8,1,54,0
50605,0,8,Mobile Phone,1,31,Credit Card,Female,2,3,Fashion,3,Married,2,1,11,2,10,1,203.88,1,10,88,2
50606,0,3,Mobile Phone,1,14,Debit Card,Female,3,1,Fashion,5,Divorced,1,1,12,0,1,3,214.16,3,1,6,4
50607,1,0,Phone,1,14,CC,Female,3,4,Mobile,5,Single,2,1,15,0,1,0,126.0,0,1,0,1
50608,1,0,Computer,1,14,CC,Female,2,3,Mobile,4,Single,1,0,17,0,1,2,124.22,2,1,0,0
50609,0,0,Mobile Phone,1,8,Credit Card,Male,2,1,Laptop & Accessory,2,Divorced,2,0,12,1,1,3,154.72,3,1,0,0
50610,0,0,Phone,1,14,Debit Card,Male,3,5,Mobile,5,Divorced,2,0,15,1,1,1,124.51,1,1,0,0
50611,0,21,Phone,1,12,Debit Card,Male,3,4,Laptop & Accessory,3,Single,3,0,13,0,2,2,142.4,2,2,63,0
50612,0,21,Mobile Phone,1,10,Debit Card,Male,3,4,Fashion,3,Single,8,0,14,1,4,3,209.99,3,4,105,0
50613,0,14,Mobile Phone,1,13,Credit Card,Female,2,3,Laptop & Accessory,3,Single,7,0,14,1,2,1,150.03,1,2,42,0
50614,0,12,Mobile Phone,1,6,Debit Card,Female,3,4,Grocery,2,Divorced,2,0,16,0,11,3,227.42,3,11,144,0
50615,0,0,Phone,1,8,Debit Card,Female,2,3,Laptop & Accessory,2,Divorced,1,0,18,0,2,2,142.27,2,2,0,0
50616,0,8,Phone,1,16,UPI,Male,2,3,Mobile Phone,2,Married,2,0,20,1,1,2,139.17,2,1,16,0
50617,0,15,Mobile Phone,3,11,E wallet,Male,2,3,Others,3,Divorced,7,0,13,1,1,0,283.03,0,1,30,0
50618,0,23,Phone,1,14,Debit Card,Male,3,3,Mobile,2,Divorced,5,0,18,1,1,0,123.8,0,1,46,0
50619,0,30,Mobile Phone,1,8,Debit Card,Female,3,4,Grocery,2,Single,4,1,13,0,2,3,237.26,3,2,90,4
50620,1,0,Phone,1,17,Credit Card,Female,3,5,Laptop & Accessory,4,Divorced,6,0,15,1,1,0,147.77,0,1,0,0
50621,0,28,Computer,1,24,Credit Card,Male,3,3,Laptop & Accessory,4,Divorced,4,1,14,6,6,7,163.85,7,6,196,8
50622,0,14,Computer,1,13,Debit Card,Female,2,5,Others,3,Married,2,0,15,1,5,10,299.73,10,5,84,0
50623,0,11,Mobile Phone,3,9,Debit Card,Male,2,3,Laptop & Accessory,2,Single,9,1,12,1,1,0,168.61,0,1,22,1
50624,1,0,Computer,3,35,Credit Card,Male,3,5,Laptop & Accessory,5,Single,9,0,18,0,2,2,149.69,2,2,0,0
50625,1,15,Mobile Phone,3,8,E wallet,Female,2,5,Others,2,Divorced,2,0,15,5,6,9,298.45,9,6,105,0
50626,0,17,Mobile Phone,3,34,Credit Card,Female,2,1,Grocery,2,Divorced,4,1,18,1,2,11,233.2,11,2,51,12
50627,0,23,Computer,3,6,Debit Card,Female,3,3,Laptop & Accessory,3,Divorced,1,0,12,1,1,13,163.47,13,1,46,0
50628,1,0,Phone,1,22,Debit Card,Female,3,1,Mobile,5,Single,2,0,16,15,15,14,127.43,14,15,0,0
50629,0,12,Computer,1,28,Credit Card,Female,2,3,Fashion,5,Single,2,1,13,1,2,8,208.8,8,2,36,9
50630,0,6,Computer,3,14,Debit Card,Female,2,4,Mobile,2,Single,1,0,19,2,2,2,123.42,2,2,18,0
50631,0,18,Mobile Phone,3,17,Debit Card,Female,2,3,Grocery,2,Divorced,4,0,13,1,1,1,276.5,1,1,36,0
50632,0,5,Computer,1,35,Credit Card,Female,3,3,Mobile Phone,3,Single,10,0,12,5,7,7,140.25,7,7,40,0
50633,0,7,Mobile Phone,3,6,E wallet,Male,3,1,Laptop & Accessory,2,Married,1,0,11,1,1,9,197.25,9,1,14,0
50634,0,30,Mobile Phone,3,6,Cash on Delivery,Male,3,3,Fashion,2,Divorced,4,1,14,0,1,3,219.04,3,1,60,4
50635,0,9,Phone,2,30,CC,Male,2,3,Mobile,4,Single,2,0,16,0,1,4,121.77,4,1,18,0
50636,0,26,Computer,3,8,E wallet,Female,2,4,Fashion,4,Divorced,3,0,12,0,6,12,175.25,12,6,182,0
50637,1,0,Phone,1,21,UPI,Male,2,3,Laptop & Accessory,3,Married,8,0,14,0,1,0,148.34,0,1,0,0
50638,1,9,Computer,1,8,Debit Card,Male,2,3,Mobile,5,Divorced,7,1,14,1,1,2,120.42,2,1,18,3
50639,0,9,Phone,3,16,Debit Card,Female,2,3,Mobile,3,Divorced,2,1,19,0,1,0,122.2,0,1,18,1
50640,0,1,Mobile Phone,3,16,Credit Card,Male,3,3,Mobile Phone,4,Divorced,2,0,22,1,1,0,110.52,0,1,2,0
50641,0,11,Computer,1,9,UPI,Male,3,3,Mobile,3,Divorced,4,0,16,2,2,2,128.21,2,2,33,0
50642,0,23,Mobile Phone,1,8,Credit Card,Male,3,3,Others,3,Divorced,3,1,15,7,7,7,292.37,7,7,184,8
50643,0,10,Phone,1,9,UPI,Female,2,3,Laptop & Accessory,4,Single,4,0,15,1,1,1,141.07,1,1,20,0
50644,0,13,Mobile Phone,3,32,E wallet,Male,3,3,Laptop & Accessory,5,Divorced,2,0,14,5,7,5,183.96,5,7,104,0
50645,0,9,Computer,1,6,CC,Female,3,4,Mobile,3,Married,2,0,13,1,1,3,120.07,3,1,18,0
50646,0,19,Mobile Phone,1,6,Credit Card,Male,2,3,Others,2,Married,10,0,15,1,2,2,296.27,2,2,57,0
50647,0,27,Mobile Phone,3,8,Debit Card,Female,2,4,Fashion,3,Divorced,7,0,11,6,7,0,206.86,0,7,216,0
50648,0,29,Computer,1,15,CC,Female,3,3,Mobile,3,Divorced,3,0,19,0,1,3,129.42,3,1,58,0
50649,0,9,Mobile Phone,1,18,Credit Card,Female,2,4,Fashion,2,Single,1,0,11,5,7,8,188.58,8,7,72,0
50650,0,28,Computer,1,8,Credit Card,Male,2,4,Grocery,5,Single,8,0,15,1,6,2,267.56,2,6,196,0
50651,0,16,Mobile Phone,3,31,Credit Card,Male,3,4,Fashion,2,Married,6,0,13,1,2,0,234.0,0,2,48,0
50652,1,0,Computer,3,14,E wallet,Female,2,3,Mobile,2,Single,2,1,14,0,1,2,123.23,2,1,0,3
50653,1,9,Mobile Phone,1,16,Debit Card,Female,2,4,Mobile Phone,5,Single,2,0,13,1,1,0,114.16,0,1,18,0
50654,0,19,Phone,1,14,Debit Card,Female,3,4,Laptop & Accessory,5,Married,9,1,23,1,1,7,146.15,7,1,38,8
50655,1,14,Phone,1,14,Debit Card,Male,2,3,Mobile,3,Divorced,10,1,12,1,2,7,124.61,7,2,42,8
50656,1,0,Computer,1,30,COD,Male,3,4,Fashion,5,Single,2,0,12,0,1,9,187.22,9,1,0,0
50657,0,0,Phone,1,6,Credit Card,Male,2,4,Mobile Phone,5,Divorced,2,0,16,0,1,3,139.55,3,1,0,0
50658,0,3,Mobile Phone,1,26,UPI,Male,2,3,Laptop & Accessory,5,Divorced,1,0,15,1,1,2,199.57,2,1,6,0
50659,0,14,Phone,1,13,COD,Female,2,1,Mobile,3,Divorced,2,0,13,1,1,8,133.76,8,1,28,0
50660,0,11,Mobile Phone,1,23,Debit Card,Female,3,4,Fashion,3,Divorced,1,0,18,0,1,9,188.23,9,1,22,0
50661,0,13,Mobile Phone,1,26,Cash on Delivery,Male,3,3,Fashion,2,Divorced,5,0,20,4,11,1,203.22,1,11,156,0
50662,0,0,Computer,1,14,Debit Card,Male,2,5,Mobile Phone,3,Divorced,2,0,19,1,1,2,146.21,2,1,0,0
50663,0,28,Computer,1,8,Debit Card,Male,3,3,Fashion,4,Divorced,4,0,18,1,1,3,209.76,3,1,56,0
50664,0,1,Phone,1,16,UPI,Female,2,3,Laptop & Accessory,3,Single,4,0,13,1,1,7,136.6,7,1,2,0
50665,1,7,Mobile Phone,2,6,Credit Card,Male,3,4,Fashion,5,Divorced,10,0,14,2,3,6,204.82,6,3,28,0
50666,0,6,Mobile Phone,1,11,Debit Card,Male,2,4,Fashion,2,Married,5,0,15,0,1,2,171.19,2,1,12,0
50667,1,0,Mobile Phone,3,10,Cash on Delivery,Male,2,3,Fashion,5,Single,1,1,22,3,4,7,195.82,7,4,0,8
50668,1,0,Computer,1,35,Credit Card,Female,2,4,Laptop & Accessory,3,Single,2,0,22,3,3,8,145.08,8,3,0,0
50669,0,9,Phone,1,21,Debit Card,Male,2,3,Mobile,3,Married,2,0,16,2,2,2,122.07,2,2,27,0
50670,0,7,Computer,1,9,Debit Card,Male,2,3,Laptop & Accessory,2,Single,1,0,17,1,1,4,177.56,4,1,14,0
50671,0,10,Mobile Phone,3,16,Debit Card,Female,2,4,Laptop & Accessory,2,Married,3,1,14,0,1,0,166.94,0,1,20,1
50672,1,0,Phone,1,10,COD,Male,2,3,Mobile Phone,2,Divorced,2,1,15,5,5,6,136.91,6,5,0,7
50673,1,0,Phone,1,14,CC,Male,2,3,Mobile,3,Married,2,0,20,1,1,0,123.77,0,1,0,0
50674,1,9,Phone,1,31,CC,Male,2,4,Mobile,4,Single,5,1,20,0,2,2,123.13,2,2,27,3
50675,0,15,Mobile Phone,1,8,Credit Card,Male,2,3,Grocery,5,Divorced,1,0,17,1,13,7,276.65,7,13,210,0
50676,1,0,Computer,1,14,CC,Male,2,4,Mobile,4,Married,2,0,15,0,1,0,125.96,0,1,0,0
50677,1,13,Computer,3,6,UPI,Male,2,3,Laptop & Accessory,3,Single,4,1,14,0,1,0,147.28,0,1,26,1
50678,0,6,Computer,3,13,Debit Card,Female,1,3,Laptop & Accessory,4,Divorced,1,0,17,1,1,2,143.02,2,1,12,0
50679,0,7,Computer,1,9,Debit Card,Male,3,4,Mobile,2,Divorced,4,0,17,1,1,0,129.79,0,1,14,0
50680,0,21,Computer,1,6,Credit Card,Male,2,1,Grocery,2,Single,3,0,22,1,2,1,268.85,1,2,63,0
50681,0,18,Computer,3,15,Debit Card,Female,3,4,Laptop & Accessory,3,Divorced,2,0,13,0,4,12,155.93,12,4,90,0
50682,0,25,Mobile Phone,1,13,Debit Card,Male,2,3,Fashion,4,Single,8,0,19,3,4,0,204.45,0,4,125,0
50683,0,11,Mobile Phone,3,16,E wallet,Male,3,4,Fashion,3,Married,1,1,14,2,2,7,187.4,7,2,33,8
50684,0,2,Phone,1,14,Debit Card,Female,3,3,Mobile,2,Married,5,0,22,0,1,7,125.14,7,1,4,0
50685,0,1,Mobile Phone,1,9,Credit Card,Female,3,3,Fashion,4,Married,1,0,17,0,1,7,176.55,7,1,2,0
50686,0,19,Mobile Phone,3,9,E wallet,Male,2,3,Grocery,3,Divorced,4,0,12,1,4,9,274.65,9,4,95,0
50687,0,11,Mobile Phone,3,8,E wallet,Male,2,3,Fashion,4,Single,8,0,16,1,1,0,173.51,0,1,22,0
50688,0,16,Computer,1,33,Debit Card,Female,2,3,Fashion,5,Divorced,9,0,11,0,1,1,208.2,1,1,32,0
50689,1,2,Computer,1,8,Debit Card,Male,2,3,Grocery,2,Married,8,0,11,7,11,3,221.69,3,11,24,0
50690,0,13,Mobile Phone,1,20,Credit Card,Male,2,4,Others,3,Single,2,0,15,4,4,9,296.26,9,4,65,0
50691,0,9,Phone,1,6,Cash on Delivery,Female,3,4,Mobile,4,Single,2,1,11,0,2,2,120.7,2,2,27,3
50692,0,12,Computer,1,15,Debit Card,Male,3,3,Laptop & Accessory,4,Single,21,0,15,1,1,3,167.82,3,1,24,0
50693,0,9,Computer,1,24,Debit Card,Male,3,3,Laptop & Accessory,2,Single,3,0,20,1,1,9,177.79,9,1,18,0
50694,0,4,Computer,3,26,Debit Card,Male,3,1,Mobile,2,Divorced,1,0,12,1,2,2,127.91,2,2,12,0
50695,0,1,Phone,1,8,Debit Card,Male,3,4,Mobile,4,Divorced,1,0,17,0,1,4,132.01,4,1,2,0
50696,0,8,Computer,3,17,E wallet,Male,2,3,Laptop & Accessory,2,Married,2,0,11,0,1,2,149.68,2,1,16,0
50697,0,22,Mobile Phone,3,14,Cash on Delivery,Male,2,4,Grocery,4,Divorced,7,0,17,1,2,3,231.2,3,2,66,0
50698,0,7,Computer,1,8,Debit Card,Male,3,3,Laptop & Accessory,3,Single,3,0,11,1,1,2,140.33,2,1,14,0
50699,0,2,Computer,1,16,Debit Card,Female,3,3,Mobile,4,Married,1,0,14,1,1,1,132.91,1,1,4,0
50700,0,15,Phone,1,35,Credit Card,Male,2,5,Laptop & Accessory,2,Single,5,0,19,1,1,0,142.72,0,1,30,0
50701,0,2,Mobile Phone,1,14,Credit Card,Male,3,4,Laptop & Accessory,2,Divorced,2,1,13,0,1,2,150.56,2,1,4,3
50702,0,11,Phone,2,6,UPI,Male,3,1,Mobile,3,Divorced,2,0,13,1,5,0,128.44,0,5,66,0
50703,0,4,Computer,1,12,Debit Card,Male,3,4,Mobile,3,Married,2,1,14,1,1,2,127.03,2,1,8,3
50704,1,9,Computer,1,14,CC,Male,3,3,Mobile Phone,3,Single,2,0,12,0,1,0,119.04,0,1,18,0
50705,1,0,Mobile Phone,3,15,E wallet,Female,3,3,Laptop & Accessory,5,Single,1,1,17,0,1,3,182.24,3,1,0,4
50706,0,14,Phone,1,18,Debit Card,Male,2,3,Mobile Phone,2,Divorced,4,1,11,1,1,0,147.66,0,1,28,1
50707,1,0,Computer,1,14,CC,Male,3,3,Mobile,3,Divorced,2,0,12,2,2,2,126.1,2,2,0,0
50708,0,10,Mobile Phone,1,31,Credit Card,Female,2,4,Laptop & Accessory,2,Married,8,0,13,0,1,3,157.31,3,1,20,0
50709,0,0,Phone,1,14,Debit Card,Male,2,4,Mobile,3,Divorced,2,0,13,2,2,2,125.39,2,2,0,0
50710,0,7,Mobile Phone,3,15,Debit Card,Female,3,3,Laptop & Accessory,3,Divorced,2,0,20,1,1,3,157.14,3,1,14,0
50711,0,8,Phone,2,14,COD,Male,3,3,Mobile Phone,3,Single,2,0,17,0,1,4,143.23,4,1,16,0
50712,1,0,Mobile Phone,3,29,Debit Card,Female,2,4,Fashion,5,Divorced,2,0,13,0,3,10,173.36,10,3,0,0
50713,0,13,Computer,1,15,Credit Card,Female,2,3,Fashion,3,Single,10,0,17,0,2,13,234.99,13,2,39,0
50714,1,5,Computer,3,18,Debit Card,Male,2,3,Grocery,5,Single,1,1,12,7,2,14,237.58,14,2,15,15
50715,0,15,Mobile Phone,3,10,E wallet,Male,2,3,Laptop & Accessory,5,Single,8,0,13,1,1,5,151.55,5,1,30,0
50716,0,9,Phone,1,6,CC,Male,2,4,Mobile,3,Divorced,7,0,12,1,1,7,122.58,7,1,18,0
50717,0,0,Phone,1,30,Credit Card,Male,2,3,Mobile Phone,4,Single,9,0,22,1,1,2,135.97,2,1,0,0
50718,1,0,Phone,1,14,Debit Card,Female,3,3,Mobile,2,Divorced,2,1,11,1,1,0,125.15,0,1,0,1
50719,0,0,Phone,1,9,Credit Card,Male,2,1,Mobile Phone,2,Divorced,2,0,22,1,1,7,144.2,7,1,0,0
50720,0,3,Mobile Phone,3,16,E wallet,Male,3,4,Laptop & Accessory,3,Divorced,2,0,18,1,1,4,165.78,4,1,6,0
50721,0,13,Computer,1,32,Credit Card,Female,3,4,Laptop & Accessory,2,Divorced,4,1,13,1,1,0,144.22,0,1,26,1
50722,0,8,Mobile Phone,1,8,Debit Card,Male,2,4,Fashion,4,Married,3,0,18,6,6,4,202.74,4,6,56,0
50723,0,7,Computer,1,6,Credit Card,Male,3,4,Laptop & Accessory,5,Single,1,0,20,1,4,9,153.43,9,4,35,0
50724,0,8,Computer,1,14,UPI,Male,2,4,Mobile,2,Divorced,2,0,13,2,2,2,123.76,2,2,24,0
50725,1,6,Mobile Phone,3,15,E wallet,Female,2,5,Laptop & Accessory,3,Single,9,0,13,1,1,3,153.46,3,1,12,0
50726,0,5,Computer,3,8,Debit Card,Female,3,3,Mobile,5,Married,2,0,12,0,1,0,128.27,0,1,10,0
50727,0,29,Mobile Phone,1,10,Cash on Delivery,Female,3,3,Others,5,Married,5,0,15,0,4,2,299.43,2,4,145,0
50728,0,2,Phone,1,12,CC,Female,3,3,Mobile,2,Divorced,2,0,13,0,1,8,131.31,8,1,4,0
50729,0,0,Phone,1,14,Debit Card,Male,2,3,Mobile,5,Single,2,0,25,0,1,0,125.52,0,1,0,0
50730,0,18,Phone,1,13,Credit Card,Female,2,3,Mobile Phone,3,Divorced,5,1,19,1,1,2,144.77,2,1,36,3
50731,0,10,Mobile Phone,1,6,Debit Card,Female,2,4,Laptop & Accessory,2,Divorced,2,0,13,3,3,11,164.74,11,3,40,0
50732,0,0,Phone,1,9,Debit Card,Male,3,4,Mobile,3,Single,2,0,12,0,1,2,130.33,2,1,0,0
50733,1,7,Phone,1,16,Debit Card,Male,3,3,Mobile,3,Single,2,1,11,1,1,2,129.36,2,1,14,3
50734,0,26,Mobile Phone,1,13,Credit Card,Female,2,3,Others,3,Married,4,0,18,1,4,7,286.06,7,4,130,0
50735,0,9,Phone,1,21,Debit Card,Female,3,5,Mobile,2,Divorced,1,1,18,1,1,3,121.68,3,1,18,4
50736,1,0,Computer,1,9,Debit Card,Male,3,4,Mobile,2,Divorced,1,1,11,0,1,0,128.53,0,1,0,1
50737,0,19,Mobile Phone,3,8,E wallet,Female,3,3,Grocery,5,Divorced,9,0,23,1,15,9,270.48,9,15,304,0
50738,0,9,Computer,1,23,Debit Card,Male,3,5,Mobile,3,Single,3,0,13,1,1,0,122.9,0,1,18,0
50739,0,6,Phone,2,8,UPI,Male,2,3,Mobile Phone,3,Divorced,2,0,13,0,1,4,136.0,4,1,12,0
50740,1,9,Computer,1,11,Debit Card,Male,3,4,Mobile,5,Married,7,0,17,1,1,0,121.07,0,1,18,0
50741,0,3,Phone,3,35,Debit Card,Male,3,3,Laptop & Accessory,5,Married,9,0,19,1,1,3,141.15,3,1,6,0
50742,0,13,Computer,3,8,Credit Card,Male,3,3,Laptop & Accessory,4,Divorced,6,0,12,1,1,0,143.27,0,1,26,0
50743,0,23,Computer,1,8,Credit Card,Female,1,3,Grocery,5,Divorced,3,0,22,1,2,2,278.56,2,2,69,0
50744,0,1,Phone,1,25,CC,Male,3,4,Mobile,5,Divorced,2,0,12,1,3,3,131.96,3,3,4,0
50745,0,19,Mobile Phone,1,21,Debit Card,Male,2,3,Others,4,Divorced,6,0,11,1,1,3,290.81,3,1,38,0
50746,0,8,Mobile Phone,3,23,Debit Card,Male,3,3,Laptop & Accessory,5,Divorced,4,1,15,1,1,7,189.66,7,1,16,8
50747,1,9,Phone,1,23,Debit Card,Female,3,3,Mobile,4,Divorced,2,0,13,0,1,0,122.1,0,1,18,0
50748,0,6,Computer,3,31,Credit Card,Female,2,3,Laptop & Accessory,3,Divorced,2,0,12,0,1,1,145.39,1,1,12,0
50749,0,9,Phone,1,12,Debit Card,Male,3,5,Mobile,3,Married,2,0,14,0,1,7,127.41,7,1,18,0
50750,0,3,Phone,1,13,Debit Card,Male,2,3,Laptop & Accessory,3,Married,2,0,13,8,8,9,134.91,9,8,27,0
50751,0,17,Phone,1,35,UPI,Male,2,3,Laptop & Accessory,2,Single,2,0,25,1,1,17,145.41,17,1,34,0
50752,0,0,Phone,3,27,E wallet,Male,3,1,Mobile,2,Single,2,0,17,0,2,2,126.78,2,2,0,0
50753,0,19,Mobile Phone,1,8,COD,Male,2,3,Laptop & Accessory,2,Married,3,0,11,1,1,4,173.79,4,1,38,0
50754,0,15,Computer,2,8,Credit Card,Male,3,1,Laptop & Accessory,5,Divorced,8,0,16,0,1,3,162.72,3,1,30,0
50755,0,30,Mobile Phone,3,13,E wallet,Male,2,1,Laptop & Accessory,2,Married,1,1,18,0,1,9,152.2,9,1,60,10
50756,0,5,Computer,1,19,UPI,Female,3,4,Mobile,4,Divorced,2,0,20,0,2,2,127.43,2,2,15,0
50757,0,5,Computer,1,8,Debit Card,Female,2,3,Laptop & Accessory,3,Single,5,1,14,1,1,7,149.98,7,1,10,8
50758,0,9,Mobile Phone,1,6,Cash on Delivery,Female,3,5,Fashion,5,Married,3,1,21,5,7,7,202.52,7,7,72,8
50759,0,6,Phone,1,15,CC,Male,3,3,Mobile,2,Divorced,1,0,13,1,4,10,127.81,10,4,30,0
50760,0,13,Mobile Phone,3,16,COD,Female,2,4,Laptop & Accessory,4,Married,8,0,12,1,1,3,168.52,3,1,26,0
50761,0,0,Phone,3,16,Debit Card,Male,2,3,Laptop & Accessory,2,Single,1,0,14,0,1,1,149.5,1,1,0,0
50762,0,3,Phone,1,6,Credit Card,Male,3,3,Mobile Phone,4,Divorced,1,1,21,1,5,7,135.79,7,5,18,8
50763,0,15,Computer,1,32,Credit Card,Female,2,3,Fashion,5,Divorced,4,1,17,0,2,0,231.91,0,2,45,1
50764,0,8,Computer,3,14,E wallet,Female,3,4,Fashion,2,Divorced,5,1,11,2,4,12,203.77,12,4,40,13
50765,0,9,Phone,1,20,Debit Card,Male,2,3,Mobile,5,Divorced,2,1,14,2,6,8,122.35,8,6,63,9
50766,0,27,Computer,1,6,Debit Card,Female,2,3,Fashion,3,Married,8,0,17,1,1,4,205.02,4,1,54,0
50767,0,9,Mobile Phone,1,8,Debit Card,Female,3,1,Mobile,2,Divorced,2,0,13,6,7,7,120.11,7,7,72,0
50768,1,9,Computer,1,16,CC,Female,3,4,Mobile Phone,4,Single,2,1,25,1,1,0,118.59,0,1,18,1
50769,0,2,Phone,1,6,Debit Card,Female,3,3,Mobile Phone,2,Married,2,0,15,0,1,2,137.6,2,1,4,0
50770,0,27,Mobile Phone,1,9,Debit Card,Male,2,3,Grocery,2,Divorced,4,0,14,1,1,9,277.79,9,1,54,0
50771,0,4,Mobile Phone,1,17,Credit Card,Male,3,3,Laptop & Accessory,5,Divorced,2,1,12,0,1,1,168.33,1,1,8,2
50772,0,4,Mobile Phone,1,30,Credit Card,Female,3,4,Laptop & Accessory,5,Single,2,0,19,0,1,8,168.12,8,1,8,0
50773,0,30,Mobile Phone,3,9,Debit Card,Female,2,4,Laptop & Accessory,2,Single,6,0,17,0,1,5,151.71,5,1,60,0
50774,0,16,Mobile Phone,1,9,Debit Card,Male,3,5,Others,2,Divorced,4,0,15,1,1,7,297.4,7,1,32,0
50775,0,22,Mobile Phone,1,10,Credit Card,Male,2,4,Others,3,Divorced,3,0,13,1,1,0,287.11,0,1,44,0
50776,0,9,Computer,1,9,COD,Male,2,3,Mobile Phone,4,Divorced,2,0,12,1,1,7,136.92,7,1,18,0
50777,0,21,Phone,1,14,COD,Male,3,1,Mobile,4,Single,6,0,11,0,1,0,125.59,0,1,42,0
50778,0,0,Phone,1,14,Debit Card,Male,3,3,Mobile,3,Married,2,0,11,1,1,3,125.17,3,1,0,0
50779,0,2,Mobile Phone,1,13,Debit Card,Male,2,3,Laptop & Accessory,2,Married,2,1,11,0,1,0,166.23,0,1,4,1
50780,0,21,Mobile Phone,1,6,Debit Card,Male,3,4,Others,2,Single,7,0,12,1,1,0,282.65,0,1,42,0
50781,0,2,Mobile Phone,1,6,Debit Card,Female,2,4,Grocery,2,Married,4,0,14,1,1,7,261.24,7,1,4,0
50782,0,7,Phone,1,14,COD,Female,2,1,Mobile,3,Divorced,1,0,17,1,1,0,125.85,0,1,14,0
50783,0,17,Mobile Phone,3,11,E wallet,Male,2,3,Others,4,Divorced,8,0,11,1,3,10,282.13,10,3,68,0
50784,0,6,Mobile Phone,3,16,E wallet,Male,2,1,Fashion,3,Married,1,1,14,1,1,8,183.8,8,1,12,9
50785,0,0,Phone,1,31,Debit Card,Female,3,1,Mobile,2,Single,2,1,12,1,1,1,129.94,1,1,0,2
50786,0,9,Mobile Phone,1,6,Debit Card,Male,2,3,Mobile Phone,3,Divorced,2,0,22,0,1,1,112.23,1,1,18,0
50787,1,0,Computer,3,30,Debit Card,Male,3,5,Mobile Phone,2,Single,2,1,14,1,1,0,111.18,0,1,0,1
50788,0,0,Phone,1,10,Debit Card,Male,3,3,Mobile,2,Single,2,1,20,0,2,2,128.75,2,2,0,3
50789,1,8,Mobile Phone,3,8,E wallet,Female,3,5,Others,4,Single,3,1,16,1,1,11,288.24,11,1,16,12
50790,0,28,Computer,1,14,Credit Card,Male,2,4,Grocery,4,Married,2,1,15,3,2,0,235.77,0,2,84,1
50791,1,0,Computer,1,14,Debit Card,Female,2,4,Mobile,3,Single,2,0,20,2,2,2,126.25,2,2,0,0
50792,0,19,Mobile Phone,3,10,E wallet,Female,2,4,Others,4,Divorced,3,0,14,1,1,8,287.89,8,1,38,0
50793,0,7,Phone,3,8,E wallet,Female,2,3,Laptop & Accessory,5,Single,1,1,12,1,1,2,145.38,2,1,14,3
50794,0,24,Computer,3,15,Debit Card,Male,2,3,Others,4,Married,5,1,15,2,11,10,298.47,10,11,288,11
50795,0,30,Mobile Phone,1,24,Credit Card,Male,3,3,Fashion,2,Single,7,0,12,1,5,4,205.12,4,5,180,0
50796,0,7,Computer,1,25,Credit Card,Female,2,3,Laptop & Accessory,4,Married,5,0,13,3,5,10,144.44,10,5,42,0
50797,0,9,Computer,1,6,CC,Male,2,3,Mobile,3,Single,1,1,11,0,1,2,121.54,2,1,18,3
50798,0,17,Mobile Phone,1,10,Debit Card,Male,3,1,Others,5,Married,2,0,14,1,14,13,291.9,13,14,255,0
50799,0,7,Computer,2,17,Debit Card,Male,2,4,Laptop & Accessory,4,Divorced,5,0,11,0,1,8,144.9,8,1,14,0
50800,0,8,Phone,1,12,Debit Card,Male,3,3,Mobile,3,Divorced,1,1,14,1,2,2,135.06,2,2,24,3
50801,0,15,Phone,1,14,CC,Female,3,1,Laptop & Accessory,4,Divorced,7,1,16,0,1,0,123.72,0,1,30,1
50802,0,16,Mobile Phone,3,10,E wallet,Female,2,4,Fashion,2,Single,4,0,14,10,15,17,202.31,17,15,256,0
50803,0,9,Mobile Phone,1,8,Debit Card,Female,2,3,Laptop & Accessory,4,Single,10,1,11,4,5,12,154.1,12,5,54,13
50804,1,7,Mobile Phone,1,21,Credit Card,Female,3,3,Fashion,2,Divorced,2,0,11,0,1,5,179.78,5,1,14,0
50805,0,1,Computer,1,8,Debit Card,Male,2,4,Mobile Phone,2,Divorced,2,1,12,2,2,2,138.67,2,2,3,3
50806,0,24,Computer,1,12,CC,Female,3,4,Mobile,3,Single,1,0,14,7,7,7,128.38,7,7,192,0
50807,0,3,Computer,1,15,Credit Card,Female,3,3,Laptop & Accessory,3,Single,8,1,18,1,1,7,146.95,7,1,6,8
50808,1,0,Phone,1,13,COD,Female,2,3,Mobile,3,Married,4,1,13,1,7,7,133.39,7,7,0,8
50809,0,9,Phone,1,6,Cash on Delivery,Male,2,3,Mobile,5,Single,3,0,11,0,1,2,120.8,2,1,18,0
50810,0,9,Phone,1,6,CC,Female,2,3,Mobile,4,Single,2,0,18,1,2,1,120.96,1,2,27,0
50811,0,5,Mobile Phone,3,14,Credit Card,Male,2,1,Laptop & Accessory,2,Divorced,2,0,15,0,1,8,162.09,8,1,10,0
50812,0,18,Computer,1,31,Credit Card,Female,2,3,Others,4,Single,4,0,22,1,1,0,280.61,0,1,36,0
50813,0,12,Mobile Phone,1,19,Credit Card,Female,3,4,Grocery,4,Married,7,1,13,1,15,2,271.23,2,15,192,3
50814,0,30,Phone,1,14,Debit Card,Male,2,3,Mobile,3,Married,2,0,12,2,2,2,123.72,2,2,90,0
50815,1,0,Phone,1,13,Debit Card,Male,3,3,Laptop & Accessory,3,Divorced,2,0,18,1,1,1,148.83,1,1,0,0
50816,1,2,Phone,1,29,Credit Card,Male,3,3,Mobile Phone,5,Single,1,0,13,0,1,3,139.04,3,1,4,0
50817,0,3,Phone,1,12,COD,Female,2,4,Laptop & Accessory,2,Divorced,1,0,12,5,6,7,146.27,7,6,21,0
50818,0,9,Mobile Phone,1,16,COD,Female,3,3,Fashion,3,Divorced,4,0,12,0,1,7,170.94,7,1,18,0
50819,0,19,Phone,2,6,Debit Card,Female,2,3,Mobile,5,Single,7,0,12,3,5,7,134.23,7,5,114,0
50820,0,1,Computer,1,6,Debit Card,Female,2,5,Laptop & Accessory,2,Divorced,1,0,11,7,7,5,166.74,5,7,8,0
50821,0,23,Mobile Phone,1,34,Debit Card,Female,2,3,Grocery,5,Divorced,5,1,11,1,1,2,268.8,2,1,46,3
50822,1,3,Mobile Phone,3,31,E wallet,Male,2,4,Fashion,4,Single,3,1,12,0,1,0,190.94,0,1,6,1
50823,1,15,Mobile Phone,3,11,Debit Card,Male,3,3,Fashion,4,Single,10,1,19,5,7,7,184.46,7,7,120,8
50824,0,3,Mobile Phone,1,23,Credit Card,Female,3,3,Fashion,5,Divorced,2,1,23,0,1,3,219.16,3,1,6,4
50825,0,12,Phone,1,24,Debit Card,Male,2,3,Laptop & Accessory,3,Single,1,0,11,0,1,7,145.34,7,1,24,0
50826,0,4,Computer,3,8,Debit Card,Female,2,3,Fashion,3,Married,2,1,19,3,9,6,198.52,6,9,40,7
50827,0,14,Computer,3,16,Credit Card,Male,2,5,Laptop & Accessory,4,Single,2,0,13,3,11,9,161.51,9,11,168,0
50828,1,9,Computer,3,6,Debit Card,Female,2,3,Mobile,4,Single,2,1,11,1,2,2,123.02,2,2,27,3
50829,1,7,Phone,1,14,Debit Card,Male,2,3,Mobile,5,Divorced,5,0,12,1,1,2,123.62,2,1,14,0
50830,0,15,Computer,1,8,Debit Card,Male,2,3,Grocery,3,Divorced,1,1,13,1,2,10,278.61,10,2,45,11
50831,0,28,Mobile Phone,1,8,Credit Card,Female,2,5,Others,3,Divorced,5,0,14,1,9,11,291.87,11,9,280,0
50832,0,29,Mobile Phone,2,14,Debit Card,Male,2,3,Others,4,Single,7,0,15,1,7,7,297.17,7,7,232,0
50833,0,13,Computer,1,22,Debit Card,Male,3,3,Mobile,3,Married,10,0,16,1,1,0,135.44,0,1,26,0
50834,0,7,Mobile Phone,1,15,Debit Card,Male,2,3,Fashion,2,Married,1,0,11,1,1,6,185.0,6,1,14,0
50835,0,13,Phone,1,8,Debit Card,Male,3,3,Laptop & Accessory,2,Single,2,0,13,3,8,8,146.61,8,8,117,0
50836,0,14,Computer,3,6,E wallet,Female,3,3,Laptop & Accessory,5,Married,1,0,17,0,1,7,141.03,7,1,28,0
50837,0,8,Computer,1,10,Debit Card,Male,2,3,Laptop & Accessory,3,Single,2,1,11,1,1,1,142.49,1,1,16,2
50838,0,24,Mobile Phone,2,11,Debit Card,Male,2,3,Grocery,4,Married,2,1,11,1,2,10,240.26,10,2,72,11
50839,0,11,Mobile Phone,3,8,Debit Card,Female,2,3,Laptop & Accessory,5,Married,4,0,15,0,1,7,168.93,7,1,22,0
50840,0,7,Mobile Phone,3,21,Credit Card,Female,3,3,Laptop & Accessory,5,Single,2,0,12,1,9,6,161.25,6,9,70,0
50841,0,0,Phone,1,25,Credit Card,Male,3,3,Mobile Phone,2,Divorced,4,0,11,1,1,2,136.69,2,1,0,0
50842,1,20,Mobile Phone,1,13,Credit Card,Female,2,4,Fashion,5,Divorced,8,1,14,4,5,9,200.08,9,5,120,10
50843,0,13,Phone,1,14,Debit Card,Male,2,3,Mobile,4,Divorced,4,0,22,1,1,3,123.87,3,1,26,0
50844,0,9,Computer,3,13,E wallet,Female,2,1,Laptop & Accessory,5,Divorced,3,0,16,5,6,13,146.39,13,6,63,0
50845,0,21,Mobile Phone,1,10,Debit Card,Male,2,3,Fashion,2,Single,2,0,11,1,1,8,178.98,8,1,42,0
50846,0,0,Phone,3,14,CC,Female,3,1,Mobile,2,Divorced,9,0,14,1,1,0,125.34,0,1,0,0
50847,0,24,Mobile Phone,1,17,Cash on Delivery,Female,2,4,Grocery,4,Single,4,0,16,0,1,3,231.42,3,1,48,0
50848,0,9,Computer,1,6,Debit Card,Female,3,3,Mobile Phone,2,Single,2,0,15,1,1,0,116.11,0,1,18,0
50849,0,8,Mobile Phone,1,6,Credit Card,Female,2,4,Laptop & Accessory,2,Divorced,1,0,12,1,1,0,153.63,0,1,16,0
50850,0,0,Computer,3,8,Debit Card,Male,2,5,Laptop & Accessory,2,Single,4,0,20,1,1,0,150.71,0,1,0,0
50851,1,18,Mobile Phone,3,19,E wallet,Male,2,1,Grocery,3,Single,7,1,17,2,2,8,236.95,8,2,54,9
50852,0,29,Mobile Phone,1,29,Debit Card,Male,3,3,Grocery,4,Divorced,5,1,12,11,2,9,234.02,9,2,87,10
50853,0,9,Computer,1,32,Cash on Delivery,Female,3,4,Mobile,3,Married,2,0,20,1,1,0,120.29,0,1,18,0
50854,0,13,Mobile Phone,1,8,Credit Card,Female,2,1,Laptop & Accessory,3,Married,6,0,20,5,11,8,163.77,8,11,156,0
50855,0,7,Mobile Phone,1,35,Credit Card,Male,2,3,Laptop & Accessory,3,Divorced,5,0,13,0,7,7,154.29,7,7,56,0
50856,1,0,Computer,3,8,Debit Card,Female,3,4,Mobile,2,Single,8,0,14,0,1,0,127.85,0,1,0,0
50857,1,0,Computer,3,24,E wallet,Female,3,3,Laptop & Accessory,3,Divorced,1,1,18,3,3,2,146.14,2,3,0,3
50858,0,11,Computer,1,14,Debit Card,Male,2,1,Mobile,3,Married,2,0,11,0,1,3,126.1,3,1,22,0
50859,0,7,Mobile Phone,1,8,COD,Female,3,3,Laptop & Accessory,2,Single,2,0,11,1,4,11,166.87,11,4,35,0
50860,0,1,Phone,3,32,Debit Card,Male,2,4,Laptop & Accessory,5,Divorced,2,0,11,1,1,4,147.24,4,1,2,0
50861,1,0,Mobile Phone,1,28,Credit Card,Male,3,3,Laptop & Accessory,3,Divorced,2,1,15,3,6,7,161.79,7,6,0,8
50862,0,12,Mobile Phone,3,27,Debit Card,Male,2,4,Laptop & Accessory,2,Divorced,4,1,12,0,1,4,161.2,4,1,24,5
50863,0,24,Computer,3,8,E wallet,Male,2,3,Fashion,4,Divorced,3,0,11,0,3,2,205.96,2,3,96,0
50864,0,14,Computer,1,28,Debit Card,Female,3,3,Laptop & Accessory,2,Married,4,1,14,0,3,3,154.67,3,3,56,4
50865,0,10,Phone,1,10,Debit Card,Male,3,3,Mobile,3,Divorced,8,1,15,1,1,3,129.96,3,1,20,4
50866,0,6,Computer,3,11,Debit Card,Male,3,3,Laptop & Accessory,2,Divorced,7,0,13,1,1,2,199.98,2,1,12,0
50867,0,5,Phone,3,8,E wallet,Male,2,3,Laptop & Accessory,4,Divorced,1,1,13,0,1,2,140.78,2,1,10,3
50868,0,12,Computer,1,31,Debit Card,Male,3,3,Fashion,3,Divorced,4,0,21,0,1,5,209.2,5,1,24,0
50869,0,0,Mobile Phone,3,24,Debit Card,Male,3,1,Laptop & Accessory,3,Divorced,3,0,11,0,1,2,162.32,2,1,0,0
50870,0,25,Computer,1,34,Credit Card,Female,2,1,Grocery,3,Divorced,3,1,11,0,2,2,232.47,2,2,75,3
50871,0,16,Phone,1,12,Credit Card,Female,3,4,Laptop & Accessory,3,Single,2,1,14,1,1,8,140.81,8,1,32,9
50872,0,0,Mobile Phone,3,16,E wallet,Female,3,4,Laptop & Accessory,2,Divorced,2,1,11,2,4,4,157.69,4,4,0,5
50873,1,0,Phone,1,14,Debit Card,Female,2,3,Mobile,3,Single,2,1,13,3,7,7,123.94,7,7,0,8
50874,0,0,Phone,1,8,Credit Card,Male,2,4,Mobile Phone,2,Single,1,0,12,0,1,1,139.04,1,1,0,0
50875,0,15,Mobile Phone,2,16,UPI,Female,2,3,Grocery,5,Divorced,1,0,14,1,1,9,267.99,9,1,30,0
50876,0,25,Phone,1,14,UPI,Female,3,3,Mobile,5,Divorced,10,0,13,1,1,4,129.5,4,1,50,0
50877,0,10,Phone,1,17,Credit Card,Female,3,3,Mobile Phone,3,Single,5,0,18,0,1,2,136.29,2,1,20,0
50878,0,8,Computer,1,24,Debit Card,Male,2,3,Fashion,2,Single,3,0,11,0,2,2,193.62,2,2,24,0
50879,0,0,Phone,1,6,COD,Male,2,3,Mobile,2,Divorced,5,0,11,1,1,2,132.29,2,1,0,0
50880,0,0,Phone,1,13,UPI,Male,3,1,Mobile Phone,5,Single,1,0,12,1,1,7,135.78,7,1,0,0
50881,0,2,Mobile Phone,2,23,UPI,Male,2,4,Fashion,5,Single,2,0,13,0,1,9,179.88,9,1,4,0
50882,1,0,Computer,1,34,Debit Card,Male,3,4,Laptop & Accessory,5,Single,4,0,20,0,1,3,142.84,3,1,0,0
50883,1,0,Computer,1,20,UPI,Female,2,3,Fashion,2,Single,1,1,12,2,7,7,175.53,7,7,0,8
50884,0,27,Mobile Phone,1,6,Credit Card,Female,2,3,Grocery,2,Single,7,0,19,1,12,7,273.28,7,12,351,0
50885,0,30,Mobile Phone,1,6,Credit Card,Female,3,3,Others,5,Divorced,4,1,15,1,1,5,297.01,5,1,60,6
50886,0,28,Mobile Phone,1,6,Credit Card,Male,2,1,Grocery,2,Married,3,0,13,1,2,0,247.32,0,2,84,0
50887,0,9,Mobile Phone,3,9,E wallet,Female,2,3,Laptop & Accessory,4,Single,4,1,16,0,1,1,192.78,1,1,18,2
50888,1,9,Computer,3,6,Debit Card,Female,2,5,Mobile Phone,3,Single,2,0,12,1,1,0,113.59,0,1,18,0
50889,0,3,Phone,3,13,E wallet,Female,3,3,Laptop & Accessory,5,Married,8,0,14,1,1,2,147.79,2,1,6,0
50890,0,4,Mobile Phone,1,14,Debit Card,Female,3,3,Grocery,4,Single,4,0,11,1,1,0,264.22,0,1,8,0
50891,0,7,Computer,1,6,UPI,Male,3,3,Mobile,5,Married,6,0,14,1,1,3,129.96,3,1,14,0
50892,1,9,Mobile Phone,1,14,Debit Card,Female,2,4,Mobile Phone,4,Single,2,0,12,0,1,0,112.61,0,1,18,0
50893,0,9,Phone,1,17,Debit Card,Male,3,3,Mobile,5,Divorced,1,0,14,1,1,4,120.99,4,1,18,0
50894,0,9,Mobile Phone,1,10,Debit Card,Male,2,4,Laptop & Accessory,2,Single,2,0,16,1,1,8,158.1,8,1,18,0
50895,0,9,Mobile Phone,3,22,E wallet,Female,3,4,Laptop & Accessory,5,Divorced,5,0,13,1,1,2,156.47,2,1,18,0
50896,0,20,Phone,1,6,COD,Male,3,3,Mobile,2,Divorced,8,0,12,1,1,2,134.2,2,1,40,0
50897,1,0,Phone,3,15,Debit Card,Male,3,4,Mobile Phone,5,Divorced,4,0,12,1,2,2,144.0,2,2,0,0
50898,0,10,Computer,1,11,COD,Male,2,1,Mobile,3,Single,1,0,14,1,1,3,135.0,3,1,20,0
50899,0,9,Phone,1,6,Debit Card,Female,2,3,Mobile,5,Divorced,3,0,22,1,1,0,120.66,0,1,18,0
50900,0,20,Mobile Phone,1,8,Credit Card,Female,2,3,Grocery,3,Divorced,4,0,19,1,5,6,271.69,6,5,120,0
50901,0,0,Phone,3,10,Credit Card,Female,2,3,Laptop & Accessory,3,Divorced,2,1,12,1,1,3,141.62,3,1,0,4
50902,0,5,Mobile Phone,3,13,E wallet,Male,3,3,Laptop & Accessory,2,Divorced,5,0,12,1,1,3,192.04,3,1,10,0
50903,0,7,Phone,1,6,Debit Card,Female,2,4,Mobile,4,Divorced,6,0,17,1,1,2,132.94,2,1,14,0
50904,0,9,Phone,1,11,CC,Male,2,1,Mobile,3,Divorced,3,1,12,1,1,3,121.27,3,1,18,4
50905,0,13,Computer,1,15,UPI,Male,2,3,Laptop & Accessory,3,Married,4,0,11,1,1,7,139.75,7,1,26,0
50906,0,4,Mobile Phone,3,14,Debit Card,Male,2,3,Fashion,2,Married,2,0,18,2,9,9,207.93,9,9,40,0
50907,1,9,Mobile Phone,3,15,E wallet,Male,2,3,Fashion,1,Married,5,0,11,0,4,3,200.96,3,4,45,0
50908,1,2,Computer,1,8,Debit Card,Female,2,4,Mobile Phone,5,Single,3,1,23,0,1,0,136.46,0,1,4,1
50909,1,0,Computer,1,6,Debit Card,Female,3,1,Fashion,4,Single,2,0,11,3,4,7,174.46,7,4,0,0
50910,0,18,Mobile Phone,1,26,Credit Card,Male,3,5,Fashion,5,Married,3,1,18,0,1,7,208.51,7,1,36,8
50911,0,9,Phone,2,14,CC,Female,3,1,Mobile,4,Single,10,0,18,0,1,2,121.09,2,1,18,0
50912,1,0,Computer,1,8,Debit Card,Male,3,3,Mobile Phone,1,Divorced,7,1,13,2,2,2,137.22,2,2,0,3
50913,0,18,Mobile Phone,1,35,Cash on Delivery,Male,2,3,Fashion,1,Divorced,5,1,18,1,1,2,193.8,2,1,36,3
50914,0,21,Mobile Phone,3,13,E wallet,Male,3,3,Laptop & Accessory,5,Married,5,0,11,1,2,2,154.86,2,2,63,0
50915,1,0,Phone,2,15,COD,Female,3,3,Mobile,3,Divorced,2,0,15,1,2,2,127.42,2,2,0,0
50916,0,13,Computer,1,14,Credit Card,Male,2,4,Fashion,4,Married,3,0,11,1,2,8,237.57,8,2,39,0
50917,0,1,Mobile Phone,3,11,Credit Card,Male,2,3,Laptop & Accessory,5,Single,1,0,18,1,1,3,184.63,3,1,2,0
50918,0,17,Computer,1,11,Debit Card,Male,3,4,Mobile,3,Single,4,0,14,0,1,3,131.62,3,1,34,0
50919,0,26,Mobile Phone,1,8,Credit Card,Male,2,1,Grocery,4,Single,5,0,12,1,8,8,265.98,8,8,234,0
50920,0,22,Mobile Phone,1,11,COD,Male,3,3,Laptop & Accessory,3,Divorced,3,0,14,0,1,2,166.51,2,1,44,0
50921,0,13,Phone,1,14,CC,Male,3,3,Mobile,3,Married,3,0,14,0,1,2,123.45,2,1,26,0
50922,0,17,Phone,1,26,Debit Card,Male,2,3,Mobile,4,Single,2,0,13,1,1,3,134.2,3,1,34,0
50923,0,6,Computer,3,13,Credit Card,Male,2,3,Laptop & Accessory,5,Divorced,1,0,14,0,1,3,143.73,3,1,12,0
50924,0,7,Phone,3,9,UPI,Male,2,5,Laptop & Accessory,5,Single,4,0,18,2,3,12,147.59,12,3,28,0
50925,0,3,Mobile Phone,3,22,Debit Card,Male,3,3,Laptop & Accessory,3,Divorced,9,0,15,0,2,2,153.01,2,2,9,0
50926,0,15,Computer,1,15,Credit Card,Female,3,3,Mobile Phone,1,Single,2,0,13,4,5,8,136.73,8,5,90,0
50927,0,17,Computer,3,6,E wallet,Female,3,3,Laptop & Accessory,3,Divorced,8,0,12,1,1,0,147.68,0,1,34,0
50928,0,9,Computer,1,13,Cash on Delivery,Male,3,3,Mobile Phone,3,Married,2,0,13,0,1,0,112.74,0,1,18,0
50929,0,50,Phone,1,6,Debit Card,Male,3,1,Laptop & Accessory,3,Divorced,1,0,24,1,2,8,149.0,8,2,150,0
50930,0,22,Mobile Phone,1,13,Debit Card,Male,2,3,Fashion,4,Married,4,0,14,0,1,7,204.66,7,1,44,0
50931,0,7,Computer,1,21,Credit Card,Male,3,3,Grocery,5,Married,8,0,14,1,6,9,270.07,9,6,49,0
50932,1,0,Computer,3,6,COD,Male,3,3,Mobile,3,Divorced,4,0,15,1,1,2,129.09,2,1,0,0
50933,1,0,Computer,3,19,COD,Female,2,3,Laptop & Accessory,4,Single,6,0,11,0,1,0,157.65,0,1,0,0
50934,1,0,Phone,3,30,Credit Card,Female,2,4,Laptop & Accessory,4,Single,1,1,23,2,10,10,145.99,10,10,0,11
50935,0,8,Phone,3,14,Debit Card,Male,3,3,Mobile,3,Divorced,2,0,13,1,1,0,124.04,0,1,16,0
50936,1,0,Computer,1,15,CC,Male,2,3,Mobile,5,Single,3,1,11,0,1,0,131.72,0,1,0,1
50937,0,9,Computer,3,19,Debit Card,Female,3,3,Mobile,4,Divorced,2,0,13,0,1,0,120.33,0,1,18,0
50938,0,17,Computer,1,8,Credit Card,Male,2,3,Fashion,3,Single,6,1,18,0,2,2,202.09,2,2,51,3
50939,0,2,Mobile Phone,3,25,Debit Card,Male,3,4,Laptop & Accessory,3,Married,2,0,14,1,1,4,186.2,4,1,4,0
50940,0,9,Phone,2,6,Debit Card,Male,2,3,Mobile,3,Married,1,0,21,0,1,3,120.64,3,1,18,0
50941,0,28,Phone,1,10,Debit Card,Male,1,3,Laptop & Accessory,3,Divorced,1,1,16,0,1,2,140.35,2,1,56,3
50942,0,6,Phone,1,10,Credit Card,Female,2,4,Mobile Phone,4,Divorced,9,0,11,0,1,2,138.38,2,1,12,0
50943,0,20,Phone,3,20,Credit Card,Female,3,3,Laptop & Accessory,3,Divorced,4,1,17,1,1,2,145.91,2,1,40,3
50944,1,0,Computer,1,14,CC,Male,2,4,Mobile,5,Single,8,0,11,0,1,0,125.61,0,1,0,0
50945,0,9,Mobile Phone,1,6,Debit Card,Male,3,4,Mobile Phone,3,Married,2,0,14,0,1,0,115.63,0,1,18,0
50946,0,1,Computer,3,13,Debit Card,Male,2,3,Laptop & Accessory,5,Single,1,0,14,1,1,3,148.98,3,1,2,0
50947,0,22,Phone,1,9,Credit Card,Female,2,4,Laptop & Accessory,5,Divorced,5,0,25,1,1,2,147.89,2,1,44,0
50948,0,2,Computer,1,8,Debit Card,Female,3,3,Mobile,4,Divorced,1,0,13,0,1,2,131.8,2,1,4,0
50949,0,1,Mobile Phone,1,35,Debit Card,Male,3,5,Laptop & Accessory,4,Divorced,2,0,14,1,1,7,165.49,7,1,2,0
50950,0,6,Mobile Phone,1,14,Debit Card,Male,3,3,Laptop & Accessory,3,Single,3,1,17,0,1,0,163.88,0,1,12,1
50951,0,5,Mobile Phone,1,16,Credit Card,Male,0,3,Fashion,1,Single,3,0,25,0,1,3,212.44,3,1,10,0
50952,0,27,Computer,1,17,Credit Card,Female,2,3,Grocery,1,Married,4,0,20,1,2,12,260.32,12,2,81,0
50953,1,0,Phone,1,14,COD,Male,3,4,Mobile,5,Single,7,0,13,0,1,7,123.62,7,1,0,0
50954,0,17,Mobile Phone,1,34,Debit Card,Male,2,3,Grocery,5,Divorced,4,0,13,1,14,17,263.28,17,14,255,0
50955,0,12,Mobile Phone,1,12,Debit Card,Female,2,3,Fashion,4,Single,5,0,18,0,2,2,183.76,2,2,36,0
50956,0,19,Mobile Phone,3,9,Debit Card,Female,2,3,Grocery,4,Divorced,9,0,12,1,5,1,266.06,1,5,114,0
50957,0,8,Mobile Phone,1,22,Debit Card,Female,3,4,Fashion,4,Single,2,0,19,1,3,3,186.06,3,3,32,0
50958,0,9,Phone,1,26,Debit Card,Male,3,3,Laptop & Accessory,3,Single,1,0,14,1,1,2,122.72,2,1,18,0
50959,1,9,Mobile Phone,1,15,Debit Card,Male,2,3,Mobile,5,Single,4,0,14,1,1,0,120.18,0,1,18,0
50960,0,7,Mobile Phone,3,6,COD,Male,3,4,Fashion,3,Divorced,2,1,14,7,8,6,170.83,6,8,63,7
50961,1,0,Computer,1,9,Debit Card,Female,2,3,Mobile Phone,3,Single,2,0,12,6,7,7,140.84,7,7,0,0
50962,0,23,Computer,1,28,Credit Card,Male,2,5,Grocery,1,Single,2,1,13,13,2,9,244.11,9,2,69,10
50963,0,9,Phone,3,13,COD,Male,2,3,Mobile,3,Married,1,1,25,0,5,7,123.08,7,5,54,8
50964,0,15,Phone,1,8,Credit Card,Male,3,4,Mobile Phone,4,Married,5,0,14,1,1,0,148.41,0,1,30,0
50965,0,10,Phone,1,19,Credit Card,Male,2,3,Laptop & Accessory,1,Married,2,0,17,0,3,7,142.85,7,3,40,0
50966,0,2,Mobile Phone,1,14,UPI,Female,2,5,Laptop & Accessory,5,Married,4,0,13,0,1,7,197.15,7,1,4,0
50967,0,6,Phone,1,31,Debit Card,Male,2,4,Laptop & Accessory,4,Single,2,0,13,0,1,2,143.2,2,1,12,0
50968,0,9,Phone,1,34,Cash on Delivery,Male,3,3,Mobile,1,Married,5,0,20,1,1,3,121.32,3,1,18,0
50969,0,15,Computer,1,8,Debit Card,Male,2,3,Fashion,1,Married,3,1,14,12,13,9,201.24,9,13,210,10
50970,0,13,Mobile Phone,3,15,Credit Card,Male,2,3,Laptop & Accessory,5,Married,1,0,12,2,7,1,154.73,1,7,104,0
50971,0,6,Mobile Phone,1,34,Debit Card,Male,3,3,Laptop & Accessory,3,Married,2,1,12,1,5,7,152.07,7,5,36,8
50972,0,13,Mobile Phone,2,12,Credit Card,Male,2,3,Grocery,1,Single,2,1,21,1,7,7,264.37,7,7,104,8
50973,0,9,Phone,1,27,COD,Male,2,4,Mobile,5,Married,1,0,14,0,1,0,122.96,0,1,18,0
50974,0,13,Computer,1,14,Debit Card,Male,3,3,Laptop & Accessory,1,Married,4,1,18,2,2,2,140.69,2,2,39,3
50975,0,18,Mobile Phone,1,6,COD,Male,3,3,Fashion,4,Married,2,0,12,6,7,7,174.41,7,7,144,0
50976,0,8,Phone,3,14,Debit Card,Female,3,4,Mobile,3,Married,1,0,23,2,4,2,124.3,2,4,40,0
50977,0,5,Mobile Phone,1,11,Debit Card,Female,3,4,Laptop & Accessory,4,Married,4,0,12,1,2,5,158.78,5,2,15,0
50978,0,9,Phone,3,14,Debit Card,Male,3,3,Mobile,1,Single,4,1,21,0,1,2,126.44,2,1,18,3
50979,0,21,Mobile Phone,3,22,Debit Card,Female,3,3,Laptop & Accessory,3,Married,9,0,14,1,7,7,164.39,7,7,168,0
50980,0,2,Phone,1,14,Debit Card,Male,3,1,Mobile,3,Married,7,0,18,1,1,0,124.51,0,1,4,0
50981,0,6,Mobile Phone,3,14,Debit Card,Male,2,3,Laptop & Accessory,5,Married,3,0,13,2,2,2,163.92,2,2,18,0
50982,1,0,Mobile Phone,3,6,Debit Card,Male,3,4,Laptop & Accessory,5,Married,2,0,11,3,6,7,197.14,7,6,0,0
50983,0,11,Computer,2,16,UPI,Male,3,3,Laptop & Accessory,3,Married,4,0,11,0,1,2,160.77,2,1,22,0
50984,0,8,Phone,1,14,CC,Male,3,4,Mobile,5,Single,2,0,19,0,1,2,124.5,2,1,16,0
50985,0,3,Mobile Phone,3,35,COD,Male,2,3,Fashion,4,Married,4,0,12,0,1,3,192.5,3,1,6,0
50986,1,9,Phone,1,8,Debit Card,Female,3,3,Mobile,5,Married,2,1,12,1,1,0,120.74,0,1,18,1
50987,1,16,Mobile Phone,1,8,Cash on Delivery,Female,3,4,Fashion,1,Married,1,0,16,1,1,9,201.69,9,1,32,0
50988,1,1,Phone,1,8,Credit Card,Male,2,3,Laptop & Accessory,4,Married,5,0,11,0,1,4,148.55,4,1,2,0
50989,0,5,Computer,1,6,COD,Male,3,3,Laptop & Accessory,5,Married,5,0,14,1,1,2,140.87,2,1,10,0
50990,0,21,Phone,1,14,UPI,Female,3,3,Mobile,5,Married,9,0,12,7,7,6,123.67,6,7,168,0
50991,0,7,Phone,1,13,CC,Male,3,3,Mobile,1,Single,2,0,13,0,1,0,129.72,0,1,14,0
50992,0,28,Mobile Phone,3,32,E wallet,Male,2,4,Others,1,Married,2,0,15,2,2,13,295.86,13,2,84,0
50993,0,7,Mobile Phone,1,6,Debit Card,Male,2,3,Laptop & Accessory,1,Married,10,0,17,1,2,1,154.84,1,2,21,0
50994,0,9,Phone,1,9,Debit Card,Female,2,3,Mobile,1,Married,2,0,21,1,1,0,120.61,0,1,18,0
50995,0,11,Mobile Phone,3,20,Debit Card,Male,3,3,Laptop & Accessory,4,Married,1,0,11,5,7,7,199.24,7,7,88,0
50996,0,11,Phone,3,22,Debit Card,Female,2,3,Laptop & Accessory,4,Single,3,0,12,0,1,2,141.98,2,1,22,0
50997,0,9,Mobile Phone,3,6,Debit Card,Female,3,3,Laptop & Accessory,3,Single,7,0,13,1,1,0,168.15,0,1,18,0
50998,0,2,Phone,1,9,Credit Card,Male,2,3,Mobile Phone,5,Single,2,1,18,0,1,5,147.23,5,1,4,6
50999,0,8,Mobile Phone,1,16,Credit Card,Female,2,3,Laptop & Accessory,3,Single,4,1,16,1,1,4,161.42,4,1,16,5
51000,0,12,Mobile Phone,3,12,Credit Card,Male,2,1,Fashion,3,Married,3,0,11,4,7,6,182.37,6,7,96,0
51001,0,2,Computer,1,8,Debit Card,Male,2,3,Laptop & Accessory,1,Married,2,0,19,0,1,3,188.53,3,1,4,0
51002,0,23,Mobile Phone,3,5,E wallet,Male,2,3,Others,3,Married,5,1,15,0,1,0,293.31,0,1,46,1
51003,0,9,Phone,1,16,Cash on Delivery,Male,2,1,Mobile,3,Married,3,0,16,2,2,2,120.73,2,2,27,0
51004,0,9,Computer,1,12,Debit Card,Male,3,1,Laptop & Accessory,5,Married,4,1,13,1,1,2,155.62,2,1,18,3
51005,0,15,Mobile Phone,1,15,UPI,Male,3,4,Others,1,Single,9,0,15,1,1,1,296.13,1,1,30,0
51006,0,8,Phone,1,34,Debit Card,Male,2,1,Laptop & Accessory,3,Married,2,0,17,5,6,8,134.07,8,6,56,0
51007,0,7,Computer,1,16,COD,Male,3,4,Laptop & Accessory,3,Married,2,0,14,2,7,7,150.63,7,7,56,0
51008,0,13,Phone,3,20,Debit Card,Female,2,3,Laptop & Accessory,5,Married,2,0,15,0,1,2,146.39,2,1,26,0
51009,0,16,Phone,1,33,COD,Male,2,1,Mobile Phone,4,Married,6,0,12,1,1,2,148.76,2,1,32,0
51010,0,8,Phone,1,13,Debit Card,Male,3,4,Mobile,1,Married,2,0,18,1,1,1,126.9,1,1,16,0
51011,0,19,Mobile Phone,3,6,Debit Card,Male,2,1,Grocery,5,Single,2,0,15,1,1,12,275.67,12,1,38,0
51012,1,0,Phone,1,14,CC,Male,2,3,Mobile,4,Married,2,1,17,0,1,0,124.08,0,1,0,1
51013,0,0,Computer,1,32,UPI,Female,3,4,Mobile,3,Married,2,1,14,0,1,3,128.14,3,1,0,4
51014,0,23,Computer,1,26,Credit Card,Male,2,3,Grocery,3,Married,3,1,15,3,12,3,212.45,3,12,299,4
51015,0,5,Phone,1,11,UPI,Female,2,1,Mobile,1,Married,4,0,17,1,1,2,133.12,2,1,10,0
51016,0,17,Mobile Phone,1,13,Credit Card,Female,2,3,Others,1,Married,1,1,14,1,1,10,290.49,10,1,34,11
51017,0,9,Phone,1,13,CC,Male,2,4,Mobile,4,Married,2,0,12,0,1,1,121.41,1,1,18,0
51018,0,18,Mobile Phone,1,11,Credit Card,Female,2,5,Laptop & Accessory,5,Single,2,1,14,1,1,4,157.69,4,1,36,5
51019,0,18,Computer,3,32,E wallet,Male,2,4,Laptop & Accessory,5,Married,2,0,15,0,4,5,143.85,5,4,90,0
51020,0,4,Computer,3,8,UPI,Male,2,3,Laptop & Accessory,5,Single,8,0,13,0,1,3,153.32,3,1,8,0
51021,0,9,Phone,1,18,Debit Card,Female,3,3,Laptop & Accessory,3,Married,10,1,12,0,1,1,146.63,1,1,18,2
51022,0,7,Computer,1,16,Debit Card,Male,2,1,Laptop & Accessory,1,Married,2,0,13,5,7,2,147.24,2,7,56,0
51023,0,22,Phone,1,31,Debit Card,Female,2,3,Mobile,5,Married,2,0,14,0,1,4,132.11,4,1,44,0
51024,0,12,Mobile Phone,1,16,Credit Card,Male,3,3,Laptop & Accessory,5,Married,3,0,13,4,7,7,153.77,7,7,96,0
51025,0,0,Phone,1,25,UPI,Male,3,4,Mobile Phone,5,Married,2,0,11,0,1,7,140.66,7,1,0,0
51026,0,8,Mobile Phone,1,24,Debit Card,Male,2,1,Laptop & Accessory,5,Married,2,0,11,0,1,10,152.08,10,1,16,0
51027,0,1,Mobile Phone,1,33,Credit Card,Female,2,5,Laptop & Accessory,5,Married,1,0,21,1,1,0,0.0,0,1,2,0
51028,0,0,Phone,1,11,CC,Male,3,3,Mobile,1,Single,2,0,18,1,2,2,131.17,2,2,0,0
51029,1,9,Computer,3,9,Credit Card,Female,3,3,Mobile Phone,1,Single,2,1,12,0,1,0,115.69,0,1,18,1
51030,0,20,Mobile Phone,2,32,Debit Card,Female,3,3,Others,3,Married,4,0,15,1,1,0,296.58,0,1,40,0
51031,0,12,Phone,1,9,CC,Male,3,4,Laptop & Accessory,3,Married,1,0,15,0,1,7,130.69,7,1,24,0
51032,0,13,Mobile Phone,1,21,Debit Card,Female,3,4,Fashion,3,Married,2,0,13,1,14,12,204.35,12,14,195,0
51033,0,8,Computer,1,14,Debit Card,Female,2,3,Laptop & Accessory,3,Married,2,0,12,2,2,9,141.48,9,2,24,0
51034,0,10,Mobile Phone,1,25,Debit Card,Male,2,3,Laptop & Accessory,3,Married,4,0,17,0,1,2,157.68,2,1,20,0
51035,0,12,Computer,1,10,Credit Card,Female,2,3,Laptop & Accessory,3,Single,1,0,13,3,3,8,150.42,8,3,48,0
51036,0,18,Mobile Phone,1,8,UPI,Female,2,4,Laptop & Accessory,1,Married,2,0,19,2,3,9,157.7,9,3,72,0
51037,0,11,Mobile Phone,1,8,Credit Card,Female,2,4,Fashion,3,Married,4,1,19,1,1,2,177.56,2,1,22,3
51038,1,0,Mobile Phone,3,16,Credit Card,Male,2,4,Fashion,5,Married,10,0,17,4,6,0,203.06,0,6,0,0
51039,0,10,Phone,1,16,Credit Card,Female,3,3,Mobile Phone,4,Married,2,0,11,1,7,7,139.36,7,7,80,0
51040,0,13,Mobile Phone,1,22,Debit Card,Female,2,3,Fashion,1,Single,7,1,15,1,3,3,179.45,3,3,52,4
51041,0,17,Computer,2,6,UPI,Male,2,3,Laptop & Accessory,1,Married,5,1,11,1,1,2,157.43,2,1,34,3
51042,0,21,Computer,1,10,Credit Card,Male,2,4,Grocery,1,Married,3,0,25,2,2,2,252.02,2,2,63,0
51043,1,0,Mobile Phone,3,21,Credit Card,Male,2,5,Laptop & Accessory,1,Married,7,1,14,1,2,2,154.4,2,2,0,3
51044,0,0,Computer,1,8,COD,Female,2,3,Mobile Phone,1,Single,2,1,13,1,1,3,137.6,3,1,0,4
51045,0,0,Phone,1,14,Credit Card,Female,2,1,Mobile,3,Married,8,0,17,0,1,2,135.17,2,1,0,0
51046,0,0,Computer,1,14,CC,Male,2,3,Mobile,1,Single,3,0,13,0,1,2,125.8,2,1,0,0
51047,1,9,Phone,1,13,Debit Card,Male,3,3,Mobile,5,Single,4,1,14,0,1,3,121.66,3,1,18,4
51048,0,2,Mobile Phone,3,16,Credit Card,Male,2,4,Laptop & Accessory,3,Single,10,0,11,1,1,4,158.69,4,1,4,0
51049,0,9,Mobile Phone,1,11,Debit Card,Female,2,3,Fashion,5,Married,5,0,12,1,1,2,180.08,2,1,18,0
51050,0,0,Computer,1,8,Debit Card,Male,3,1,Laptop & Accessory,3,Married,2,0,17,0,1,7,152.06,7,1,0,0
51051,0,12,Mobile Phone,1,18,Credit Card,Male,3,3,Laptop & Accessory,4,Married,5,0,21,1,1,0,152.95,0,1,24,0
51052,0,22,Mobile Phone,1,28,UPI,Female,3,3,Grocery,4,Married,4,0,16,1,1,2,264.13,2,1,44,0
51053,0,23,Mobile Phone,1,23,Debit Card,Female,2,4,Fashion,5,Married,6,0,15,1,2,11,232.69,11,2,69,0
51054,0,0,Phone,3,8,CC,Female,3,3,Mobile,3,Single,2,0,19,0,2,2,127.83,2,2,0,0
51055,0,7,Mobile Phone,1,9,Debit Card,Female,3,3,Laptop & Accessory,4,Married,2,0,12,7,7,9,154.33,9,7,56,0
51056,0,9,Mobile Phone,1,13,Debit Card,Male,3,3,Mobile,4,Single,3,0,11,0,1,3,120.13,3,1,18,0
51057,0,22,Mobile Phone,1,12,Debit Card,Female,2,4,Grocery,3,Married,3,1,19,1,2,12,239.66,12,2,66,13
51058,0,9,Computer,1,6,Credit Card,Female,2,4,Laptop & Accessory,3,Married,1,0,15,1,1,2,143.74,2,1,18,0
51059,0,9,Mobile Phone,1,9,Debit Card,Male,3,1,Laptop & Accessory,5,Married,7,0,20,1,1,4,168.42,4,1,18,0
51060,0,27,Mobile Phone,1,28,Credit Card,Female,3,3,Grocery,3,Married,4,0,25,1,4,7,274.26,7,4,135,0
51061,0,16,Mobile Phone,1,21,Debit Card,Male,3,4,Grocery,3,Married,2,0,24,1,6,11,276.03,11,6,112,0
51062,1,0,Computer,3,18,UPI,Male,2,3,Laptop & Accessory,1,Single,4,1,24,3,6,7,145.81,7,6,0,8
51063,0,11,Computer,1,6,Debit Card,Male,2,3,Laptop & Accessory,1,Married,8,0,15,2,2,9,147.35,9,2,33,0
51064,0,2,Phone,3,11,Credit Card,Male,2,4,Laptop & Accessory,4,Married,2,1,13,0,1,9,141.87,9,1,4,10
51065,0,6,Mobile Phone,3,8,Credit Card,Male,3,3,Laptop & Accessory,1,Married,2,0,14,1,1,4,155.05,4,1,12,0
51066,0,5,Mobile Phone,1,8,Credit Card,Male,2,3,Laptop & Accessory,4,Married,1,0,13,0,1,6,154.7,6,1,10,0
51067,0,4,Mobile Phone,3,11,Debit Card,Female,3,3,Laptop & Accessory,1,Married,2,0,11,0,1,2,154.76,2,1,8,0
51068,0,22,Phone,1,14,CC,Female,3,3,Mobile,5,Married,5,1,16,1,2,2,125.87,2,2,66,3
51069,0,11,Computer,1,14,CC,Female,2,4,Mobile,4,Single,2,0,22,1,3,3,124.4,3,3,44,0
51070,0,20,Mobile Phone,3,8,Debit Card,Female,2,1,Grocery,4,Married,7,0,14,0,2,2,259.72,2,2,60,0
51071,0,22,Mobile Phone,1,6,Debit Card,Male,2,3,Grocery,3,Single,5,0,14,1,2,0,253.79,0,2,66,0
51072,0,14,Mobile Phone,3,29,Debit Card,Male,3,3,Fashion,3,Single,4,1,16,0,1,2,170.82,2,1,28,3
51073,0,0,Phone,3,15,Debit Card,Male,3,3,Mobile,5,Single,2,0,11,0,1,2,127.28,2,1,0,0
51074,0,6,Computer,3,22,Debit Card,Female,2,3,Laptop & Accessory,1,Married,2,1,25,0,1,2,153.68,2,1,12,3
51075,0,9,Mobile Phone,1,32,Debit Card,Male,3,3,Laptop & Accessory,3,Married,7,0,14,1,1,2,153.47,2,1,18,0
51076,0,17,Phone,2,6,Debit Card,Female,2,3,Mobile,1,Married,5,1,18,2,2,2,131.95,2,2,51,3
51077,1,0,Phone,1,14,Credit Card,Male,3,4,Mobile Phone,3,Single,2,1,11,1,1,2,139.89,2,1,0,3
51078,0,11,Phone,1,10,CC,Female,2,3,Mobile,3,Married,8,0,19,0,1,0,133.06,0,1,22,0
51079,0,26,Mobile Phone,1,30,Credit Card,Male,2,1,Fashion,1,Married,4,0,15,0,1,2,170.05,2,1,52,0
51080,1,11,Computer,3,14,CC,Female,3,3,Mobile,3,Married,3,1,11,4,7,7,126.55,7,7,88,8
51081,1,9,Mobile Phone,1,8,Debit Card,Male,3,3,Mobile Phone,4,Single,2,0,12,1,1,0,113.93,0,1,18,0
51082,0,0,Computer,1,14,CC,Male,3,3,Mobile,1,Single,2,0,20,5,5,7,125.7,7,5,0,0
51083,0,28,Phone,1,28,COD,Male,3,4,Mobile,4,Married,6,0,12,1,1,2,135.37,2,1,56,0
51084,0,7,Phone,1,11,Credit Card,Male,2,4,Laptop & Accessory,1,Married,2,0,14,4,4,13,139.86,13,4,35,0
51085,0,30,Mobile Phone,1,6,Credit Card,Male,3,5,Fashion,1,Married,4,0,20,0,1,0,208.83,0,1,60,0
51086,0,9,Phone,1,27,CC,Male,3,1,Mobile,4,Married,2,0,18,2,2,13,120.28,13,2,27,0
51087,0,10,Computer,3,6,Credit Card,Male,2,5,Laptop & Accessory,1,Married,2,0,14,0,1,3,195.25,3,1,20,0
51088,0,7,Phone,1,25,Debit Card,Female,3,4,Mobile,1,Married,2,0,12,3,8,7,129.29,7,8,63,0
51089,1,9,Phone,3,13,Debit Card,Male,2,3,Mobile,1,Married,2,1,21,1,1,2,122.75,2,1,18,3
51090,0,17,Mobile Phone,1,8,Debit Card,Female,3,1,Fashion,1,Married,2,1,19,6,6,7,178.79,7,6,119,8
51091,0,8,Computer,1,8,Credit Card,Male,3,4,Mobile Phone,1,Single,1,1,14,1,1,4,149.3,4,1,16,5
51092,0,16,Mobile Phone,3,8,Credit Card,Male,3,3,Laptop & Accessory,1,Married,2,1,17,0,8,8,178.47,8,8,144,9
51093,0,0,Phone,1,15,Credit Card,Male,3,1,Mobile Phone,3,Married,2,0,16,0,1,4,144.01,4,1,0,0
51094,0,14,Mobile Phone,3,12,E wallet,Male,2,3,Fashion,3,Single,2,0,12,6,8,7,192.41,7,8,126,0
51095,0,2,Phone,1,15,CC,Female,3,3,Mobile,3,Married,10,0,17,1,1,2,129.74,2,1,4,0
51096,0,9,Phone,3,8,Debit Card,Female,2,3,Laptop & Accessory,1,Single,4,0,15,3,6,7,145.02,7,6,63,0
51097,0,18,Computer,1,6,Debit Card,Male,3,4,Fashion,3,Married,4,0,23,3,14,4,207.48,4,14,270,0
51098,1,9,Mobile Phone,2,28,UPI,Male,2,5,Mobile Phone,3,Married,2,0,11,0,1,0,115.55,0,1,18,0
51099,1,10,Computer,3,15,Debit Card,Male,2,5,Grocery,3,Married,8,0,11,1,14,3,229.36,3,14,150,0
51100,0,9,Phone,1,23,CC,Male,3,5,Mobile,3,Married,2,0,15,0,1,2,123.05,2,1,18,0
51101,0,18,Mobile Phone,1,34,Cash on Delivery,Female,2,4,Grocery,4,Single,2,0,11,1,8,6,267.04,6,8,162,0
51102,0,5,Computer,1,16,Debit Card,Male,2,3,Mobile,3,Married,7,0,13,0,1,3,134.33,3,1,10,0
51103,0,4,Phone,1,8,Debit Card,Male,3,3,Mobile,3,Married,2,0,14,0,1,3,134.77,3,1,8,0
51104,0,14,Computer,2,10,UPI,Male,2,5,Laptop & Accessory,4,Married,7,0,19,0,1,2,164.3,2,1,28,0
51105,0,13,Mobile Phone,1,14,Debit Card,Female,3,3,Laptop & Accessory,5,Married,3,1,16,0,1,0,165.16,0,1,26,1
51106,0,0,Phone,1,35,Credit Card,Male,3,3,Mobile Phone,5,Married,2,0,13,1,1,2,139.07,2,1,0,0
51107,0,19,Mobile Phone,1,19,Debit Card,Male,2,3,Laptop & Accessory,4,Single,7,0,14,1,1,9,155.62,9,1,38,0
51108,0,8,Mobile Phone,1,33,Debit Card,Male,2,3,Laptop & Accessory,3,Married,3,0,16,0,1,7,168.83,7,1,16,0
51109,0,3,Phone,1,22,Debit Card,Male,3,3,Mobile,1,Married,2,0,12,0,1,8,128.62,8,1,6,0
51110,0,20,Computer,3,8,E wallet,Male,2,3,Laptop & Accessory,4,Married,8,0,11,0,1,0,149.78,0,1,40,0
51111,0,19,Mobile Phone,3,8,Debit Card,Male,3,3,Fashion,1,Married,5,1,12,0,1,3,203.68,3,1,38,4
51112,1,0,Mobile Phone,3,19,E wallet,Male,3,4,Laptop & Accessory,5,Married,6,1,13,2,2,2,161.34,2,2,0,3
51113,1,0,Mobile Phone,3,6,Debit Card,Male,2,5,Laptop & Accessory,4,Single,7,0,15,0,1,0,167.35,0,1,0,0
51114,0,0,Phone,1,10,CC,Female,2,3,Mobile,4,Single,2,0,13,1,1,2,132.95,2,1,0,0
51115,0,4,Computer,1,30,COD,Female,1,3,Laptop & Accessory,1,Single,3,0,20,1,1,4,152.38,4,1,8,0
51116,0,12,Computer,1,6,Debit Card,Male,3,3,Laptop & Accessory,1,Married,2,1,15,3,5,8,164.72,8,5,72,9
51117,0,5,Mobile Phone,3,25,Debit Card,Male,3,5,Fashion,3,Married,4,0,13,1,1,2,196.1,2,1,10,0
51118,0,13,Mobile Phone,3,13,Credit Card,Male,2,3,Others,4,Single,2,0,15,1,12,8,298.33,8,12,169,0
51119,0,18,Mobile Phone,2,10,Debit Card,Female,2,5,Fashion,3,Married,5,0,21,1,1,3,197.56,3,1,36,0
51120,0,3,Computer,1,8,COD,Female,3,4,Mobile Phone,5,Single,1,0,16,0,1,7,149.68,7,1,6,0
51121,0,9,Computer,2,16,CC,Male,2,3,Mobile,1,Married,1,0,14,1,2,1,121.45,1,2,27,0
51122,1,9,Computer,2,14,UPI,Female,3,4,Mobile,1,Married,7,0,11,1,1,2,121.8,2,1,18,0
51123,0,4,Mobile Phone,3,11,COD,Male,2,3,Laptop & Accessory,3,Married,2,0,19,0,1,2,183.46,2,1,8,0
51124,0,0,Phone,1,14,CC,Female,3,3,Mobile,1,Single,2,0,11,1,1,4,134.45,4,1,0,0
51125,1,0,Phone,3,15,E wallet,Female,3,5,Mobile,4,Single,2,0,13,1,2,2,127.6,2,2,0,0
51126,0,2,Computer,1,6,Debit Card,Male,3,1,Laptop & Accessory,3,Single,9,1,12,0,1,2,162.94,2,1,4,3
51127,0,3,Mobile Phone,3,21,E wallet,Male,3,4,Fashion,5,Married,3,0,11,0,1,7,171.4,7,1,6,0
51128,0,7,Phone,1,8,CC,Male,3,1,Mobile,1,Married,1,1,14,0,1,2,129.32,2,1,14,3
51129,0,6,Computer,3,8,E wallet,Female,3,3,Laptop & Accessory,4,Single,9,0,15,0,1,7,151.47,7,1,12,0
51130,0,22,Phone,3,17,E wallet,Female,3,3,Laptop & Accessory,1,Single,4,0,12,0,1,4,145.07,4,1,44,0
51131,1,0,Mobile Phone,3,22,Debit Card,Female,3,3,Fashion,5,Single,3,1,20,0,1,0,185.64,0,1,0,1
51132,0,11,Computer,1,14,CC,Female,3,4,Mobile,4,Married,5,0,14,0,1,5,124.68,5,1,22,0
51133,1,0,Mobile Phone,3,22,E wallet,Male,3,3,Fashion,3,Married,3,0,13,1,1,0,181.61,0,1,0,0
51134,0,9,Phone,1,10,Cash on Delivery,Female,3,4,Mobile,5,Married,2,0,13,0,1,0,121.09,0,1,18,0
51135,0,0,Mobile Phone,1,22,Debit Card,Male,2,1,Laptop & Accessory,3,Married,4,0,16,1,1,7,152.94,7,1,0,0
51136,0,5,Computer,1,11,COD,Male,3,3,Mobile,4,Single,3,0,14,1,1,7,127.18,7,1,10,0
51137,0,11,Mobile Phone,1,24,Credit Card,Male,2,5,Laptop & Accessory,1,Married,4,1,16,0,1,0,158.11,0,1,22,1
51138,1,6,Computer,1,14,COD,Male,2,4,Mobile,3,Married,10,1,16,1,1,0,124.37,0,1,12,1
51139,0,15,Phone,1,18,CC,Male,3,3,Mobile,4,Married,9,0,22,1,1,4,127.66,4,1,30,0
51140,0,28,Mobile Phone,1,8,Credit Card,Male,2,4,Others,5,Married,9,0,12,1,1,0,290.38,0,1,56,0
51141,0,6,Computer,1,10,COD,Male,3,3,Laptop & Accessory,4,Married,6,0,15,0,1,7,130.55,7,1,12,0
51142,0,9,Phone,1,15,Debit Card,Male,3,3,Mobile,5,Married,2,0,20,1,1,4,122.89,4,1,18,0
51143,0,7,Computer,3,16,Debit Card,Male,2,3,Laptop & Accessory,3,Married,2,1,14,1,1,7,140.01,7,1,14,8
51144,0,26,Computer,1,6,Credit Card,Female,2,4,Grocery,3,Married,5,1,20,0,1,3,229.65,3,1,52,4
51145,0,16,Phone,2,8,Debit Card,Male,3,3,Mobile,1,Single,1,0,13,0,1,8,135.39,8,1,32,0
51146,0,7,Mobile Phone,3,9,Debit Card,Female,2,5,Laptop & Accessory,1,Single,6,0,12,1,2,2,160.29,2,2,21,0
51147,1,0,Phone,3,13,E wallet,Male,3,3,Mobile,4,Single,2,0,13,1,1,0,126.79,0,1,0,0
51148,0,11,Phone,1,12,UPI,Female,2,4,Mobile Phone,3,Married,2,0,11,0,1,4,137.02,4,1,22,0
51149,1,0,Phone,1,14,CC,Female,3,3,Mobile,5,Married,2,1,17,0,1,0,123.98,0,1,0,1
51150,0,4,Mobile Phone,3,35,E wallet,Female,3,4,Laptop & Accessory,1,Married,2,0,14,2,5,7,154.68,7,5,24,0
51151,0,24,Mobile Phone,1,9,Cash on Delivery,Female,2,3,Fashion,3,Married,3,0,11,2,2,3,231.16,3,2,72,0
51152,0,10,Phone,3,15,E wallet,Male,2,4,Laptop & Accessory,4,Married,2,0,14,0,1,3,141.89,3,1,20,0
51153,0,19,Mobile Phone,1,8,Credit Card,Male,2,3,Others,1,Married,8,1,15,1,2,2,293.28,2,2,57,3
51154,0,9,Mobile Phone,1,16,Debit Card,Male,2,3,Fashion,5,Married,8,1,13,1,5,7,183.21,7,5,54,8
51155,1,7,Computer,1,14,CC,Male,2,3,Mobile,4,Married,2,1,12,1,2,3,123.42,3,2,21,4
51156,0,10,Phone,2,14,UPI,Male,2,3,Laptop & Accessory,4,Married,3,0,13,4,4,7,140.71,7,4,50,0
51157,1,0,Mobile Phone,3,33,Debit Card,Male,2,3,Laptop & Accessory,1,Single,2,1,18,0,7,7,158.13,7,7,0,8
51158,0,6,Phone,1,14,Debit Card,Male,3,1,Mobile,5,Married,7,0,19,6,7,6,131.43,6,7,48,0
51159,0,9,Phone,1,6,Debit Card,Male,2,3,Mobile,1,Married,2,0,11,0,1,3,120.44,3,1,18,0
51160,0,12,Mobile Phone,1,16,Credit Card,Male,3,3,Fashion,3,Single,8,0,21,2,2,2,234.64,2,2,36,0
51161,0,19,Computer,3,32,Debit Card,Male,3,4,Laptop & Accessory,4,Single,9,0,15,2,2,2,179.91,2,2,57,0
51162,0,13,Phone,1,8,Debit Card,Female,2,3,Mobile,5,Married,5,0,17,1,1,2,133.77,2,1,26,0
51163,0,15,Mobile Phone,1,19,Credit Card,Male,3,1,Laptop & Accessory,5,Married,6,0,18,1,1,0,155.38,0,1,30,0
51164,0,8,Computer,1,8,Credit Card,Male,2,3,Laptop & Accessory,1,Married,3,0,14,0,1,7,157.62,7,1,16,0
51165,0,11,Computer,2,14,UPI,Male,3,3,Mobile,4,Married,6,0,13,3,3,8,125.92,8,3,44,0
51166,1,0,Computer,1,15,Debit Card,Male,3,3,Laptop & Accessory,5,Married,5,0,17,0,1,7,153.46,7,1,0,0
51167,1,0,Phone,1,16,Credit Card,Male,2,3,Laptop & Accessory,5,Single,2,0,15,0,1,8,142.13,8,1,0,0
51168,0,12,Computer,3,26,Debit Card,Male,2,3,Laptop & Accessory,1,Married,3,0,18,1,2,2,141.27,2,2,36,0
51169,0,16,Computer,1,14,Debit Card,Male,2,3,Mobile,3,Single,5,0,13,0,1,2,124.38,2,1,32,0
51170,0,14,Mobile Phone,1,11,Debit Card,Male,2,1,Laptop & Accessory,4,Single,4,0,12,1,1,2,168.7,2,1,28,0
51171,0,14,Mobile Phone,3,10,E wallet,Female,2,3,Fashion,3,Married,1,1,13,0,13,5,204.47,5,13,196,6
51172,0,3,Mobile Phone,1,16,Credit Card,Female,3,3,Fashion,3,Single,10,0,14,0,1,2,196.67,2,1,6,0
51173,1,9,Phone,2,26,CC,Female,3,3,Mobile,4,Married,1,1,11,0,1,4,121.48,4,1,18,5
51174,1,9,Mobile Phone,1,27,Credit Card,Female,3,3,Laptop & Accessory,4,Married,5,0,22,1,3,7,189.26,7,3,36,0
51175,0,13,Mobile Phone,1,6,Debit Card,Female,2,3,Laptop & Accessory,1,Married,5,0,17,0,1,3,165.13,3,1,26,0
51176,0,7,Mobile Phone,3,14,COD,Male,3,1,Laptop & Accessory,3,Married,2,0,21,0,4,8,167.99,8,4,35,0
51177,0,30,Computer,3,8,Credit Card,Male,2,3,Grocery,4,Married,5,0,22,10,14,14,0.0,14,14,450,0
51178,0,8,Phone,1,29,CC,Male,3,5,Mobile,3,Married,1,0,16,1,1,3,127.05,3,1,16,0
51179,0,20,Mobile Phone,1,10,Debit Card,Female,3,4,Fashion,4,Married,9,1,12,2,14,10,203.33,10,14,300,11
51180,0,13,Phone,1,18,Debit Card,Female,2,3,Laptop & Accessory,5,Married,3,0,12,7,7,7,144.48,7,7,104,0
51181,0,27,Mobile Phone,1,13,Credit Card,Female,3,3,Laptop & Accessory,1,Married,5,0,15,1,1,7,168.54,7,1,54,0
51182,0,4,Computer,3,13,E wallet,Female,3,3,Fashion,5,Married,3,0,14,2,2,2,196.37,2,2,12,0
51183,0,1,Phone,1,6,Credit Card,Female,3,3,Mobile Phone,5,Married,2,0,25,1,1,2,135.91,2,1,2,0
51184,0,11,Mobile Phone,3,8,E wallet,Female,3,5,Laptop & Accessory,1,Married,3,1,20,0,1,3,154.05,3,1,22,4
51185,0,0,Phone,3,16,Credit Card,Male,2,3,Laptop & Accessory,1,Single,2,0,13,0,1,2,146.84,2,1,0,0
51186,0,30,Computer,1,21,Debit Card,Male,2,3,Grocery,3,Married,3,1,14,1,2,2,257.87,2,2,90,3
51187,0,9,Computer,1,20,Credit Card,Female,2,3,Mobile Phone,3,Single,2,0,16,1,1,0,115.14,0,1,18,0
51188,1,0,Phone,2,24,UPI,Male,3,1,Mobile,5,Married,1,0,17,1,1,0,129.56,0,1,0,0
51189,1,0,Phone,2,14,UPI,Male,2,4,Mobile,5,Married,5,1,15,1,2,0,123.35,0,2,0,1
51190,0,18,Computer,3,8,Debit Card,Female,3,3,Laptop & Accessory,3,Married,5,0,22,3,5,7,151.54,7,5,108,0
51191,0,9,Mobile Phone,1,8,UPI,Female,3,3,Laptop & Accessory,4,Married,5,1,22,0,1,0,169.62,0,1,18,1
51192,0,16,Computer,3,8,Debit Card,Male,3,3,Laptop & Accessory,1,Married,2,0,20,5,7,7,156.75,7,7,128,0
51193,0,0,Computer,1,14,Debit Card,Female,2,3,Mobile,1,Single,1,1,14,1,1,2,123.79,2,1,0,3
51194,0,2,Computer,1,26,Credit Card,Male,2,3,Mobile Phone,1,Married,2,0,13,1,3,10,138.12,10,3,8,0
51195,0,5,Computer,3,16,E wallet,Male,3,3,Laptop & Accessory,1,Single,9,0,13,1,1,0,146.48,0,1,10,0
51196,0,15,Computer,1,16,COD,Male,3,3,Mobile,3,Married,4,0,22,1,3,3,129.36,3,3,60,0
51197,0,9,Phone,1,15,Debit Card,Female,3,3,Mobile,3,Single,5,0,12,1,2,0,121.05,0,2,27,0
51198,0,19,Mobile Phone,1,8,Debit Card,Male,2,3,Fashion,1,Married,4,0,14,1,4,7,185.78,7,4,95,0
51199,0,1,Computer,2,6,Debit Card,Male,3,3,Mobile,1,Married,2,0,15,0,2,2,127.06,2,2,3,0
51200,0,2,Mobile Phone,1,35,Debit Card,Male,3,5,Laptop & Accessory,3,Married,9,0,17,1,1,6,163.84,6,1,4,0
51201,0,15,Phone,1,14,Debit Card,Male,2,3,Mobile Phone,3,Single,5,0,13,1,1,0,139.68,0,1,30,0
51202,1,0,Mobile Phone,3,8,E wallet,Male,2,4,Laptop & Accessory,4,Single,8,1,12,2,2,2,199.07,2,2,0,3
51203,0,19,Mobile Phone,3,9,Cash on Delivery,Female,2,1,Grocery,5,Married,3,0,12,1,2,8,232.25,8,2,57,0
51204,0,0,Phone,3,29,Credit Card,Female,2,4,Laptop & Accessory,3,Married,2,0,21,4,5,8,135.4,8,5,0,0
51205,0,2,Phone,2,12,CC,Male,3,4,Mobile,4,Married,2,0,11,1,1,0,128.04,0,1,4,0
51206,0,16,Mobile Phone,1,12,Credit Card,Female,2,4,Others,3,Married,8,0,15,3,6,14,293.92,14,6,112,0
51207,0,21,Mobile Phone,1,16,Debit Card,Male,3,4,Others,4,Married,5,0,15,3,12,9,296.65,9,12,273,0
51208,1,0,Computer,1,14,Debit Card,Male,3,4,Mobile,1,Single,2,1,24,1,1,0,124.39,0,1,0,1
51209,1,9,Mobile Phone,3,16,Debit Card,Female,3,3,Fashion,4,Married,6,0,21,0,1,7,173.14,7,1,18,0
51210,0,0,Computer,1,21,Debit Card,Female,3,4,Mobile Phone,5,Married,1,0,19,7,7,3,147.74,3,7,0,0
51211,0,12,Phone,1,25,UPI,Male,2,3,Laptop & Accessory,1,Married,9,0,14,1,2,2,139.02,2,2,36,0
51212,0,28,Phone,1,8,COD,Male,3,4,Mobile,1,Married,9,0,20,0,1,4,126.62,4,1,56,0
51213,0,1,Phone,3,9,CC,Female,3,3,Mobile,4,Married,2,0,19,1,1,0,128.56,0,1,2,0
51214,1,0,Mobile Phone,3,15,Credit Card,Male,2,3,Mobile Phone,1,Single,2,0,13,0,1,0,110.81,0,1,0,0
51215,1,0,Phone,1,14,Debit Card,Male,3,3,Mobile,4,Single,2,1,23,1,1,0,124.72,0,1,0,1
51216,0,9,Mobile Phone,3,16,COD,Female,3,4,Laptop & Accessory,3,Married,2,1,13,1,1,7,156.73,7,1,18,8
51217,0,4,Phone,1,26,Debit Card,Male,2,3,Laptop & Accessory,3,Married,2,0,11,0,1,2,141.97,2,1,8,0
51218,0,7,Mobile Phone,3,10,Debit Card,Male,3,3,Fashion,1,Married,3,1,13,0,1,0,197.13,0,1,14,1
51219,0,9,Phone,1,13,Debit Card,Male,2,3,Mobile,5,Single,4,0,14,0,1,2,120.62,2,1,18,0
51220,0,10,Phone,1,13,Credit Card,Male,3,3,Laptop & Accessory,5,Married,6,1,22,0,1,4,142.84,4,1,20,5
51221,0,8,Phone,1,22,UPI,Female,2,4,Laptop & Accessory,4,Married,1,1,11,1,1,2,147.88,2,1,16,3
51222,0,18,Mobile Phone,1,31,Debit Card,Female,3,4,Laptop & Accessory,1,Married,1,0,13,0,3,8,159.06,8,3,72,0
51223,0,9,Computer,2,8,UPI,Male,3,4,Laptop & Accessory,1,Single,2,0,21,1,1,8,138.86,8,1,18,0
51224,0,13,Mobile Phone,1,6,Debit Card,Male,3,3,Grocery,5,Married,3,0,11,1,11,16,268.23,16,11,156,0
51225,0,0,Phone,1,6,Debit Card,Female,3,4,Mobile,3,Married,2,1,13,0,1,0,129.33,0,1,0,1
51226,0,0,Mobile Phone,3,8,Credit Card,Female,2,1,Laptop & Accessory,3,Single,1,0,14,0,1,7,165.0,7,1,0,0
51227,0,21,Computer,1,28,Credit Card,Female,2,3,Grocery,1,Married,4,0,11,1,4,7,271.74,7,4,105,0
51228,0,17,Mobile Phone,1,6,Debit Card,Male,3,1,Laptop & Accessory,5,Married,3,0,15,2,2,2,150.33,2,2,51,0
51229,1,9,Computer,1,22,COD,Male,2,5,Mobile,5,Married,2,1,23,3,3,0,123.07,0,3,36,1
51230,1,19,Phone,1,14,Debit Card,Male,3,3,Mobile,1,Single,2,0,16,0,1,0,125.87,0,1,38,0
51231,0,9,Mobile Phone,3,23,E wallet,Male,2,4,Laptop & Accessory,4,Married,3,0,16,1,1,3,155.07,3,1,18,0
51232,0,14,Phone,3,14,E wallet,Female,2,3,Laptop & Accessory,4,Married,6,0,21,1,1,4,143.93,4,1,28,0
51233,0,15,Mobile Phone,1,12,Credit Card,Male,2,3,Fashion,5,Married,10,0,13,3,2,7,233.48,7,2,45,0
51234,0,4,Mobile Phone,3,16,Credit Card,Female,2,3,Laptop & Accessory,1,Married,3,1,11,0,1,4,165.83,4,1,8,5
51235,0,7,Mobile Phone,3,9,Credit Card,Female,3,4,Laptop & Accessory,1,Married,4,1,12,0,1,1,181.03,1,1,14,2
51236,0,4,Phone,1,10,Credit Card,Female,3,1,Mobile Phone,3,Married,9,0,12,2,2,2,139.78,2,2,12,0
51237,0,0,Computer,1,14,UPI,Male,3,1,Mobile,1,Married,1,0,18,2,7,7,125.44,7,7,0,0
51238,0,18,Computer,1,6,Credit Card,Male,2,3,Laptop & Accessory,3,Single,5,0,12,1,1,3,153.99,3,1,36,0
51239,0,6,Mobile Phone,3,16,E wallet,Male,2,3,Laptop & Accessory,3,Single,2,0,14,0,1,9,154.87,9,1,12,0
51240,0,1,Computer,3,6,Debit Card,Male,2,4,Laptop & Accessory,1,Married,2,1,12,0,1,7,168.34,7,1,2,8
51241,1,0,Computer,3,30,Cash on Delivery,Male,2,1,Mobile Phone,5,Single,2,0,17,1,1,0,110.91,0,1,0,0
51242,0,12,Computer,3,27,Debit Card,Female,2,5,Laptop & Accessory,3,Married,7,0,19,0,1,2,157.36,2,1,24,0
51243,0,9,Phone,1,8,COD,Male,2,3,Mobile,4,Married,2,0,11,1,1,2,122.26,2,1,18,0
51244,0,7,Computer,1,28,UPI,Male,2,4,Laptop & Accessory,1,Married,2,1,15,3,6,11,157.47,11,6,49,12
51245,1,0,Mobile Phone,3,19,E wallet,Female,2,3,Laptop & Accessory,3,Single,4,1,11,2,2,2,198.54,2,2,0,3
51246,0,20,Computer,1,20,COD,Male,3,3,Laptop & Accessory,4,Married,9,0,18,0,1,7,154.67,7,1,40,0
51247,0,29,Mobile Phone,3,17,E wallet,Female,2,4,Laptop & Accessory,5,Married,5,0,16,0,1,0,153.8,0,1,58,0
51248,0,12,Mobile Phone,1,15,Credit Card,Male,2,3,Laptop & Accessory,5,Married,2,0,25,4,7,9,151.51,9,7,96,0
51249,0,9,Computer,1,14,CC,Female,2,4,Laptop & Accessory,4,Married,2,1,16,1,1,7,121.33,7,1,18,8
51250,0,30,Mobile Phone,3,27,Debit Card,Female,3,3,Grocery,1,Married,5,1,13,1,1,0,278.75,0,1,60,1
51251,1,0,Computer,1,14,Debit Card,Female,2,1,Mobile,3,Single,4,1,14,0,1,3,124.32,3,1,0,4
51252,0,11,Phone,1,15,Debit Card,Male,3,3,Mobile Phone,1,Married,3,0,19,1,1,3,147.71,3,1,22,0
51253,0,22,Computer,1,8,Debit Card,Male,2,3,Others,1,Married,4,0,15,1,4,3,291.61,3,4,110,0
51254,0,15,Mobile Phone,3,18,E wallet,Male,3,3,Laptop & Accessory,1,Married,4,1,12,0,1,0,150.87,0,1,30,1
51255,1,0,Computer,2,28,UPI,Female,3,4,Mobile,4,Married,2,0,12,1,1,0,128.63,0,1,0,0
51256,0,8,Mobile Phone,3,24,Credit Card,Male,3,3,Laptop & Accessory,5,Married,1,0,16,0,1,4,0.0,4,1,16,0
51257,0,9,Computer,1,22,CC,Male,2,3,Mobile,3,Single,2,0,14,0,1,4,121.44,4,1,18,0
51258,0,4,Computer,1,9,CC,Male,3,3,Mobile,5,Married,2,1,13,0,2,3,130.65,3,2,12,4
51259,0,9,Computer,1,15,Debit Card,Male,3,1,Mobile,4,Married,2,0,22,1,1,2,128.1,2,1,18,0
51260,0,7,Mobile Phone,3,6,E wallet,Male,2,3,Fashion,1,Single,2,0,21,1,2,1,198.88,1,2,21,0
51261,0,7,Mobile Phone,3,19,Credit Card,Male,2,3,Fashion,3,Married,2,0,18,1,1,1,186.28,1,1,14,0
51262,0,0,Phone,1,6,CC,Male,3,3,Mobile,5,Single,1,0,13,3,7,6,128.67,6,7,0,0
51263,0,2,Mobile Phone,1,6,Debit Card,Male,2,3,Laptop & Accessory,5,Married,1,0,12,1,1,2,153.73,2,1,4,0
51264,0,5,Computer,1,21,Credit Card,Female,2,3,Laptop & Accessory,1,Married,6,0,18,0,1,2,166.67,2,1,10,0
51265,0,4,Computer,1,6,Debit Card,Male,2,5,Laptop & Accessory,5,Married,2,0,21,1,8,7,150.03,7,8,36,0
51266,1,0,Phone,1,14,COD,Male,2,4,Mobile,1,Married,6,0,12,0,1,3,123.67,3,1,0,0
51267,0,11,Phone,3,6,Debit Card,Male,3,4,Mobile,5,Single,5,0,14,0,1,0,128.58,0,1,22,0
51268,0,8,Mobile Phone,3,13,Debit Card,Female,2,3,Laptop & Accessory,1,Married,2,1,11,1,1,9,152.04,9,1,16,10
51269,0,0,Phone,3,15,E wallet,Male,2,3,Laptop & Accessory,1,Single,2,0,14,0,1,7,141.05,7,1,0,0
51270,0,5,Mobile Phone,1,11,Debit Card,Male,2,4,Laptop & Accessory,1,Single,9,0,24,0,1,0,196.79,0,1,10,0
51271,1,0,Computer,3,32,E wallet,Male,3,3,Laptop & Accessory,1,Married,2,1,11,0,1,8,156.17,8,1,0,9
51272,1,16,Mobile Phone,3,30,Debit Card,Male,3,3,Fashion,5,Single,7,1,13,2,2,2,204.48,2,2,48,3
51273,0,27,Phone,1,15,Debit Card,Female,3,3,Laptop & Accessory,3,Married,4,0,11,0,2,3,128.97,3,2,81,0
51274,0,6,Computer,1,13,Debit Card,Male,2,3,Laptop & Accessory,3,Married,2,0,20,2,2,8,159.68,8,2,18,0
51275,0,16,Mobile Phone,1,17,Debit Card,Male,1,3,Fashion,3,Married,2,0,17,1,1,9,175.1,9,1,32,0
51276,0,11,Computer,2,6,UPI,Male,3,3,Mobile,4,Married,1,1,11,1,1,2,129.91,2,1,22,3
51277,0,28,Mobile Phone,2,32,UPI,Male,3,1,Others,4,Married,5,1,15,1,1,4,296.36,4,1,56,5
51278,0,4,Mobile Phone,1,8,Credit Card,Female,2,5,Mobile Phone,1,Married,2,1,11,1,1,0,111.29,0,1,8,1
51279,0,12,Mobile Phone,3,21,E wallet,Male,3,3,Grocery,5,Single,1,0,12,4,2,10,233.41,10,2,36,0
51280,0,15,Computer,1,29,Debit Card,Male,2,4,Laptop & Accessory,3,Single,2,0,12,2,3,7,143.32,7,3,60,0
51281,0,4,Computer,1,16,Credit Card,Female,2,3,Fashion,3,Married,5,0,20,3,4,3,210.31,3,4,20,0
51282,0,27,Phone,1,16,Credit Card,Female,3,3,Laptop & Accessory,5,Single,7,1,19,0,1,4,144.4,4,1,54,5
51283,0,0,Phone,1,6,Debit Card,Male,2,4,Laptop & Accessory,3,Single,2,0,12,1,1,2,146.17,2,1,0,0
51284,0,0,Phone,1,14,UPI,Male,3,3,Mobile,1,Single,2,0,13,1,1,4,126.47,4,1,0,0
51285,0,13,Computer,1,17,COD,Female,3,3,Laptop & Accessory,3,Married,2,0,11,2,9,4,163.23,4,9,130,0
51286,0,13,Mobile Phone,3,8,E wallet,Female,3,3,Laptop & Accessory,4,Married,4,0,14,1,5,10,156.77,10,5,78,0
51287,0,9,Phone,2,8,UPI,Female,2,3,Mobile,4,Married,5,0,14,0,1,2,121.87,2,1,18,0
51288,0,3,Phone,1,6,Credit Card,Male,3,3,Mobile Phone,4,Married,2,0,13,0,1,7,137.48,7,1,6,0
51289,0,0,Phone,1,8,UPI,Male,2,3,Mobile Phone,3,Married,7,1,19,0,1,2,139.77,2,1,0,3
51290,0,20,Mobile Phone,1,31,Credit Card,Male,2,3,Fashion,3,Single,3,0,23,1,12,11,186.33,11,12,260,0
51291,0,9,Computer,1,6,CC,Male,2,4,Mobile,3,Married,2,0,12,0,1,0,120.08,0,1,18,0
51292,0,11,Phone,3,6,Debit Card,Male,2,3,Laptop & Accessory,4,Married,1,0,15,4,5,8,144.4,8,5,66,0
51293,0,4,Phone,3,8,Debit Card,Male,3,3,Mobile,3,Married,1,0,19,1,1,2,130.67,2,1,8,0
51294,0,11,Computer,1,12,Debit Card,Male,3,4,Laptop & Accessory,3,Married,3,0,11,2,7,7,153.21,7,7,88,0
51295,0,15,Mobile Phone,1,24,Debit Card,Male,2,3,Laptop & Accessory,5,Married,7,1,17,0,1,2,154.1,2,1,30,3
51296,0,14,Phone,1,6,Debit Card,Male,3,3,Mobile,1,Married,4,0,22,0,1,0,127.82,0,1,28,0
51297,0,20,Computer,1,6,Credit Card,Female,3,3,Fashion,4,Married,1,0,18,0,5,3,219.57,3,5,120,0
51298,0,8,Phone,1,17,CC,Male,2,3,Mobile,3,Married,8,1,11,0,2,2,126.6,2,2,24,3
51299,0,0,Phone,1,6,Debit Card,Male,3,3,Mobile,3,Single,1,0,12,0,1,2,133.75,2,1,0,0
51300,0,8,Mobile Phone,1,15,Credit Card,Male,2,3,Laptop & Accessory,3,Single,2,0,19,0,1,8,150.98,8,1,16,0
51301,0,6,Mobile Phone,1,21,Credit Card,Female,3,3,Laptop & Accessory,1,Married,1,1,13,5,8,1,12.0,1,8,54,2
51302,0,5,Phone,1,35,Debit Card,Female,3,4,Mobile,4,Single,2,0,13,3,4,1,128.37,1,4,25,0
51303,0,13,Phone,1,14,Debit Card,Male,2,3,Mobile,1,Married,9,0,19,0,1,0,124.06,0,1,26,0
51304,0,9,Phone,3,6,CC,Male,3,4,Mobile,4,Married,1,0,14,0,2,2,122.69,2,2,27,0
51305,0,12,Phone,1,30,Debit Card,Male,2,3,Laptop & Accessory,1,Single,8,0,13,1,1,7,141.08,7,1,24,0
51306,0,11,Mobile Phone,1,16,Credit Card,Female,2,5,Fashion,3,Married,4,0,12,1,2,11,232.06,11,2,33,0
51307,0,5,Mobile Phone,3,6,E wallet,Female,2,3,Fashion,1,Married,2,0,19,3,5,7,204.22,7,5,30,0
51308,0,10,Mobile Phone,1,16,Debit Card,Female,2,1,Fashion,1,Married,2,1,25,0,2,8,237.44,8,2,30,9
51309,0,0,Phone,3,14,UPI,Female,2,3,Laptop & Accessory,3,Married,1,1,22,1,1,4,149.07,4,1,0,5
51310,0,25,Computer,3,126,Debit Card,Male,2,3,Mobile,1,Married,3,0,15,1,1,0,134.82,0,1,50,0
51311,0,17,Phone,1,14,CC,Male,2,3,Mobile,1,Single,7,1,12,0,1,2,124.36,2,1,34,3
51312,0,0,Phone,3,14,CC,Male,2,3,Mobile,5,Single,2,1,11,1,1,2,123.8,2,1,0,3
51313,0,12,Computer,1,15,Debit Card,Male,2,3,Others,1,Single,3,0,15,0,1,3,294.31,3,1,24,0
51314,1,9,Computer,3,15,E wallet,Male,2,3,Mobile Phone,5,Married,2,0,19,1,1,0,117.9,0,1,18,0
51315,0,9,Mobile Phone,3,9,Credit Card,Female,3,4,Fashion,1,Married,1,0,19,3,3,4,176.44,4,3,36,0
51316,0,9,Computer,1,10,Debit Card,Female,3,3,Laptop & Accessory,4,Married,8,0,13,1,1,2,151.31,2,1,18,0
51317,0,29,Computer,1,6,Debit Card,Male,2,3,Laptop & Accessory,3,Married,2,0,21,0,1,9,163.06,9,1,58,0
51318,1,0,Phone,1,6,Credit Card,Male,2,3,Mobile Phone,1,Married,10,1,14,2,2,2,147.87,2,2,0,3
51319,0,15,Mobile Phone,1,8,Debit Card,Male,2,3,Others,3,Married,6,0,11,1,4,14,288.8,14,4,75,0
51320,1,19,Phone,1,14,COD,Male,3,3,Mobile,3,Married,9,0,11,6,9,8,123.39,8,9,190,0
51321,0,14,Mobile Phone,1,34,Debit Card,Female,2,4,Grocery,4,Married,1,0,23,1,2,10,235.7,10,2,42,0
51322,0,7,Mobile Phone,3,34,E wallet,Female,3,4,Laptop & Accessory,3,Married,2,0,21,1,1,7,167.12,7,1,14,0
51323,0,9,Computer,3,21,E wallet,Male,2,5,Laptop & Accessory,1,Married,2,0,24,4,11,11,154.06,11,11,108,0
51324,0,14,Mobile Phone,3,9,Debit Card,Male,2,4,Laptop & Accessory,4,Married,3,0,11,0,1,4,189.38,4,1,28,0
51325,0,5,Phone,1,14,COD,Male,3,3,Mobile,5,Single,2,0,14,1,1,2,124.39,2,1,10,0
51326,0,8,Mobile Phone,2,32,Debit Card,Female,2,3,Fashion,1,Single,2,1,16,1,1,7,188.37,7,1,16,8
51327,0,11,Mobile Phone,3,16,Debit Card,Female,3,3,Laptop & Accessory,1,Married,2,0,11,0,1,9,153.43,9,1,22,0
51328,1,13,Computer,3,6,Debit Card,Male,3,3,Laptop & Accessory,3,Married,8,0,12,1,1,1,167.28,1,1,26,0
51329,0,9,Mobile Phone,3,17,E wallet,Female,3,4,Laptop & Accessory,1,Married,5,0,13,1,1,0,166.52,0,1,18,0
51330,0,18,Phone,3,26,Debit Card,Female,2,3,Laptop & Accessory,3,Single,9,0,15,1,1,1,148.5,1,1,36,0
51331,0,13,Phone,1,8,Debit Card,Male,3,4,Mobile,3,Single,3,0,14,0,2,2,128.09,2,2,39,0
51332,0,8,Computer,1,24,Debit Card,Male,3,3,Laptop & Accessory,3,Married,2,1,14,1,1,2,156.89,2,1,16,3
51333,0,9,Mobile Phone,1,8,CC,Female,3,3,Mobile,3,Married,3,0,14,1,1,2,120.01,2,1,18,0
51334,0,8,Phone,1,6,Debit Card,Female,3,5,Mobile,1,Married,2,0,12,0,1,1,129.77,1,1,16,0
51335,0,2,Phone,1,19,UPI,Male,2,4,Laptop & Accessory,4,Married,5,1,13,1,1,3,140.25,3,1,4,4
51336,0,2,Phone,1,34,Credit Card,Female,3,4,Mobile Phone,5,Single,2,0,14,0,1,4,137.85,4,1,4,0
51337,1,13,Mobile Phone,3,34,E wallet,Male,2,4,Fashion,5,Married,5,1,13,0,2,0,208.54,0,2,39,1
51338,0,12,Mobile Phone,3,30,E wallet,Female,2,4,Grocery,1,Married,1,0,11,1,9,3,220.31,3,9,120,0
51339,0,4,Computer,1,11,Credit Card,Male,3,3,Laptop & Accessory,5,Single,1,0,19,0,1,7,199.36,7,1,8,0
51340,0,0,Phone,3,11,UPI,Female,3,4,Mobile,3,Single,1,0,18,0,1,0,129.66,0,1,0,0
51341,0,9,Computer,1,14,CC,Male,2,1,Laptop & Accessory,1,Married,5,0,17,0,1,3,125.71,3,1,18,0
51342,0,12,Mobile Phone,1,12,Credit Card,Male,2,4,Fashion,5,Married,5,0,15,1,1,7,199.91,7,1,24,0
51343,0,0,Mobile Phone,1,10,Debit Card,Male,2,1,Laptop & Accessory,4,Married,2,1,20,1,1,3,161.42,3,1,0,4
51344,0,22,Computer,3,8,Credit Card,Male,3,4,Laptop & Accessory,4,Married,3,0,14,1,1,8,153.9,8,1,44,0
51345,0,7,Phone,1,14,Credit Card,Male,2,1,Laptop & Accessory,3,Married,3,0,12,0,1,2,144.04,2,1,14,0
51346,1,4,Mobile Phone,3,6,Debit Card,Female,3,3,Laptop & Accessory,1,Single,9,1,11,0,1,5,159.93,5,1,8,6
51347,0,22,Computer,1,14,Debit Card,Male,3,4,Laptop & Accessory,4,Married,2,0,23,0,1,7,151.3,7,1,44,0
51348,1,9,Phone,1,8,UPI,Male,3,4,Mobile,3,Single,7,1,15,0,1,0,120.9,0,1,18,1
51349,0,6,Computer,1,9,Debit Card,Female,3,3,Mobile,3,Married,2,1,11,2,3,0,129.09,0,3,24,1
51350,0,0,Phone,1,8,CC,Male,2,3,Mobile,4,Married,10,0,12,1,2,2,134.68,2,2,0,0
51351,0,5,Computer,1,8,Debit Card,Male,3,3,Mobile,1,Single,1,0,13,1,3,6,130.68,6,3,20,0
51352,0,30,Phone,1,9,CC,Female,3,1,Mobile,5,Married,5,1,20,0,1,0,126.7,0,1,60,1
51353,0,3,Phone,1,30,Debit Card,Male,3,3,Mobile,3,Married,2,0,22,1,1,0,126.93,0,1,6,0
51354,0,11,Computer,1,29,Debit Card,Male,2,4,Fashion,3,Single,1,0,21,1,1,8,195.26,8,1,22,0
51355,0,9,Mobile Phone,1,33,Credit Card,Male,3,3,Laptop & Accessory,3,Married,7,0,13,0,7,7,152.37,7,7,72,0
51356,0,8,Phone,1,14,CC,Male,2,1,Mobile,4,Married,1,0,13,1,1,3,124.26,3,1,16,0
51357,0,2,Phone,1,21,Debit Card,Female,2,4,Laptop & Accessory,3,Single,1,1,12,1,1,8,141.93,8,1,4,9
51358,0,4,Phone,1,32,Debit Card,Male,3,3,Mobile,3,Married,2,0,17,3,4,3,129.11,3,4,20,0
51359,0,7,Phone,1,25,CC,Male,3,3,Mobile,1,Married,1,0,11,0,1,2,126.61,2,1,14,0
51360,1,9,Phone,1,30,Debit Card,Male,2,4,Mobile,3,Single,6,1,14,0,1,3,120.28,3,1,18,4
51361,0,2,Mobile Phone,1,27,Debit Card,Female,2,1,Fashion,5,Married,2,0,11,6,8,8,199.8,8,8,18,0
51362,0,5,Phone,1,11,Debit Card,Male,3,1,Mobile,4,Married,1,1,12,1,1,5,132.98,5,1,10,6
51363,0,0,Computer,1,22,CC,Male,3,1,Mobile,1,Married,2,1,13,0,1,0,129.35,0,1,0,1
51364,0,26,Mobile Phone,3,8,Debit Card,Female,3,4,Grocery,1,Married,3,0,16,0,2,7,254.27,7,2,78,0
51365,0,11,Phone,1,8,Debit Card,Male,2,3,Mobile Phone,1,Single,6,1,11,0,1,2,139.44,2,1,22,3
51366,0,0,Computer,1,17,UPI,Female,3,1,Laptop & Accessory,3,Married,1,0,18,0,1,3,140.11,3,1,0,0
51367,1,0,Phone,3,15,Debit Card,Male,2,4,Mobile,5,Single,8,0,23,0,1,3,134.07,3,1,0,0
51368,0,7,Mobile Phone,1,13,Debit Card,Female,2,3,Fashion,4,Single,1,0,11,0,2,3,219.94,3,2,21,0
51369,0,9,Mobile Phone,1,21,Debit Card,Male,3,3,Mobile Phone,1,Single,2,0,14,1,1,0,112.32,0,1,18,0
51370,1,0,Phone,1,12,CC,Male,3,3,Mobile,5,Single,3,0,11,0,1,3,129.6,3,1,0,0
51371,0,26,Mobile Phone,1,11,UPI,Female,2,3,Others,3,Married,5,0,11,1,4,8,290.94,8,4,130,0
51372,1,0,Computer,1,22,Debit Card,Female,3,5,Mobile Phone,5,Single,2,1,22,0,6,7,139.19,7,6,0,8
51373,0,15,Mobile Phone,3,14,E wallet,Male,2,3,Laptop & Accessory,4,Married,1,0,11,2,4,2,168.25,2,4,75,0
51374,0,17,Mobile Phone,1,13,Credit Card,Female,2,4,Fashion,1,Married,4,0,14,0,5,17,202.48,17,5,102,0
51375,0,19,Mobile Phone,3,8,E wallet,Female,2,3,Others,5,Single,4,0,12,1,2,1,289.47,1,2,57,0
51376,0,6,Phone,1,14,CC,Male,3,3,Mobile,1,Single,5,0,11,0,1,0,124.96,0,1,12,0
51377,0,17,Mobile Phone,1,16,UPI,Male,2,3,Laptop & Accessory,1,Married,3,1,13,0,1,3,164.65,3,1,34,4
51378,0,9,Phone,1,15,CC,Male,2,4,Mobile,3,Single,2,0,13,0,1,8,122.06,8,1,18,0
51379,1,9,Phone,3,11,Cash on Delivery,Male,2,3,Laptop & Accessory,1,Married,4,0,14,0,1,0,120.86,0,1,18,0
51380,1,9,Phone,1,6,CC,Male,3,3,Mobile,1,Married,3,1,16,0,2,0,122.93,0,2,27,1
51381,0,16,Phone,1,14,CC,Female,3,1,Mobile,3,Married,2,0,12,1,1,4,126.45,4,1,32,0
51382,1,13,Phone,3,9,E wallet,Male,3,4,Mobile,3,Married,2,1,14,1,1,2,126.83,2,1,26,3
51383,0,9,Mobile Phone,3,8,E wallet,Female,3,3,Mobile,1,Married,2,0,13,2,2,2,120.14,2,2,27,0
51384,0,9,Phone,1,11,Debit Card,Female,2,4,Mobile,5,Married,10,1,14,1,1,0,134.19,0,1,18,1
51385,0,6,Computer,3,6,Debit Card,Female,2,1,Laptop & Accessory,5,Married,3,0,19,0,1,3,153.76,3,1,12,0
51386,0,9,Mobile Phone,1,10,UPI,Male,3,3,Mobile,1,Married,2,0,12,1,1,0,119.51,0,1,18,0
51387,0,0,Phone,1,14,Debit Card,Female,2,3,Mobile,5,Married,2,0,13,1,1,0,123.41,0,1,0,0
51388,1,9,Phone,1,31,Debit Card,Male,2,5,Mobile,3,Single,2,0,12,0,1,1,122.93,1,1,18,0
51389,0,0,Computer,3,14,Debit Card,Male,2,3,Fashion,3,Single,2,0,15,1,1,7,187.26,7,1,0,0
51390,0,3,Computer,1,6,Credit Card,Female,2,3,Laptop & Accessory,1,Single,2,0,23,1,3,7,140.11,7,3,12,0
51391,1,4,Mobile Phone,1,18,Cash on Delivery,Female,2,3,Others,3,Married,2,0,15,1,15,8,295.45,8,15,64,0
51392,0,7,Computer,3,29,E wallet,Male,3,3,Laptop & Accessory,3,Single,1,0,20,0,8,7,145.68,7,8,63,0
51393,0,10,Phone,1,25,Debit Card,Male,3,3,Mobile,4,Married,5,0,21,0,1,0,130.22,0,1,20,0
51394,0,19,Computer,3,11,E wallet,Male,3,3,Laptop & Accessory,1,Single,5,1,21,1,1,8,157.72,8,1,38,9
51395,0,9,Phone,1,14,Debit Card,Male,2,1,Mobile,1,Married,2,0,19,1,1,1,122.69,1,1,18,0
51396,1,11,Mobile Phone,1,6,Debit Card,Male,3,4,Fashion,3,Single,10,1,13,0,1,0,153.81,0,1,22,1
51397,1,0,Phone,1,11,COD,Male,2,3,Mobile,3,Single,2,1,13,0,2,2,134.41,2,2,0,3
51398,0,17,Mobile Phone,3,6,E wallet,Female,3,3,Laptop & Accessory,5,Married,6,1,21,1,1,3,154.54,3,1,34,4
51399,0,8,Computer,1,17,Credit Card,Male,3,4,Fashion,5,Married,3,1,13,1,2,3,198.84,3,2,24,4
51400,0,0,Phone,3,29,E wallet,Female,2,4,Laptop & Accessory,1,Married,8,1,19,0,1,0,141.57,0,1,0,1
51401,0,6,Computer,1,29,Debit Card,Female,3,3,Fashion,1,Single,2,1,12,3,2,12,234.58,12,2,18,13
51402,0,8,Computer,3,5,Debit Card,Male,3,3,Fashion,5,Married,2,0,22,0,1,8,190.69,8,1,16,0
51403,0,8,Phone,1,29,Credit Card,Female,1,3,Mobile Phone,5,Married,4,1,15,0,2,2,140.14,2,2,24,3
51404,0,4,Mobile Phone,1,13,Debit Card,Male,2,3,Laptop & Accessory,1,Married,4,0,22,0,1,7,159.15,7,1,8,0
51405,0,10,Mobile Phone,1,6,Debit Card,Male,2,4,Laptop & Accessory,3,Married,2,0,18,0,1,7,159.93,7,1,20,0
51406,0,5,Mobile Phone,1,6,Credit Card,Male,2,3,Laptop & Accessory,1,Married,2,1,22,5,7,8,161.62,8,7,40,9
51407,0,11,Computer,1,14,Debit Card,Female,2,3,Laptop & Accessory,1,Single,2,0,11,6,9,9,124.06,9,9,110,0
51408,0,23,Mobile Phone,1,13,Credit Card,Female,2,4,Others,3,Married,6,1,12,1,13,8,287.4,8,13,322,9
51409,0,30,Mobile Phone,3,31,Debit Card,Female,4,3,Fashion,5,Single,8,0,11,6,7,9,176.37,9,7,240,0
51410,0,9,Mobile Phone,1,14,Cash on Delivery,Female,2,3,Fashion,3,Married,2,0,13,7,12,8,200.96,8,12,117,0
51411,0,28,Mobile Phone,1,14,Credit Card,Female,2,3,Grocery,3,Married,3,1,14,1,2,2,247.56,2,2,84,3
51412,0,9,Computer,1,17,Debit Card,Male,3,4,Laptop & Accessory,4,Single,2,0,13,1,1,3,164.99,3,1,18,0
51413,0,18,Mobile Phone,1,13,Debit Card,Male,2,3,Fashion,5,Married,3,0,17,0,1,0,197.24,0,1,36,0
51414,0,9,Computer,1,6,CC,Male,3,3,Mobile,5,Married,5,0,13,0,1,2,121.94,2,1,18,0
51415,1,0,Phone,1,15,CC,Male,3,4,Mobile,3,Married,1,1,17,1,1,0,133.88,0,1,0,1
51416,0,30,Computer,3,6,Debit Card,Female,2,4,Laptop & Accessory,3,Single,8,0,11,1,1,3,154.73,3,1,60,0
51417,0,2,Phone,1,8,Debit Card,Male,3,3,Mobile,4,Married,1,0,23,1,1,4,127.03,4,1,4,0
51418,0,4,Phone,1,14,CC,Male,2,3,Mobile,4,Single,2,0,17,1,1,0,125.01,0,1,8,0
51419,0,5,Mobile Phone,1,6,Debit Card,Male,3,3,Laptop & Accessory,4,Married,2,0,17,1,1,9,162.2,9,1,10,0
51420,0,9,Phone,1,12,Debit Card,Female,3,1,Mobile,1,Married,4,0,12,0,1,0,130.38,0,1,18,0
51421,0,4,Phone,1,14,Debit Card,Female,3,3,Laptop & Accessory,1,Single,2,0,23,1,1,8,144.24,8,1,8,0
51422,0,8,Phone,3,6,E wallet,Male,2,4,Laptop & Accessory,5,Single,1,0,14,1,2,8,143.12,8,2,24,0
51423,0,18,Mobile Phone,1,12,UPI,Male,2,3,Fashion,5,Married,5,1,14,1,2,0,232.45,0,2,54,1
51424,0,10,Mobile Phone,1,13,Credit Card,Male,1,3,Fashion,3,Single,5,0,13,0,2,2,236.64,2,2,30,0
51425,0,19,Mobile Phone,2,11,Credit Card,Male,3,3,Laptop & Accessory,4,Married,2,1,22,1,1,2,150.21,2,1,38,3
51426,0,3,Mobile Phone,1,6,Debit Card,Male,2,4,Laptop & Accessory,1,Married,2,1,12,1,3,0,151.26,0,3,12,1
51427,0,8,Phone,1,6,CC,Male,3,4,Mobile,3,Single,2,0,18,1,1,4,128.59,4,1,16,0
51428,0,28,Mobile Phone,3,6,Debit Card,Male,3,3,Fashion,1,Married,4,0,14,0,1,0,202.39,0,1,56,0
51429,0,11,Computer,1,12,Credit Card,Female,3,5,Laptop & Accessory,1,Married,8,1,12,0,1,9,153.29,9,1,22,10
51430,0,7,Phone,1,6,Credit Card,Male,3,3,Laptop & Accessory,4,Married,2,0,15,1,1,3,143.25,3,1,14,0
51431,0,29,Mobile Phone,1,13,Debit Card,Male,2,5,Fashion,1,Single,5,0,11,0,1,2,172.6,2,1,58,0
51432,0,0,Phone,3,14,COD,Male,3,3,Mobile,5,Married,4,0,13,1,1,0,123.22,0,1,0,0
51433,0,9,Phone,1,15,Debit Card,Male,3,3,Mobile,1,Married,4,0,23,1,1,3,120.75,3,1,18,0
51434,0,3,Phone,1,8,Debit Card,Male,4,4,Laptop & Accessory,1,Married,2,0,19,3,10,8,141.52,8,10,33,0
51435,1,9,Mobile Phone,3,15,Credit Card,Male,3,4,Fashion,1,Single,2,0,16,3,4,7,196.19,7,4,45,0
51436,0,13,Computer,1,6,Debit Card,Male,3,4,Grocery,4,Married,2,0,22,5,2,11,235.03,11,2,39,0
51437,0,24,Mobile Phone,3,27,E wallet,Male,3,3,Laptop & Accessory,1,Single,1,1,22,0,1,0,154.41,0,1,48,1
51438,0,3,Mobile Phone,3,10,Credit Card,Female,3,4,Laptop & Accessory,4,Married,2,1,12,2,2,7,152.09,7,2,9,8
51439,0,19,Computer,1,6,Credit Card,Male,2,4,Fashion,5,Married,3,1,13,4,9,5,206.73,5,9,190,6
51440,0,5,Mobile Phone,3,12,Credit Card,Male,2,3,Laptop & Accessory,3,Single,2,0,16,5,5,7,150.1,7,5,30,0
51441,0,27,Mobile Phone,1,8,Cash on Delivery,Female,2,3,Fashion,3,Married,10,0,12,0,2,3,235.49,3,2,81,0
51442,0,0,Mobile Phone,3,9,UPI,Female,2,3,Laptop & Accessory,3,Married,1,0,21,0,1,2,149.99,2,1,0,0
51443,0,1,Computer,3,10,Credit Card,Male,2,3,Laptop & Accessory,3,Married,2,0,15,0,1,4,142.21,4,1,2,0
51444,0,30,Mobile Phone,3,16,Credit Card,Male,2,3,Grocery,3,Single,1,0,13,0,2,8,238.72,8,2,90,0
51445,0,9,Computer,1,29,CC,Male,3,3,Laptop & Accessory,4,Married,5,0,12,0,1,2,120.42,2,1,18,0
51446,1,9,Phone,2,12,UPI,Male,3,3,Mobile,5,Married,5,1,22,0,1,2,120.73,2,1,18,3
51447,0,5,Phone,1,6,Debit Card,Male,3,3,Mobile,5,Single,2,0,13,0,1,0,129.56,0,1,10,0
51448,1,0,Computer,1,12,Debit Card,Female,3,4,Mobile,1,Single,2,1,18,0,1,0,129.26,0,1,0,1
51449,0,7,Phone,1,12,UPI,Female,2,3,Laptop & Accessory,3,Single,2,0,14,0,2,10,148.09,10,2,21,0
51450,0,10,Computer,1,8,Debit Card,Male,3,4,Laptop & Accessory,1,Married,6,0,14,1,1,0,151.63,0,1,20,0
51451,0,30,Computer,2,8,UPI,Female,2,4,Others,1,Married,10,0,21,1,2,2,288.44,2,2,90,0
51452,0,23,Computer,1,6,Debit Card,Female,3,3,Others,4,Married,4,1,19,1,1,7,281.72,7,1,46,8
51453,1,0,Mobile Phone,3,11,E wallet,Male,2,4,Laptop & Accessory,3,Single,2,1,11,0,1,3,157.44,3,1,0,4
51454,0,0,Phone,1,13,CC,Male,3,4,Mobile,1,Married,2,0,11,0,2,1,128.89,1,2,0,0
51455,0,0,Phone,1,21,CC,Female,3,3,Mobile,1,Single,2,0,15,1,1,0,128.71,0,1,0,0
51456,0,24,Computer,1,6,Credit Card,Female,1,4,Fashion,5,Single,4,0,20,4,12,8,174.84,8,12,312,0
51457,1,0,Computer,1,13,Debit Card,Male,3,5,Laptop & Accessory,3,Single,2,1,24,1,1,6,160.74,6,1,0,7
51458,0,27,Computer,2,32,UPI,Female,1,1,Grocery,1,Single,3,1,12,1,4,4,273.28,4,4,135,5
51459,0,0,Phone,1,24,Debit Card,Male,3,3,Mobile,3,Married,1,0,12,0,1,2,127.74,2,1,0,0
51460,0,7,Phone,1,12,Debit Card,Female,2,4,Laptop & Accessory,4,Married,7,0,15,1,1,0,145.05,0,1,14,0
51461,0,10,Mobile Phone,3,9,Debit Card,Male,2,3,Fashion,1,Single,3,0,12,0,1,3,174.28,3,1,20,0
51462,0,7,Mobile Phone,1,11,Credit Card,Female,2,4,Fashion,5,Single,3,0,12,2,5,3,216.31,3,5,42,0
51463,0,9,Computer,3,17,Cash on Delivery,Female,3,3,Fashion,1,Married,1,0,14,0,2,8,197.38,8,2,27,0
51464,0,9,Phone,1,9,Debit Card,Female,3,3,Mobile,1,Married,6,0,22,0,1,0,128.35,0,1,18,0
51465,0,16,Computer,3,32,Debit Card,Male,3,3,Grocery,1,Married,2,1,12,1,4,12,269.59,12,4,80,13
51466,0,3,Computer,1,14,Debit Card,Male,3,5,Mobile,3,Married,2,0,25,0,1,9,126.13,9,1,6,0
51467,0,6,Computer,3,28,E wallet,Male,3,3,Laptop & Accessory,4,Married,1,0,13,0,1,7,161.46,7,1,12,0
51468,1,19,Mobile Phone,1,20,Debit Card,Female,3,3,Mobile Phone,4,Married,10,1,18,3,4,3,149.63,3,4,95,4
51469,0,24,Mobile Phone,1,12,Debit Card,Male,2,3,Others,3,Single,8,0,15,8,15,15,295.37,15,15,384,0
51470,1,0,Mobile Phone,3,12,Debit Card,Male,3,5,Laptop & Accessory,3,Married,5,1,18,0,7,7,161.72,7,7,0,8
51471,0,0,Phone,1,14,UPI,Female,2,4,Mobile,4,Married,2,0,19,2,4,3,123.68,3,4,0,0
51472,1,20,Mobile Phone,1,29,Credit Card,Female,3,3,Fashion,1,Married,2,0,12,7,15,6,203.12,6,15,320,0
51473,1,9,Mobile Phone,3,28,E wallet,Male,2,3,Mobile Phone,3,Single,2,1,19,1,1,0,116.75,0,1,18,1
51474,0,0,Phone,1,14,COD,Male,3,3,Mobile,1,Married,1,0,14,2,2,1,125.23,1,2,0,0
51475,0,22,Mobile Phone,1,26,Credit Card,Female,3,3,Laptop & Accessory,5,Married,2,0,14,5,5,11,165.67,11,5,132,0
51476,0,16,Computer,1,34,Credit Card,Female,3,1,Mobile Phone,3,Single,5,0,12,0,1,2,147.39,2,1,32,0
51477,0,23,Computer,3,18,E wallet,Female,3,3,Fashion,1,Single,5,0,11,1,2,1,192.08,1,2,69,0
51478,1,0,Phone,3,26,Debit Card,Female,3,5,Laptop & Accessory,3,Married,4,1,11,0,2,2,145.59,2,2,0,3
51479,0,14,Mobile Phone,3,15,Debit Card,Male,3,3,Fashion,3,Married,4,1,13,0,1,7,181.89,7,1,28,8
51480,0,0,Phone,2,31,Debit Card,Female,3,3,Mobile,3,Married,2,0,23,2,5,7,129.42,7,5,0,0
51481,0,9,Phone,1,12,Credit Card,Male,2,3,Laptop & Accessory,4,Married,7,0,20,0,1,1,149.41,1,1,18,0
51482,1,14,Computer,1,14,Debit Card,Male,2,5,Fashion,1,Single,3,0,15,1,1,3,206.5,3,1,28,0
51483,0,12,Mobile Phone,3,10,Debit Card,Female,2,4,Laptop & Accessory,3,Married,5,0,14,5,5,9,159.02,9,5,72,0
51484,0,0,Mobile Phone,3,34,Debit Card,Male,2,4,Laptop & Accessory,3,Married,3,0,18,1,2,2,186.39,2,2,0,0
51485,0,3,Mobile Phone,2,15,UPI,Male,2,3,Laptop & Accessory,1,Married,1,1,19,4,4,7,163.47,7,4,15,8
51486,1,0,Phone,1,15,Credit Card,Female,2,3,Mobile Phone,5,Single,8,0,22,1,1,4,142.0,4,1,0,0
51487,0,18,Phone,1,35,CC,Male,2,3,Mobile,1,Single,6,0,13,1,1,3,134.52,3,1,36,0
51488,0,11,Phone,1,9,COD,Female,2,3,Laptop & Accessory,3,Single,4,1,20,2,2,2,143.17,2,2,33,3
51489,0,3,Phone,1,14,Debit Card,Female,3,3,Mobile,3,Single,2,0,14,1,1,4,126.32,4,1,6,0
51490,0,5,Computer,3,15,Credit Card,Male,2,5,Laptop & Accessory,1,Married,1,0,17,0,1,7,146.68,7,1,10,0
51491,0,3,Phone,1,11,COD,Female,2,3,Mobile,5,Married,6,0,14,0,2,30,132.04,30,2,9,0
51492,0,3,Phone,1,8,CC,Male,3,4,Mobile,1,Single,1,0,13,0,1,2,127.2,2,1,6,0
51493,0,14,Computer,1,16,Debit Card,Male,3,4,Grocery,5,Married,5,0,13,1,7,7,271.81,7,7,112,0
51494,0,9,Phone,1,15,Debit Card,Male,3,3,Mobile,5,Married,3,0,21,0,1,4,122.38,4,1,18,0
51495,0,9,Mobile Phone,1,9,Credit Card,Female,3,3,Mobile Phone,4,Single,2,0,14,1,1,0,114.83,0,1,18,0
51496,0,13,Computer,1,32,Credit Card,Female,2,3,Laptop & Accessory,4,Married,2,0,11,0,2,13,156.05,13,2,39,0
51497,0,8,Mobile Phone,3,6,E wallet,Male,3,3,Fashion,4,Married,2,0,13,0,1,6,172.95,6,1,16,0
51498,0,9,Phone,3,12,E wallet,Male,2,3,Laptop & Accessory,3,Married,3,1,20,0,4,5,123.06,5,4,45,6
51499,0,18,Phone,1,14,Debit Card,Male,2,3,Laptop & Accessory,4,Married,9,0,18,1,1,15,123.48,15,1,36,0
51500,0,5,Computer,3,14,E wallet,Female,2,3,Fashion,1,Single,2,0,14,2,3,7,189.98,7,3,20,0
51501,0,2,Computer,1,6,COD,Male,2,3,Laptop & Accessory,3,Married,2,0,13,0,1,9,143.19,9,1,4,0
51502,0,24,Mobile Phone,1,13,Credit Card,Male,2,4,Laptop & Accessory,3,Married,3,0,17,1,1,0,161.32,0,1,48,0
51503,0,30,Phone,1,15,CC,Female,3,4,Mobile,4,Married,5,1,20,1,1,0,133.46,0,1,60,1
51504,0,13,Mobile Phone,3,10,E wallet,Male,3,4,Fashion,1,Married,8,0,11,1,2,11,208.55,11,2,39,0
51505,0,9,Computer,3,8,E wallet,Female,3,3,Mobile,3,Married,7,0,18,0,1,2,122.31,2,1,18,0
51506,0,0,Phone,1,14,CC,Male,3,3,Mobile,1,Married,2,0,24,2,2,2,123.23,2,2,0,0
51507,0,9,Computer,1,15,CC,Male,2,3,Mobile,4,Married,7,0,18,2,2,2,120.24,2,2,27,0
51508,0,1,Phone,1,27,CC,Male,3,3,Mobile,1,Married,2,0,11,0,1,2,127.13,2,1,2,0
51509,0,30,Mobile Phone,1,30,Debit Card,Male,2,1,Fashion,1,Married,4,1,16,1,1,4,194.39,4,1,60,5
51510,0,0,Computer,1,14,CC,Male,3,4,Mobile,3,Married,2,1,15,0,1,1,125.66,1,1,0,2
51511,0,23,Mobile Phone,1,17,Debit Card,Female,2,3,Others,4,Single,4,0,15,0,4,4,299.26,4,4,115,0
51512,0,14,Phone,1,14,Debit Card,Male,2,3,Mobile,3,Married,5,0,12,1,1,8,124.51,8,1,28,0
51513,0,3,Mobile Phone,3,11,Debit Card,Female,2,3,Fashion,1,Married,3,0,12,1,7,4,194.19,4,7,24,0
51514,0,11,Mobile Phone,3,6,Debit Card,Female,2,4,Laptop & Accessory,1,Single,5,0,22,0,1,7,186.86,7,1,22,0
51515,0,5,Phone,1,12,Debit Card,Male,3,3,Mobile,3,Single,4,0,20,0,1,4,130.38,4,1,10,0
51516,0,0,Phone,1,23,COD,Male,3,3,Mobile,4,Married,1,1,16,0,1,1,130.58,1,1,0,2
51517,1,0,Computer,3,14,COD,Female,3,5,Mobile,5,Single,1,0,21,1,1,0,123.25,0,1,0,0
51518,0,9,Computer,1,9,CC,Male,1,3,Mobile,4,Single,5,0,12,2,7,2,120.88,2,7,72,0
51519,0,3,Computer,1,15,CC,Male,3,3,Laptop & Accessory,5,Married,2,0,11,5,6,10,130.72,10,6,21,0
51520,0,18,Mobile Phone,3,10,Debit Card,Female,1,3,Laptop & Accessory,5,Married,5,1,11,0,1,3,150.06,3,1,36,4
51521,0,29,Phone,1,14,Debit Card,Female,3,3,Mobile Phone,5,Married,5,1,18,2,2,2,142.57,2,2,87,3
51522,0,6,Phone,1,14,Debit Card,Male,2,3,Mobile,1,Single,1,0,14,1,1,2,125.0,2,1,12,0
51523,1,0,Mobile Phone,1,8,Debit Card,Male,2,4,Mobile Phone,1,Single,2,0,22,1,1,0,111.02,0,1,0,0
51524,0,19,Mobile Phone,3,6,E wallet,Female,3,3,Fashion,5,Married,2,0,25,8,15,7,204.53,7,15,304,0
51525,0,9,Phone,1,15,Debit Card,Female,3,3,Mobile,1,Single,2,0,12,1,2,1,122.88,1,2,27,0
51526,0,4,Phone,1,18,Credit Card,Female,3,3,Mobile Phone,1,Married,9,1,23,1,1,2,139.29,2,1,8,3
51527,0,9,Phone,1,33,CC,Female,3,3,Mobile,4,Single,3,0,15,0,1,2,123.11,2,1,18,0
51528,1,4,Phone,3,26,E wallet,Female,3,3,Mobile,4,Single,2,1,22,0,1,2,131.4,2,1,8,3
51529,0,23,Phone,1,6,Credit Card,Male,2,4,Mobile Phone,3,Married,3,0,15,1,1,2,136.9,2,1,46,0
51530,0,26,Phone,1,19,Credit Card,Female,2,1,Laptop & Accessory,5,Married,2,0,11,1,1,3,144.5,3,1,52,0
51531,0,6,Phone,1,20,CC,Female,3,3,Mobile,4,Married,2,0,13,1,1,6,127.56,6,1,12,0
51532,0,13,Mobile Phone,1,10,Credit Card,Female,2,3,Others,3,Married,2,0,14,1,9,9,290.33,9,9,130,0
51533,0,28,Mobile Phone,1,20,Credit Card,Male,3,1,Others,4,Single,9,0,11,1,2,15,287.22,15,2,84,0
51534,0,7,Computer,1,8,Debit Card,Male,2,4,Laptop & Accessory,3,Married,2,0,17,0,1,9,195.47,9,1,14,0
51535,0,24,Mobile Phone,1,9,Credit Card,Female,3,3,Grocery,4,Single,4,0,18,1,2,0,237.34,0,2,72,0
51536,0,25,Mobile Phone,1,6,Debit Card,Male,3,4,Others,3,Married,1,0,15,7,11,9,299.99,9,11,300,0
51537,0,9,Phone,1,15,CC,Female,4,3,Mobile,4,Single,2,0,16,0,1,3,122.79,3,1,18,0
51538,1,0,Mobile Phone,1,29,Debit Card,Male,2,4,Laptop & Accessory,3,Married,4,1,13,1,1,1,159.16,1,1,0,2
51539,0,9,Computer,1,13,CC,Male,2,1,Mobile,1,Married,5,0,14,1,2,2,120.89,2,2,27,0
51540,0,18,Computer,1,8,Credit Card,Male,3,4,Grocery,1,Married,10,0,23,1,11,8,267.92,8,11,216,0
51541,0,10,Phone,1,27,Debit Card,Male,3,1,Mobile Phone,5,Married,2,1,12,1,1,7,135.64,7,1,20,8
51542,0,8,Computer,1,8,Credit Card,Female,2,3,Laptop & Accessory,4,Single,6,0,11,0,1,2,144.25,2,1,16,0
51543,0,15,Computer,1,27,Credit Card,Female,2,3,Laptop & Accessory,3,Married,3,0,16,0,1,2,152.65,2,1,30,0
51544,0,11,Mobile Phone,1,8,Debit Card,Male,2,3,Laptop & Accessory,3,Married,10,0,14,1,1,0,165.53,0,1,22,0
51545,0,11,Mobile Phone,1,35,COD,Male,2,3,Laptop & Accessory,1,Married,4,0,18,0,1,7,162.61,7,1,22,0
51546,0,0,Computer,1,6,COD,Male,2,4,Laptop & Accessory,5,Married,6,0,19,2,2,0,142.98,0,2,0,0
51547,0,22,Computer,1,24,Debit Card,Male,3,3,Laptop & Accessory,1,Married,2,1,15,0,1,7,168.04,7,1,44,8
51548,0,7,Computer,1,16,Credit Card,Male,2,3,Mobile Phone,3,Married,2,1,17,2,2,0,138.15,0,2,21,1
51549,0,13,Phone,1,25,CC,Male,3,3,Laptop & Accessory,1,Married,9,1,15,3,3,7,127.41,7,3,52,8
51550,1,1,Mobile Phone,1,35,Credit Card,Male,3,3,Laptop & Accessory,5,Married,8,1,19,1,1,0,166.73,0,1,2,1
51551,1,0,Mobile Phone,3,33,E wallet,Female,2,3,Fashion,1,Married,2,0,22,0,1,9,176.39,9,1,0,0
51552,0,0,Phone,1,14,Debit Card,Male,2,1,Mobile,4,Married,2,1,16,2,2,2,123.28,2,2,0,3
51553,0,9,Computer,1,24,CC,Female,3,3,Mobile,1,Single,2,0,13,0,1,7,121.53,7,1,18,0
51554,0,13,Computer,1,15,Debit Card,Male,3,4,Laptop & Accessory,1,Married,10,0,14,0,1,2,148.76,2,1,26,0
51555,0,19,Mobile Phone,1,6,Credit Card,Male,3,3,Fashion,5,Married,8,0,16,0,1,3,193.96,3,1,38,0
51556,1,0,Mobile Phone,3,10,Credit Card,Male,2,5,Fashion,1,Married,2,0,11,6,9,8,204.0,8,9,0,0
51557,0,3,Computer,1,6,Debit Card,Male,2,4,Fashion,3,Single,2,0,22,4,5,8,184.74,8,5,18,0
51558,0,0,Computer,3,26,Debit Card,Female,2,3,Laptop & Accessory,3,Single,2,0,14,1,1,7,199.81,7,1,0,0
51559,0,24,Mobile Phone,1,14,Debit Card,Male,2,4,Fashion,4,Married,6,0,16,2,4,3,224.9,3,4,120,0
51560,1,0,Phone,1,14,COD,Female,2,3,Mobile,5,Single,6,1,11,0,1,4,126.57,4,1,0,5
51561,0,14,Mobile Phone,3,12,Debit Card,Female,3,3,Fashion,1,Single,4,1,18,0,2,0,235.91,0,2,42,1
51562,1,0,Computer,3,32,E wallet,Female,2,4,Laptop & Accessory,5,Single,6,0,15,1,1,1,166.96,1,1,0,0
51563,1,9,Phone,1,6,Cash on Delivery,Male,2,3,Mobile,3,Single,1,0,14,0,1,5,120.58,5,1,18,0
51564,0,18,Computer,3,12,Credit Card,Female,2,4,Fashion,1,Single,7,0,12,5,12,8,188.65,8,12,234,0
51565,0,27,Mobile Phone,3,9,E wallet,Female,2,3,Laptop & Accessory,5,Married,3,0,14,1,1,5,159.4,5,1,54,0
51566,0,9,Mobile Phone,1,11,Debit Card,Male,3,3,Laptop & Accessory,4,Single,9,0,16,2,3,7,159.14,7,3,36,0
51567,0,6,Phone,1,14,CC,Female,2,4,Mobile,4,Married,7,0,21,0,1,1,126.22,1,1,12,0
51568,0,10,Computer,1,17,UPI,Male,2,3,Fashion,1,Married,2,1,14,1,1,3,221.85,3,1,20,4
51569,0,11,Mobile Phone,3,9,Debit Card,Male,3,3,Fashion,3,Married,1,0,12,1,5,13,206.09,13,5,66,0
51570,0,4,Computer,1,6,Credit Card,Male,2,5,Laptop & Accessory,3,Married,1,0,12,0,1,4,143.45,4,1,8,0
51571,0,9,Phone,1,9,Debit Card,Male,3,4,Mobile,1,Married,4,0,17,0,1,0,121.77,0,1,18,0
51572,0,10,Computer,3,10,E wallet,Male,3,3,Mobile,1,Married,5,0,17,3,5,8,127.93,8,5,60,0
51573,0,2,Computer,3,6,Credit Card,Female,2,3,Fashion,1,Married,2,0,14,4,4,1,179.18,1,4,10,0
51574,0,8,Computer,3,6,E wallet,Female,3,3,Fashion,3,Single,2,0,14,1,1,8,187.89,8,1,16,0
51575,1,0,Phone,1,14,CC,Male,2,4,Mobile,1,Single,2,1,13,0,1,1,123.89,1,1,0,2
51576,0,25,Phone,1,8,Debit Card,Female,2,4,Mobile,1,Single,8,0,15,2,2,2,132.12,2,2,75,0
51577,0,15,Mobile Phone,1,10,Cash on Delivery,Male,2,3,Others,1,Married,2,0,15,0,11,15,292.32,15,11,180,0
51578,0,9,Phone,2,12,CC,Male,2,3,Mobile,3,Married,9,0,17,0,2,2,122.67,2,2,27,0
51579,0,23,Mobile Phone,3,6,Credit Card,Female,3,3,Others,1,Married,4,0,15,1,1,6,295.17,6,1,46,0
51580,1,0,Phone,1,14,CC,Male,2,3,Mobile,1,Married,6,1,13,1,1,4,124.36,4,1,0,5
51581,0,16,Mobile Phone,3,22,E wallet,Female,3,3,Grocery,1,Married,6,1,22,0,2,9,260.64,9,2,48,10
51582,1,0,Phone,1,8,Debit Card,Female,3,3,Mobile,5,Married,8,0,20,1,1,7,127.07,7,1,0,0
51583,0,25,Computer,3,8,Debit Card,Male,3,4,Others,3,Single,2,1,18,1,15,12,290.68,12,15,400,13
51584,0,5,Phone,3,10,Debit Card,Female,2,3,Mobile Phone,4,Married,3,0,11,1,1,2,139.31,2,1,10,0
51585,1,0,Phone,1,6,Debit Card,Male,3,4,Mobile Phone,3,Single,1,1,14,0,1,2,137.3,2,1,0,3
51586,0,9,Phone,1,6,CC,Female,3,3,Mobile,3,Married,8,0,14,1,1,2,122.32,2,1,18,0
51587,0,5,Computer,3,32,E wallet,Male,3,3,Laptop & Accessory,1,Married,1,0,18,2,2,2,144.65,2,2,15,0
51588,0,14,Phone,1,25,Debit Card,Male,3,3,Laptop & Accessory,5,Married,3,0,16,0,1,0,130.72,0,1,28,0
51589,0,13,Phone,1,30,COD,Male,3,3,Laptop & Accessory,1,Married,2,0,17,2,4,7,133.19,7,4,65,0
51590,0,18,Mobile Phone,1,6,UPI,Male,3,1,Others,1,Married,1,0,15,1,1,7,292.02,7,1,36,0
51591,0,4,Computer,1,9,Credit Card,Male,3,3,Fashion,3,Married,10,0,12,2,2,2,236.75,2,2,12,0
51592,0,6,Phone,1,11,Debit Card,Female,3,4,Mobile,1,Married,2,0,13,0,1,2,129.11,2,1,12,0
51593,0,7,Mobile Phone,1,8,Debit Card,Male,2,4,Laptop & Accessory,5,Married,7,0,13,0,5,9,159.57,9,5,42,0
51594,0,10,Phone,1,6,Credit Card,Female,2,4,Mobile Phone,5,Married,3,0,14,0,1,2,139.2,2,1,20,0
51595,0,18,Computer,1,13,Debit Card,Male,3,1,Laptop & Accessory,3,Married,5,0,17,1,1,2,164.34,2,1,36,0
51596,1,0,Computer,1,16,Credit Card,Male,3,3,Fashion,3,Married,7,0,11,0,1,0,200.48,0,1,0,0
51597,0,12,Computer,1,8,Cash on Delivery,Female,3,3,Fashion,3,Single,1,0,25,6,11,3,209.38,3,11,144,0
51598,0,2,Phone,1,14,Debit Card,Male,2,3,Mobile,1,Single,2,0,19,1,1,5,123.4,5,1,4,0
51599,0,15,Mobile Phone,1,23,Debit Card,Female,2,1,Laptop & Accessory,5,Single,4,1,13,1,1,2,165.45,2,1,30,3
51600,0,2,Mobile Phone,3,26,E wallet,Male,2,3,Laptop & Accessory,1,Married,3,0,14,1,1,2,169.31,2,1,4,0
51601,0,0,Phone,1,6,Debit Card,Female,3,3,Laptop & Accessory,3,Married,1,0,12,1,1,2,148.98,2,1,0,0
51602,0,15,Phone,1,14,CC,Female,2,4,Mobile,5,Married,1,1,11,7,7,8,125.93,8,7,120,9
51603,0,13,Mobile Phone,1,8,Credit Card,Male,2,3,Others,3,Married,1,0,15,3,3,9,294.36,9,3,52,0
51604,0,24,Phone,1,6,Debit Card,Male,3,3,Mobile,1,Married,2,0,11,1,1,0,127.23,0,1,48,0
51605,1,0,Computer,1,35,Credit Card,Male,3,4,Mobile,4,Single,1,0,11,0,1,4,134.79,4,1,0,0
51606,0,5,Computer,1,13,Debit Card,Male,3,1,Mobile,4,Married,2,0,20,0,1,3,127.94,3,1,10,0
51607,0,11,Computer,3,8,Debit Card,Male,2,4,Laptop & Accessory,1,Married,4,0,18,1,7,5,152.49,5,7,88,0
51608,0,9,Phone,1,8,Cash on Delivery,Male,2,4,Laptop & Accessory,5,Single,5,0,13,0,1,4,121.76,4,1,18,0
51609,0,19,Mobile Phone,3,8,Cash on Delivery,Female,3,5,Grocery,4,Married,4,1,12,1,7,7,268.72,7,7,152,8
51610,1,0,Phone,1,8,Debit Card,Male,3,3,Mobile,3,Single,3,0,11,0,1,0,134.85,0,1,0,0
51611,0,2,Mobile Phone,3,8,Credit Card,Male,3,4,Laptop & Accessory,4,Married,3,0,19,1,1,0,166.44,0,1,4,0
51612,0,4,Mobile Phone,1,29,Credit Card,Male,3,4,Laptop & Accessory,1,Married,1,0,21,0,7,8,155.82,8,7,32,0
51613,0,0,Computer,1,11,Debit Card,Male,2,1,Laptop & Accessory,5,Married,2,0,12,1,1,5,140.0,5,1,0,0
51614,0,18,Mobile Phone,1,26,Credit Card,Male,3,3,Grocery,1,Married,1,1,14,2,2,10,234.96,10,2,54,11
51615,0,9,Phone,1,12,Debit Card,Male,2,3,Mobile,1,Married,1,0,11,1,10,11,132.1,11,10,99,0
51616,0,28,Mobile Phone,1,6,Credit Card,Male,2,3,Others,5,Single,1,1,14,1,4,13,290.45,13,4,140,14
51617,1,10,Computer,1,35,Debit Card,Male,2,3,Fashion,4,Married,2,1,12,4,9,3,218.49,3,9,100,4
51618,0,9,Phone,1,15,CC,Male,3,3,Mobile,1,Married,2,0,23,1,1,4,120.7,4,1,18,0
51619,0,10,Mobile Phone,3,12,Credit Card,Male,3,3,Laptop & Accessory,1,Married,5,0,14,1,1,1,165.02,1,1,20,0
51620,0,0,Phone,1,9,CC,Male,3,4,Mobile,3,Single,2,0,17,1,1,0,132.3,0,1,0,0
51621,0,10,Computer,1,6,Credit Card,Female,3,3,Fashion,1,Married,3,1,18,0,2,2,236.03,2,2,30,3
51622,0,8,Mobile Phone,1,28,Debit Card,Female,3,1,Fashion,4,Married,8,0,18,5,6,3,219.96,3,6,56,0
51623,0,11,Mobile Phone,3,13,Credit Card,Female,2,1,Laptop & Accessory,5,Married,2,1,24,4,7,7,156.05,7,7,88,8
51624,0,0,Computer,1,6,Debit Card,Female,2,3,Laptop & Accessory,4,Married,2,0,20,1,1,4,163.97,4,1,0,0
51625,0,23,Mobile Phone,1,10,Debit Card,Male,3,3,Others,4,Married,4,0,14,1,1,6,291.44,6,1,46,0
51626,0,26,Mobile Phone,1,9,Credit Card,Male,2,3,Grocery,3,Married,4,1,16,1,1,3,275.84,3,1,52,4
51627,0,15,Phone,3,6,Debit Card,Male,1,3,Laptop & Accessory,3,Married,2,0,25,6,11,6,149.07,6,11,180,0
51628,0,2,Computer,3,8,Debit Card,Male,2,3,Laptop & Accessory,1,Single,2,0,18,0,1,9,145.54,9,1,4,0
51629,0,28,Mobile Phone,1,26,COD,Male,2,3,Laptop & Accessory,1,Married,4,1,19,0,1,8,154.15,8,1,56,9
51630,0,0,Computer,1,17,Credit Card,Male,2,3,Laptop & Accessory,5,Married,2,1,13,1,3,3,147.41,3,3,0,4
51631,0,9,Phone,1,6,Debit Card,Female,2,3,Mobile,1,Single,2,0,12,1,5,7,121.15,7,5,54,0
51632,1,7,Computer,1,30,Debit Card,Male,3,3,Mobile,3,Married,4,1,22,0,1,0,131.61,0,1,14,1
51633,0,11,Mobile Phone,1,29,Debit Card,Male,2,3,Laptop & Accessory,1,Married,10,0,14,0,1,2,157.45,2,1,22,0
51634,1,0,Phone,1,14,CC,Male,2,3,Mobile,4,Married,3,1,13,1,1,2,123.73,2,1,0,3
51635,0,1,Phone,1,14,Debit Card,Female,3,3,Mobile,1,Single,2,0,21,1,1,2,133.1,2,1,2,0
51636,0,22,Computer,1,16,Debit Card,Female,2,3,Others,5,Single,10,1,11,1,1,2,286.65,2,1,44,3
51637,0,9,Phone,1,9,COD,Male,1,3,Laptop & Accessory,4,Single,5,0,12,2,7,7,144.85,7,7,72,0
51638,0,4,Computer,3,11,E wallet,Female,3,3,Mobile,4,Married,2,0,11,0,2,2,127.89,2,2,12,0
51639,1,0,Mobile Phone,3,10,E wallet,Male,2,4,Laptop & Accessory,1,Single,2,1,12,4,7,4,158.28,4,7,0,5
51640,0,10,Computer,1,14,CC,Male,2,3,Mobile,1,Married,2,1,12,0,1,2,123.26,2,1,20,3
51641,0,15,Computer,3,32,E wallet,Female,3,3,Grocery,4,Married,6,0,14,3,2,8,235.25,8,2,45,0
51642,1,9,Mobile Phone,1,9,Debit Card,Male,2,3,Mobile Phone,3,Single,2,0,13,1,1,0,114.2,0,1,18,0
51643,0,8,Mobile Phone,3,22,E wallet,Male,3,3,Fashion,4,Married,1,0,15,3,6,9,180.2,9,6,56,0
51644,0,9,Computer,1,24,Debit Card,Male,2,1,Mobile Phone,1,Married,5,0,18,1,1,0,136.88,0,1,18,0
51645,0,24,Mobile Phone,1,8,Credit Card,Male,2,5,Laptop & Accessory,4,Married,6,0,18,0,1,2,154.82,2,1,48,0
51646,0,14,Mobile Phone,3,8,Debit Card,Male,2,3,Grocery,4,Single,2,0,19,1,2,4,260.15,4,2,42,0
51647,0,9,Mobile Phone,3,16,Credit Card,Female,3,4,Mobile Phone,3,Single,2,0,12,0,1,0,112.0,0,1,18,0
51648,0,1,Mobile Phone,1,22,Credit Card,Male,3,1,Laptop & Accessory,5,Single,1,0,19,0,1,7,156.61,7,1,2,0
51649,0,4,Mobile Phone,3,13,COD,Male,3,1,Laptop & Accessory,1,Married,5,0,11,3,7,7,169.29,7,7,32,0
51650,0,12,Mobile Phone,1,6,Credit Card,Male,2,1,Fashion,1,Married,1,0,17,1,3,7,196.13,7,3,48,0
51651,0,9,Computer,1,30,Debit Card,Female,2,3,Laptop & Accessory,4,Married,8,0,15,1,1,8,156.74,8,1,18,0
51652,0,5,Mobile Phone,3,13,Debit Card,Male,3,4,Laptop & Accessory,3,Married,2,0,14,3,4,8,154.84,8,4,25,0
51653,0,11,Mobile Phone,1,31,Debit Card,Female,2,4,Fashion,4,Married,4,0,17,0,1,3,220.61,3,1,22,0
51654,0,30,Computer,1,6,Debit Card,Male,2,5,Laptop & Accessory,3,Married,3,1,13,1,1,2,156.6,2,1,60,3
51655,0,4,Phone,1,11,COD,Male,2,3,Mobile Phone,1,Married,1,1,12,1,1,3,148.21,3,1,8,4
51656,0,4,Mobile Phone,2,8,UPI,Male,3,4,Laptop & Accessory,5,Married,4,0,12,0,1,0,164.1,0,1,8,0
51657,0,18,Computer,1,13,Debit Card,Male,3,3,Fashion,5,Married,2,0,18,2,9,11,152.1,11,9,180,0
51658,0,4,Phone,1,8,Debit Card,Male,3,3,Mobile,1,Married,1,1,18,2,2,2,126.95,2,2,12,3
51659,0,6,Computer,1,11,Debit Card,Female,3,3,Fashion,4,Married,7,0,11,7,8,3,218.78,3,8,54,0
51660,0,0,Mobile Phone,1,16,Credit Card,Male,3,3,Grocery,5,Married,2,1,14,1,11,10,270.68,10,11,0,11
51661,0,16,Computer,1,14,Debit Card,Female,2,3,Mobile,1,Single,1,0,19,0,1,7,124.55,7,1,32,0
51662,0,22,Mobile Phone,1,6,Cash on Delivery,Female,2,4,Grocery,3,Single,8,1,12,0,2,7,239.64,7,2,66,8
51663,1,15,Phone,1,14,Credit Card,Male,2,4,Laptop & Accessory,4,Married,3,0,15,7,7,7,149.41,7,7,120,0
51664,0,0,Phone,1,14,Debit Card,Female,2,3,Mobile,4,Single,2,1,12,0,1,2,124.78,2,1,0,3
51665,0,5,Mobile Phone,3,14,COD,Female,3,4,Laptop & Accessory,4,Married,2,1,11,11,11,9,152.28,9,11,60,10
51666,0,0,Phone,3,8,Debit Card,Male,3,3,Laptop & Accessory,3,Single,2,1,11,0,1,4,144.78,4,1,0,5
51667,0,4,Mobile Phone,3,13,E wallet,Male,3,3,Laptop & Accessory,1,Married,5,0,12,0,1,7,175.47,7,1,8,0
51668,0,5,Mobile Phone,1,8,Credit Card,Female,3,1,Laptop & Accessory,1,Single,8,0,16,0,1,7,150.55,7,1,10,0
51669,1,0,Phone,1,8,CC,Male,2,5,Mobile,1,Married,6,1,13,1,2,2,134.64,2,2,0,3
51670,0,3,Mobile Phone,1,34,Credit Card,Female,3,3,Laptop & Accessory,1,Married,2,0,13,1,1,9,157.75,9,1,6,0
51671,0,4,Computer,1,13,Debit Card,Female,2,4,Fashion,3,Married,2,0,24,7,8,9,189.43,9,8,36,0
51672,0,12,Computer,1,13,Credit Card,Male,2,4,Others,1,Married,2,0,15,6,13,3,292.72,3,13,168,0
51673,1,2,Mobile Phone,3,9,Credit Card,Female,2,3,Laptop & Accessory,3,Married,5,1,18,1,1,0,152.38,0,1,4,1
51674,0,6,Computer,3,16,E wallet,Male,2,4,Laptop & Accessory,1,Single,4,0,14,1,1,1,146.82,1,1,12,0
51675,0,20,Mobile Phone,1,11,Debit Card,Male,2,3,Others,3,Married,5,0,11,1,1,1,283.0,1,1,40,0
51676,0,16,Computer,1,16,Debit Card,Female,2,4,Laptop & Accessory,3,Married,2,0,11,1,1,0,152.57,0,1,32,0
51677,0,0,Computer,3,6,E wallet,Male,3,3,Laptop & Accessory,4,Married,1,1,13,0,1,4,163.49,4,1,0,5
51678,0,27,Computer,1,26,Debit Card,Female,2,3,Laptop & Accessory,3,Single,4,0,12,0,1,3,148.69,3,1,54,0
51679,0,16,Mobile Phone,1,13,Debit Card,Female,2,3,Fashion,5,Married,9,0,16,1,1,0,199.85,0,1,32,0
51680,0,18,Phone,1,14,UPI,Male,3,3,Laptop & Accessory,1,Married,10,0,14,8,9,8,136.97,8,9,180,0
51681,0,13,Mobile Phone,3,6,Credit Card,Male,2,5,Laptop & Accessory,1,Married,3,1,22,1,1,2,174.57,2,1,26,3
51682,1,9,Phone,1,14,UPI,Male,3,5,Mobile,5,Married,2,1,11,0,1,7,121.19,7,1,18,8
51683,0,2,Phone,1,15,UPI,Male,1,4,Mobile Phone,1,Single,1,0,17,1,2,2,139.83,2,2,6,0
51684,0,3,Mobile Phone,3,11,E wallet,Female,1,4,Laptop & Accessory,3,Married,2,0,13,1,1,2,161.18,2,1,6,0
51685,0,0,Mobile Phone,3,14,E wallet,Female,2,3,Laptop & Accessory,4,Married,2,0,18,0,1,7,162.14,7,1,0,0
51686,0,10,Mobile Phone,1,11,Credit Card,Male,3,3,Laptop & Accessory,1,Married,8,0,16,1,1,4,163.47,4,1,20,0
51687,0,11,Mobile Phone,1,21,Debit Card,Male,3,4,Fashion,1,Married,1,1,14,2,2,3,215.1,3,2,33,4
51688,0,4,Mobile Phone,1,13,Credit Card,Female,2,3,Fashion,1,Single,2,1,14,4,4,10,171.43,10,4,20,11
51689,0,2,Mobile Phone,3,16,E wallet,Female,2,4,Laptop & Accessory,4,Married,2,1,14,1,1,7,182.68,7,1,4,8
51690,0,8,Mobile Phone,1,11,COD,Male,3,3,Fashion,4,Single,1,0,13,1,1,13,180.95,13,1,16,0
51691,0,0,Phone,1,32,Debit Card,Male,3,3,Mobile,1,Married,2,0,12,0,1,2,129.04,2,1,0,0
51692,0,14,Mobile Phone,1,12,Credit Card,Male,3,4,Laptop & Accessory,4,Single,7,1,15,1,1,2,160.32,2,1,28,3
51693,0,20,Computer,3,10,CC,Male,3,3,Laptop & Accessory,3,Single,4,0,19,0,1,0,129.76,0,1,40,0
51694,0,15,Mobile Phone,1,29,Debit Card,Female,2,3,Grocery,1,Single,3,0,14,0,2,0,259.92,0,2,45,0
51695,0,2,Computer,3,8,Debit Card,Male,3,3,Laptop & Accessory,3,Married,2,0,14,1,1,2,146.49,2,1,4,0
51696,0,15,Phone,2,8,COD,Male,3,3,Mobile,3,Married,1,1,11,1,1,0,126.96,0,1,30,1
51697,0,5,Phone,1,14,CC,Female,3,3,Mobile,4,Married,2,0,13,0,1,7,123.7,7,1,10,0
51698,0,21,Mobile Phone,3,35,Credit Card,Female,3,3,Fashion,3,Married,4,0,21,0,1,3,225.04,3,1,42,0
51699,0,10,Mobile Phone,1,12,Credit Card,Male,2,1,Laptop & Accessory,5,Married,5,1,13,6,6,7,159.74,7,6,70,8
51700,0,3,Computer,3,31,COD,Female,2,3,Laptop & Accessory,3,Married,8,1,12,2,2,2,147.36,2,2,9,3
51701,0,0,Mobile Phone,3,6,Debit Card,Male,2,3,Laptop & Accessory,3,Married,2,0,17,0,7,7,152.96,7,7,0,0
51702,0,15,Mobile Phone,1,8,UPI,Male,3,4,Laptop & Accessory,1,Single,4,0,23,1,1,0,167.81,0,1,30,0
51703,1,9,Computer,3,6,Cash on Delivery,Female,3,4,Mobile,4,Single,2,1,11,1,1,2,121.74,2,1,18,3
51704,0,9,Computer,3,6,Credit Card,Female,2,3,Laptop & Accessory,1,Single,5,0,15,1,1,0,166.53,0,1,18,0
51705,0,9,Computer,3,9,Credit Card,Male,2,4,Fashion,1,Married,5,0,11,0,1,12,196.99,12,1,18,0
51706,0,30,Mobile Phone,1,6,Credit Card,Male,2,3,Laptop & Accessory,3,Married,3,0,11,0,1,2,167.55,2,1,60,0
51707,0,9,Phone,1,16,Debit Card,Female,2,1,Mobile,3,Married,4,1,13,0,1,7,122.13,7,1,18,8
51708,0,0,Computer,3,14,CC,Male,2,3,Mobile,1,Single,2,0,24,2,2,2,126.1,2,2,0,0
51709,1,0,Phone,3,11,E wallet,Female,3,3,Mobile,3,Single,2,1,13,0,1,0,128.51,0,1,0,1
51710,0,10,Phone,1,16,CC,Female,3,3,Mobile,5,Married,7,0,20,1,1,3,134.52,3,1,20,0
51711,0,19,Computer,1,13,Credit Card,Female,1,3,Laptop & Accessory,3,Married,3,0,14,1,1,0,152.58,0,1,38,0
51712,1,4,Computer,3,10,E wallet,Male,2,3,Laptop & Accessory,4,Single,2,0,18,4,7,7,193.55,7,7,32,0
51713,0,23,Mobile Phone,1,16,Cash on Delivery,Male,3,4,Fashion,1,Single,7,0,15,1,1,3,204.96,3,1,46,0
51714,1,3,Mobile Phone,3,28,E wallet,Male,3,4,Laptop & Accessory,3,Married,3,1,12,1,1,0,163.8,0,1,6,1
51715,0,4,Phone,1,14,Debit Card,Male,2,4,Mobile,4,Single,1,1,16,2,2,2,126.57,2,2,12,3
51716,1,0,Phone,3,18,Debit Card,Female,3,1,Mobile,4,Single,2,0,15,0,1,0,127.16,0,1,0,0
51717,0,9,Phone,1,29,Debit Card,Male,2,3,Mobile,1,Single,10,0,16,0,1,2,122.01,2,1,18,0
51718,0,8,Mobile Phone,1,15,Debit Card,Male,3,4,Laptop & Accessory,4,Single,10,0,19,0,1,0,165.4,0,1,16,0
51719,0,0,Phone,1,6,Credit Card,Male,2,3,Mobile Phone,4,Married,2,0,11,0,1,4,138.16,4,1,0,0
51720,0,1,Mobile Phone,3,15,Debit Card,Male,3,3,Laptop & Accessory,1,Single,2,0,16,1,1,7,152.53,7,1,2,0
51721,0,22,Mobile Phone,1,13,UPI,Male,2,4,Fashion,3,Single,9,0,24,1,1,3,209.65,3,1,44,0
51722,0,24,Phone,3,20,Debit Card,Female,2,3,Laptop & Accessory,1,Married,5,0,11,1,1,7,149.36,7,1,48,0
51723,0,9,Phone,1,14,Debit Card,Female,3,3,Mobile,3,Married,5,0,13,2,2,2,125.43,2,2,27,0
51724,1,0,Computer,3,25,E wallet,Male,3,1,Laptop & Accessory,1,Single,9,1,13,0,1,4,153.04,4,1,0,5
51725,0,28,Mobile Phone,1,8,Debit Card,Female,3,3,Grocery,1,Single,3,1,13,1,1,2,266.59,2,1,56,3
51726,0,0,Phone,3,16,E wallet,Female,3,3,Laptop & Accessory,3,Married,2,1,12,0,1,3,142.6,3,1,0,4
51727,0,3,Phone,3,14,COD,Male,3,3,Mobile,4,Married,2,0,18,1,1,0,124.76,0,1,6,0
51728,1,0,Computer,1,9,COD,Male,3,3,Mobile,5,Single,1,0,22,0,1,4,131.02,4,1,0,0
51729,0,9,Phone,1,17,CC,Female,2,3,Mobile,4,Married,2,0,13,1,1,2,122.44,2,1,18,0
51730,0,9,Mobile Phone,3,8,Credit Card,Male,3,4,Fashion,3,Married,2,0,13,8,9,0,175.96,0,9,90,0
51731,1,9,Computer,1,10,COD,Male,2,3,Mobile,1,Single,10,1,23,1,1,0,122.85,0,1,18,1
51732,0,10,Phone,1,20,Debit Card,Female,3,3,Mobile,5,Married,2,0,12,10,12,17,130.34,17,12,130,0
51733,0,13,Mobile Phone,3,8,E wallet,Female,2,3,Laptop & Accessory,4,Married,8,0,12,0,1,3,157.15,3,1,26,0
51734,0,15,Phone,1,14,Debit Card,Female,3,3,Mobile,5,Married,4,0,16,0,1,2,125.76,2,1,30,0
51735,0,10,Phone,1,16,Debit Card,Male,2,3,Laptop & Accessory,4,Single,3,1,12,0,1,1,141.97,1,1,20,2
51736,0,16,Mobile Phone,1,18,Debit Card,Male,2,4,Grocery,4,Married,2,0,11,3,2,9,243.36,9,2,48,0
51737,0,13,Phone,1,8,CC,Female,3,4,Laptop & Accessory,3,Married,7,0,22,1,1,0,134.48,0,1,26,0
51738,0,27,Mobile Phone,1,11,Credit Card,Male,2,3,Others,5,Married,5,0,15,1,1,2,294.06,2,1,54,0
51739,0,7,Computer,3,10,E wallet,Female,3,3,Laptop & Accessory,3,Married,10,0,15,0,1,2,165.38,2,1,14,0
51740,0,4,Phone,1,13,Credit Card,Female,2,3,Laptop & Accessory,5,Married,2,0,12,3,3,12,143.06,12,3,16,0
51741,0,9,Computer,1,27,CC,Male,3,3,Mobile,1,Married,8,0,20,1,1,2,122.58,2,1,18,0
51742,0,16,Phone,1,14,UPI,Female,3,3,Laptop & Accessory,3,Married,5,1,14,1,1,2,145.22,2,1,32,3
51743,0,0,Phone,3,10,Debit Card,Female,3,4,Laptop & Accessory,1,Single,2,1,11,0,1,3,144.87,3,1,0,4
51744,0,10,Computer,1,31,Credit Card,Female,3,3,Laptop & Accessory,3,Married,4,1,15,4,10,7,144.49,7,10,110,8
51745,0,9,Phone,1,6,Debit Card,Male,3,4,Mobile,5,Married,2,0,12,3,3,2,122.18,2,3,36,0
51746,0,12,Computer,1,6,Debit Card,Male,2,3,Others,3,Married,2,1,14,0,1,6,291.97,6,1,24,7
51747,0,29,Computer,3,12,Debit Card,Female,2,1,Grocery,5,Married,10,0,11,6,2,7,232.12,7,2,87,0
51748,0,3,Mobile Phone,3,18,COD,Female,2,3,Laptop & Accessory,3,Single,1,0,11,3,4,4,165.77,4,4,15,0
51749,0,14,Mobile Phone,3,6,E wallet,Male,2,1,Fashion,5,Married,2,0,16,1,1,7,183.92,7,1,28,0
51750,0,1,Phone,1,23,Credit Card,Male,3,3,Laptop & Accessory,5,Married,2,0,12,0,1,8,145.58,8,1,2,0
51751,1,0,Phone,1,9,Credit Card,Male,3,3,Mobile Phone,5,Married,6,0,13,1,1,2,140.31,2,1,0,0
51752,0,25,Mobile Phone,1,9,Credit Card,Male,2,4,Fashion,3,Married,3,1,14,1,1,4,179.69,4,1,50,5
51753,0,18,Phone,1,14,Debit Card,Male,3,3,Mobile,1,Married,4,0,21,0,1,2,126.54,2,1,36,0
51754,0,25,Mobile Phone,1,10,Debit Card,Female,1,3,Grocery,1,Married,3,0,13,1,1,4,265.55,4,1,50,0
51755,0,15,Computer,1,35,Debit Card,Female,3,3,Laptop & Accessory,3,Married,3,0,11,1,1,2,145.56,2,1,30,0
51756,0,3,Mobile Phone,1,8,Debit Card,Female,2,5,Laptop & Accessory,1,Single,3,0,20,1,1,2,160.91,2,1,6,0
51757,0,30,Mobile Phone,1,13,Debit Card,Female,2,3,Others,5,Married,6,0,15,1,11,10,295.66,10,11,360,0
51758,0,19,Phone,1,24,Credit Card,Female,2,3,Laptop & Accessory,3,Married,3,0,14,1,1,8,148.1,8,1,38,0
51759,0,15,Computer,1,34,COD,Female,2,4,Laptop & Accessory,1,Married,1,0,11,0,1,4,145.23,4,1,30,0
51760,1,0,Phone,3,6,COD,Female,3,3,Mobile,4,Single,2,1,16,0,1,4,132.02,4,1,0,5
51761,1,0,Computer,3,14,E wallet,Female,2,5,Mobile,3,Married,1,0,16,0,1,0,123.51,0,1,0,0
51762,0,9,Computer,1,8,Debit Card,Male,2,3,Mobile Phone,1,Married,2,1,23,1,1,0,117.02,0,1,18,1
51763,0,13,Mobile Phone,3,8,Debit Card,Female,3,3,Others,3,Married,1,0,14,1,1,12,280.41,12,1,26,0
51764,0,0,Phone,1,29,Debit Card,Female,3,3,Mobile,1,Married,2,0,22,0,1,2,128.86,2,1,0,0
51765,0,9,Computer,1,9,Debit Card,Male,2,3,Mobile,1,Married,5,0,15,1,1,4,120.97,4,1,18,0
51766,0,2,Mobile Phone,1,9,Credit Card,Male,3,4,Fashion,3,Married,2,0,18,0,1,3,219.35,3,1,4,0
51767,1,0,Phone,1,14,COD,Female,3,4,Mobile,4,Married,6,0,16,1,1,1,125.46,1,1,0,0
51768,1,0,Phone,2,14,COD,Male,2,4,Mobile,1,Single,2,0,12,0,1,0,125.64,0,1,0,0
51769,0,3,Computer,3,28,UPI,Female,3,3,Fashion,5,Married,1,0,11,3,7,8,184.12,8,7,24,0
51770,0,30,Mobile Phone,3,35,E wallet,Male,2,4,Grocery,1,Married,4,0,12,1,2,0,241.18,0,2,90,0
51771,0,23,Mobile Phone,1,35,Debit Card,Male,2,4,Grocery,3,Married,1,0,15,1,15,7,270.46,7,15,368,0
51772,0,3,Computer,1,14,CC,Female,2,3,Mobile,1,Single,1,0,14,1,6,7,125.64,7,6,21,0
51773,0,30,Computer,3,34,E wallet,Female,3,4,Fashion,5,Married,5,0,19,3,13,11,202.66,11,13,420,0
51774,0,20,Mobile Phone,1,8,Credit Card,Female,3,3,Laptop & Accessory,1,Married,6,0,13,0,1,4,150.7,4,1,40,0
51775,0,19,Mobile Phone,1,8,Debit Card,Male,2,3,Grocery,3,Married,7,0,13,1,1,1,278.61,1,1,38,0
51776,0,8,Phone,1,28,Debit Card,Male,2,5,Mobile Phone,3,Single,1,0,15,1,4,3,142.3,3,4,40,0
51777,0,27,Phone,1,5,Debit Card,Female,2,3,Laptop & Accessory,3,Single,8,0,11,0,1,0,137.8,0,1,54,0
51778,0,7,Phone,1,8,Debit Card,Male,3,4,Mobile,3,Married,4,0,12,3,5,7,127.68,7,5,42,0
51779,0,5,Mobile Phone,3,16,E wallet,Female,3,4,Fashion,1,Married,3,1,19,0,1,2,190.71,2,1,10,3
51780,0,4,Mobile Phone,1,15,Debit Card,Male,2,3,Fashion,4,Married,2,0,25,0,1,8,206.48,8,1,8,0
51781,1,0,Mobile Phone,1,21,Credit Card,Male,2,3,Fashion,3,Married,8,1,12,3,2,7,236.1,7,2,0,8
51782,1,0,Phone,1,16,CC,Male,2,5,Mobile,1,Married,8,0,13,0,1,3,134.08,3,1,0,0
51783,0,3,Phone,3,13,E wallet,Male,3,3,Mobile,4,Single,1,0,14,0,1,2,129.83,2,1,6,0
51784,0,8,Mobile Phone,1,22,Debit Card,Male,3,3,Fashion,3,Married,5,1,12,0,1,0,176.32,0,1,16,1
51785,1,0,Computer,1,26,Debit Card,Male,3,3,Fashion,3,Married,4,0,12,1,1,0,198.24,0,1,0,0
51786,1,0,Computer,2,29,UPI,Female,2,3,Fashion,5,Married,10,1,15,1,1,2,199.5,2,1,0,3
51787,0,9,Computer,1,11,UPI,Male,3,3,Mobile,3,Married,5,0,17,0,2,0,120.93,0,2,27,0
51788,0,9,Computer,3,16,Credit Card,Male,2,3,Fashion,1,Single,2,0,14,8,9,7,199.8,7,9,90,0
51789,1,0,Computer,1,10,COD,Male,3,4,Mobile Phone,3,Single,6,0,16,0,1,2,138.94,2,1,0,0
51790,0,21,Phone,3,8,E wallet,Female,2,3,Laptop & Accessory,1,Married,3,0,14,6,6,7,140.51,7,6,147,0
51791,0,28,Mobile Phone,3,24,Debit Card,Female,2,3,Grocery,4,Single,4,0,23,1,7,8,268.35,8,7,224,0
51792,0,14,Computer,3,16,Debit Card,Male,2,3,Laptop & Accessory,1,Single,8,0,14,0,1,10,162.3,10,1,28,0
51793,0,8,Phone,3,6,E wallet,Male,2,3,Laptop & Accessory,3,Married,10,0,11,0,6,9,147.17,9,6,56,0
51794,0,13,Mobile Phone,1,12,Debit Card,Female,3,3,Grocery,3,Single,8,0,15,4,2,13,232.37,13,2,39,0
51795,0,12,Computer,1,14,Debit Card,Female,2,3,Mobile Phone,3,Married,2,0,11,1,1,7,137.55,7,1,24,0
51796,0,4,Mobile Phone,3,8,Debit Card,Male,3,3,Laptop & Accessory,1,Single,5,1,13,1,1,5,165.82,5,1,8,6
51797,0,15,Mobile Phone,1,30,Credit Card,Male,2,3,Fashion,5,Married,2,1,21,5,5,8,174.06,8,5,90,9
51798,0,18,Phone,3,8,UPI,Male,3,3,Laptop & Accessory,4,Married,1,0,19,3,3,7,148.05,7,3,72,0
51799,1,0,Computer,2,23,Debit Card,Female,3,3,Mobile,3,Married,1,1,11,0,1,0,127.41,0,1,0,1
51800,0,2,Phone,1,25,COD,Male,2,3,Laptop & Accessory,1,Married,5,0,12,1,1,2,142.62,2,1,4,0
51801,0,6,Mobile Phone,1,6,Credit Card,Female,3,1,Grocery,3,Married,5,0,19,1,1,5,261.84,5,1,12,0
51802,0,4,Mobile Phone,3,13,Debit Card,Male,2,4,Fashion,1,Married,10,0,21,1,1,3,215.57,3,1,8,0
51803,1,9,Computer,3,11,E wallet,Male,3,3,Mobile Phone,4,Single,2,1,14,1,1,0,118.78,0,1,18,1
51804,0,13,Computer,3,34,UPI,Male,2,5,Fashion,5,Married,4,0,15,0,1,3,209.32,3,1,26,0
51805,0,14,Computer,1,8,UPI,Female,3,4,Laptop & Accessory,3,Single,3,1,17,0,1,7,168.11,7,1,28,8
51806,0,0,Phone,3,35,Credit Card,Male,2,3,Laptop & Accessory,3,Married,6,0,12,0,1,0,143.06,0,1,0,0
51807,0,8,Phone,3,6,Credit Card,Female,3,3,Laptop & Accessory,3,Single,2,0,16,1,1,3,148.59,3,1,16,0
51808,0,7,Mobile Phone,3,27,Debit Card,Male,3,1,Laptop & Accessory,1,Single,2,0,12,0,5,7,153.37,7,5,42,0
51809,1,0,Phone,1,14,COD,Male,3,5,Mobile,1,Single,2,1,18,0,1,0,123.4,0,1,0,1
51810,0,10,Mobile Phone,1,6,COD,Female,2,3,Fashion,1,Single,5,0,17,1,1,2,174.91,2,1,20,0
51811,0,19,Computer,1,24,Credit Card,Female,2,3,Fashion,3,Married,6,0,11,0,1,2,205.27,2,1,38,0
51812,0,14,Mobile Phone,3,8,Debit Card,Female,3,3,Grocery,5,Married,8,0,16,1,11,8,265.95,8,11,168,0
51813,0,10,Computer,3,15,Credit Card,Male,3,3,Fashion,4,Married,2,0,13,1,7,7,188.34,7,7,80,0
51814,0,25,Mobile Phone,1,12,COD,Male,3,3,Laptop & Accessory,5,Married,4,1,12,2,6,9,155.77,9,6,175,10
51815,1,0,Computer,3,17,UPI,Male,2,1,Laptop & Accessory,3,Married,9,0,12,1,1,2,147.07,2,1,0,0
51816,0,0,Computer,3,14,CC,Male,2,3,Mobile,1,Married,1,0,13,1,2,1,124.0,1,2,0,0
51817,0,11,Mobile Phone,1,16,Credit Card,Female,3,3,Laptop & Accessory,3,Married,4,0,19,0,1,0,198.24,0,1,22,0
51818,0,10,Mobile Phone,1,6,Debit Card,Female,3,3,Laptop & Accessory,4,Married,7,0,12,4,4,3,164.47,3,4,50,0
51819,0,22,Mobile Phone,1,24,Debit Card,Male,2,4,Others,3,Married,2,1,15,1,1,9,295.02,9,1,44,10
51820,0,0,Phone,1,29,CC,Male,3,1,Mobile,1,Married,2,1,11,0,1,4,127.25,4,1,0,5
51821,0,0,Mobile Phone,3,34,E wallet,Male,3,3,Laptop & Accessory,4,Married,2,0,20,0,1,4,162.72,4,1,0,0
51822,0,9,Phone,1,23,UPI,Male,3,4,Mobile,4,Married,2,0,21,1,1,0,121.27,0,1,18,0
51823,0,23,Computer,2,9,Credit Card,Male,3,3,Others,4,Married,2,0,11,1,10,7,282.0,7,10,253,0
51824,0,9,Phone,3,19,CC,Male,2,3,Mobile,3,Married,2,0,11,1,1,6,120.96,6,1,18,0
51825,1,0,Computer,1,13,Debit Card,Female,3,3,Mobile,3,Married,2,1,16,0,1,2,128.86,2,1,0,3
51826,1,9,Computer,3,18,Debit Card,Male,3,4,Mobile,5,Married,2,0,18,1,1,0,120.33,0,1,18,0
51827,0,7,Phone,1,6,Debit Card,Male,2,4,Mobile Phone,1,Married,2,1,13,1,1,3,136.22,3,1,14,4
51828,1,0,Phone,3,19,Credit Card,Male,2,3,Laptop & Accessory,5,Married,3,0,17,0,1,2,142.33,2,1,0,0
51829,0,8,Phone,1,31,UPI,Male,2,4,Laptop & Accessory,1,Single,5,0,14,1,1,2,136.81,2,1,16,0
51830,0,4,Mobile Phone,3,12,Credit Card,Male,3,1,Laptop & Accessory,1,Married,5,0,22,5,5,7,154.6,7,5,24,0
51831,0,9,Phone,1,12,CC,Female,3,4,Mobile,3,Married,1,0,12,0,1,3,121.87,3,1,18,0
51832,0,10,Mobile Phone,3,8,E wallet,Male,3,3,Laptop & Accessory,3,Married,5,1,11,0,1,0,196.02,0,1,20,1
51833,0,0,Phone,1,6,Debit Card,Female,3,4,Mobile,4,Single,2,0,13,0,1,0,128.36,0,1,0,0
51834,0,15,Phone,1,8,Debit Card,Female,2,3,Laptop & Accessory,1,Married,2,0,13,0,2,2,140.89,2,2,45,0
51835,0,16,Mobile Phone,1,12,UPI,Male,2,4,Grocery,1,Married,5,1,14,1,1,0,266.27,0,1,32,1
51836,0,11,Phone,1,14,Debit Card,Female,2,3,Mobile,5,Single,4,0,17,0,1,0,126.19,0,1,22,0
51837,0,16,Computer,1,15,Credit Card,Male,3,3,Laptop & Accessory,3,Married,4,1,13,1,4,7,156.79,7,4,80,8
51838,0,21,Mobile Phone,1,6,Debit Card,Female,2,4,Grocery,5,Married,8,0,11,0,2,2,254.02,2,2,63,0
51839,0,17,Mobile Phone,2,6,Debit Card,Female,2,4,Laptop & Accessory,3,Single,5,0,11,1,1,2,159.85,2,1,34,0
51840,0,7,Phone,3,14,COD,Female,2,3,Mobile,3,Married,2,1,18,1,1,6,125.79,6,1,14,7
51841,1,0,Phone,3,8,E wallet,Male,3,3,Mobile,5,Married,1,0,11,1,1,2,130.41,2,1,0,0
51842,0,0,Phone,3,28,COD,Male,2,3,Mobile,3,Single,2,0,11,0,1,2,134.47,2,1,0,0
51843,0,17,Mobile Phone,1,9,UPI,Male,2,3,Others,1,Married,5,1,15,0,1,1,295.13,1,1,34,2
51844,0,0,Phone,1,12,CC,Male,3,3,Mobile,3,Married,1,0,20,1,2,2,127.73,2,2,0,0
51845,0,6,Mobile Phone,3,14,E wallet,Male,2,3,Laptop & Accessory,3,Married,1,0,12,0,1,2,171.04,2,1,12,0
51846,0,5,Mobile Phone,1,15,Debit Card,Female,3,3,Laptop & Accessory,1,Married,2,1,12,1,1,5,163.22,5,1,10,6
51847,0,9,Computer,1,9,CC,Female,3,3,Mobile,3,Married,2,0,20,1,1,0,120.83,0,1,18,0
51848,0,26,Mobile Phone,3,6,Credit Card,Female,2,3,Laptop & Accessory,5,Single,8,0,20,4,8,10,183.81,10,8,234,0
51849,0,7,Phone,1,6,Debit Card,Male,3,3,Mobile,1,Married,2,0,12,1,8,8,126.91,8,8,63,0
51850,1,8,Computer,3,32,Debit Card,Female,3,3,Laptop & Accessory,5,Married,3,0,14,0,1,0,142.86,0,1,16,0
51851,0,0,Mobile Phone,1,12,Debit Card,Female,3,3,Mobile Phone,1,Married,2,1,13,0,1,2,56.0,2,1,0,3
51852,0,10,Mobile Phone,1,9,UPI,Male,2,3,Fashion,3,Married,2,0,15,7,7,8,194.34,8,7,80,0
51853,0,2,Mobile Phone,3,9,Credit Card,Female,3,3,Laptop & Accessory,3,Married,2,0,14,0,1,2,155.61,2,1,4,0
51854,0,8,Mobile Phone,1,12,Debit Card,Male,2,5,Laptop & Accessory,1,Single,2,0,13,0,11,8,166.46,8,11,96,0
51855,0,6,Computer,1,12,Debit Card,Male,1,3,Laptop & Accessory,1,Married,4,0,23,3,4,7,177.25,7,4,30,0
51856,0,27,Mobile Phone,2,25,Credit Card,Male,2,3,Fashion,4,Married,3,0,15,2,7,1,207.25,1,7,216,0
51857,0,9,Mobile Phone,1,15,Credit Card,Male,2,4,Laptop & Accessory,4,Married,3,1,11,0,1,2,188.47,2,1,18,3
51858,0,9,Phone,1,9,CC,Male,2,4,Mobile,1,Single,1,0,13,1,1,1,120.45,1,1,18,0
51859,1,0,Mobile Phone,1,16,Credit Card,Male,2,3,Mobile Phone,3,Single,2,1,11,1,1,1,110.09,1,1,0,2
51860,1,0,Computer,1,9,Debit Card,Male,3,3,Mobile,5,Single,2,1,11,5,9,7,133.48,7,9,0,8
51861,0,9,Computer,1,9,Debit Card,Male,2,4,Mobile Phone,3,Married,2,0,18,1,1,0,112.81,0,1,18,0
51862,0,0,Phone,1,10,CC,Male,3,1,Mobile,5,Married,3,0,16,0,1,2,128.19,2,1,0,0
51863,0,0,Phone,3,14,Debit Card,Male,2,1,Laptop & Accessory,4,Married,1,0,22,1,1,2,148.51,2,1,0,0
51864,0,11,Phone,3,13,E wallet,Female,2,4,Laptop & Accessory,1,Single,1,0,20,1,1,5,140.28,5,1,22,0
51865,0,2,Computer,1,6,Debit Card,Male,3,5,Mobile,1,Married,2,0,18,0,2,8,127.2,8,2,6,0
51866,0,21,Mobile Phone,3,8,E wallet,Male,2,1,Laptop & Accessory,4,Married,4,0,12,0,2,2,181.2,2,2,63,0
51867,0,0,Computer,3,9,Credit Card,Female,3,1,Laptop & Accessory,1,Married,2,1,20,1,1,4,146.47,4,1,0,5
51868,0,10,Phone,1,16,Debit Card,Male,3,1,Mobile Phone,1,Single,4,0,17,1,1,0,146.8,0,1,20,0
51869,0,23,Phone,1,34,CC,Male,3,1,Mobile,3,Married,2,1,11,0,3,8,132.21,8,3,92,9
51870,0,7,Mobile Phone,1,15,Credit Card,Female,2,4,Fashion,4,Single,2,0,14,4,7,7,186.21,7,7,56,0
51871,1,0,Phone,3,9,Debit Card,Female,3,3,Laptop & Accessory,3,Single,10,0,14,1,2,0,145.77,0,2,0,0
51872,0,12,Phone,1,8,COD,Female,3,4,Laptop & Accessory,3,Single,2,0,11,1,11,10,145.53,10,11,144,0
51873,0,5,Mobile Phone,3,16,E wallet,Male,2,3,Laptop & Accessory,1,Single,2,0,12,1,1,8,153.96,8,1,10,0
51874,1,13,Computer,3,14,COD,Male,2,3,Laptop & Accessory,3,Married,4,1,14,0,1,3,167.96,3,1,26,4
51875,0,11,Mobile Phone,1,6,Debit Card,Female,2,1,Laptop & Accessory,1,Single,1,0,13,0,1,8,176.25,8,1,22,0
51876,0,0,Mobile Phone,1,6,Debit Card,Female,3,3,Fashion,5,Married,2,0,11,0,1,7,174.12,7,1,0,0
51877,0,5,Mobile Phone,1,9,Debit Card,Female,2,3,Fashion,1,Single,4,0,15,6,7,3,211.59,3,7,40,0
51878,0,20,Mobile Phone,3,20,E wallet,Male,2,3,Laptop & Accessory,5,Single,3,0,12,1,1,7,149.6,7,1,40,0
51879,0,13,Computer,3,11,Debit Card,Male,2,4,Fashion,5,Married,6,1,21,0,1,12,204.75,12,1,26,13
51880,0,26,Mobile Phone,1,13,Debit Card,Male,2,1,Grocery,3,Married,4,0,19,0,2,3,248.14,3,2,78,0
51881,0,14,Mobile Phone,2,16,UPI,Male,3,4,Others,1,Married,4,0,15,1,12,6,291.41,6,12,182,0
51882,0,30,Mobile Phone,3,22,E wallet,Male,2,3,Laptop & Accessory,5,Single,9,0,14,2,2,2,154.05,2,2,90,0
51883,0,0,Computer,1,16,Debit Card,Male,2,3,Fashion,5,Married,2,0,21,0,1,7,187.93,7,1,0,0
51884,0,14,Mobile Phone,2,6,UPI,Male,2,4,Others,3,Married,2,0,12,1,2,10,291.89,10,2,42,0
51885,0,23,Phone,3,14,E wallet,Male,2,3,Mobile Phone,4,Married,8,0,15,0,2,2,138.75,2,2,69,0
51886,1,9,Phone,1,6,Debit Card,Female,3,5,Mobile,4,Single,8,1,13,1,3,7,122.16,7,3,36,8
51887,0,9,Computer,1,14,Debit Card,Female,3,1,Fashion,5,Married,10,0,14,0,1,3,217.13,3,1,18,0
51888,0,11,Mobile Phone,1,6,Debit Card,Female,2,3,Fashion,3,Single,5,1,14,0,1,0,178.61,0,1,22,1
51889,0,17,Computer,1,30,Credit Card,Male,2,5,Mobile Phone,3,Single,3,0,14,0,1,4,137.08,4,1,34,0
51890,0,20,Computer,3,9,Credit Card,Female,2,3,Grocery,3,Married,10,1,12,1,2,13,237.7,13,2,60,14
51891,0,3,Mobile Phone,3,33,E wallet,Male,3,3,Laptop & Accessory,1,Married,8,0,23,2,7,7,153.04,7,7,24,0
51892,0,2,Phone,3,14,Debit Card,Male,3,3,Mobile,3,Single,2,0,11,1,1,0,126.42,0,1,4,0
51893,1,5,Computer,1,25,CC,Male,3,1,Mobile,3,Married,7,1,12,0,2,2,127.59,2,2,15,3
51894,0,16,Computer,3,21,Debit Card,Male,2,4,Laptop & Accessory,1,Married,4,0,18,1,2,2,168.04,2,2,48,0
51895,0,7,Mobile Phone,1,14,Credit Card,Female,3,3,Laptop & Accessory,3,Single,4,0,11,0,4,3,161.42,3,4,35,0
51896,0,0,Phone,1,14,CC,Male,2,3,Mobile,5,Married,2,0,14,1,1,2,125.0,2,1,0,0
51897,0,12,Mobile Phone,2,9,UPI,Female,2,1,Laptop & Accessory,4,Married,10,0,15,0,3,6,163.89,6,3,48,0
51898,0,29,Mobile Phone,1,15,Credit Card,Male,2,3,Grocery,1,Married,8,0,11,0,1,3,211.03,3,1,58,0
51899,0,13,Phone,1,14,CC,Female,2,4,Mobile,1,Single,1,1,20,0,2,3,123.42,3,2,39,4
51900,0,0,Mobile Phone,1,13,Credit Card,Female,2,4,Laptop & Accessory,5,Single,9,0,19,1,1,7,168.11,7,1,0,0
51901,0,9,Phone,3,16,E wallet,Male,2,3,Mobile,4,Married,2,0,14,2,2,2,122.97,2,2,27,0
51902,0,26,Phone,1,14,Debit Card,Male,2,3,Laptop & Accessory,1,Single,3,0,17,2,2,2,124.5,2,2,78,0
51903,0,8,Computer,1,8,Debit Card,Female,3,3,Laptop & Accessory,5,Married,3,0,11,1,1,0,150.93,0,1,16,0
51904,0,5,Computer,1,30,Debit Card,Male,3,3,Laptop & Accessory,1,Married,2,0,15,1,4,7,153.09,7,4,25,0
51905,0,11,Phone,1,8,CC,Male,3,3,Mobile,3,Married,7,1,13,0,1,1,130.57,1,1,22,2
51906,0,7,Mobile Phone,1,14,Debit Card,Female,2,3,Laptop & Accessory,5,Married,4,0,14,1,1,0,151.21,0,1,14,0
51907,0,25,Mobile Phone,3,9,E wallet,Male,2,4,Grocery,5,Married,2,0,11,1,1,16,268.56,16,1,50,0
51908,1,0,Phone,1,6,UPI,Male,3,3,Mobile,1,Single,2,1,13,6,7,8,126.86,8,7,0,9
51909,0,0,Mobile Phone,3,32,Credit Card,Female,2,3,Laptop & Accessory,1,Single,2,0,23,0,1,4,161.8,4,1,0,0
51910,0,18,Mobile Phone,3,8,COD,Male,2,5,Laptop & Accessory,3,Single,1,0,13,1,3,1,166.32,1,3,72,0
51911,0,0,Phone,1,16,Credit Card,Male,3,1,Mobile,3,Single,2,0,18,0,1,2,135.05,2,1,0,0
51912,1,10,Computer,3,33,Debit Card,Female,3,1,Laptop & Accessory,3,Single,5,1,12,0,1,3,163.97,3,1,20,4
51913,0,7,Mobile Phone,3,8,UPI,Male,2,3,Laptop & Accessory,1,Single,2,0,22,0,1,4,162.74,4,1,14,0
51914,1,18,Mobile Phone,1,8,Credit Card,Male,3,3,Others,5,Married,6,1,15,1,1,4,298.59,4,1,36,5
51915,0,9,Computer,3,14,Debit Card,Male,3,4,Fashion,5,Single,2,0,15,0,1,9,175.87,9,1,18,0
51916,0,25,Computer,1,25,Credit Card,Male,2,3,Mobile Phone,1,Married,1,0,18,1,1,2,142.58,2,1,50,0
51917,0,0,Computer,1,6,Debit Card,Female,3,5,Mobile Phone,1,Married,4,0,14,2,2,0,143.64,0,2,0,0
51918,0,2,Phone,1,33,Credit Card,Female,3,3,Laptop & Accessory,3,Married,5,0,12,0,1,1,143.35,1,1,4,0
51919,1,0,Mobile Phone,3,14,COD,Male,2,4,Laptop & Accessory,5,Single,7,0,17,0,1,2,153.26,2,1,0,0
51920,0,7,Phone,1,6,Debit Card,Female,3,1,Mobile,1,Single,3,0,16,1,1,3,132.8,3,1,14,0
51921,0,27,Mobile Phone,1,25,Credit Card,Female,3,3,Laptop & Accessory,5,Married,10,1,11,0,1,4,154.85,4,1,54,5
51922,0,0,Computer,3,14,E wallet,Male,2,3,Laptop & Accessory,1,Married,1,0,19,1,1,1,143.42,1,1,0,0
51923,0,10,Phone,1,16,Debit Card,Female,3,3,Mobile,5,Married,1,1,13,4,4,3,127.82,3,4,50,4
51924,0,11,Computer,1,8,Debit Card,Female,3,1,Laptop & Accessory,5,Single,7,1,12,0,4,12,159.8,12,4,55,13
51925,0,7,Phone,1,8,Credit Card,Female,2,4,Mobile Phone,5,Single,2,0,11,1,1,3,143.81,3,1,14,0
51926,0,8,Phone,3,14,Debit Card,Female,3,3,Mobile,1,Married,2,0,16,1,1,2,125.72,2,1,16,0
51927,0,3,Phone,1,6,Debit Card,Male,2,5,Mobile Phone,3,Married,4,0,21,1,1,2,138.33,2,1,6,0
51928,0,13,Computer,1,8,Credit Card,Female,2,1,Laptop & Accessory,4,Married,2,0,24,0,3,7,142.44,7,3,52,0
51929,0,7,Mobile Phone,3,14,Debit Card,Female,3,3,Laptop & Accessory,5,Married,6,0,17,1,1,2,165.0,2,1,14,0
51930,0,15,Computer,1,14,Debit Card,Male,3,3,Others,1,Married,2,0,13,1,14,9,284.3,9,14,225,0
51931,1,9,Mobile Phone,1,12,Debit Card,Male,3,1,Mobile Phone,5,Married,2,1,21,0,1,0,116.01,0,1,18,1
51932,0,0,Computer,1,15,Debit Card,Male,3,4,Mobile,4,Married,2,0,11,0,1,0,126.94,0,1,0,0
51933,0,25,Phone,1,17,Debit Card,Female,3,3,Laptop & Accessory,3,Married,9,0,20,1,1,4,131.49,4,1,50,0
51934,0,23,Mobile Phone,1,8,Credit Card,Male,3,3,Grocery,3,Married,6,0,16,1,1,3,276.39,3,1,46,0
51935,1,0,Phone,1,14,Debit Card,Female,2,4,Mobile,5,Married,2,1,11,0,1,0,123.19,0,1,0,1
51936,0,6,Mobile Phone,1,13,Credit Card,Male,2,3,Fashion,3,Married,1,0,11,1,3,3,216.91,3,3,24,0
51937,1,0,Mobile Phone,3,22,E wallet,Female,3,3,Laptop & Accessory,5,Single,6,0,15,1,1,2,153.24,2,1,0,0
51938,0,20,Mobile Phone,1,8,UPI,Female,2,3,Grocery,1,Married,2,1,11,1,3,0,267.52,0,3,80,1
51939,0,9,Mobile Phone,1,6,UPI,Female,2,3,Laptop & Accessory,4,Married,1,0,15,1,1,5,152.28,5,1,18,0
51940,0,2,Phone,1,29,Debit Card,Male,3,1,Mobile,3,Married,2,0,24,1,1,7,127.0,7,1,4,0
51941,1,20,Mobile Phone,1,8,Debit Card,Male,2,3,Others,4,Single,8,1,15,7,13,8,292.46,8,13,280,9
51942,0,8,Phone,1,14,Debit Card,Female,2,1,Mobile,3,Single,4,0,13,2,2,2,125.06,2,2,24,0
51943,0,15,Mobile Phone,1,6,Debit Card,Female,2,4,Laptop & Accessory,1,Married,10,1,13,0,1,2,160.62,2,1,30,3
51944,1,0,Phone,1,8,Credit Card,Male,2,3,Mobile Phone,3,Single,7,0,17,2,2,1,143.82,1,2,0,0
51945,0,9,Phone,2,19,UPI,Male,2,3,Mobile,4,Married,5,0,13,1,1,4,121.43,4,1,18,0
51946,0,5,Mobile Phone,1,10,Debit Card,Female,3,4,Laptop & Accessory,3,Married,2,0,12,5,6,8,161.62,8,6,35,0
51947,0,13,Computer,1,22,Credit Card,Male,2,4,Laptop & Accessory,3,Single,7,0,14,0,1,0,150.94,0,1,26,0
51948,0,3,Mobile Phone,1,8,Credit Card,Female,2,4,Laptop & Accessory,1,Single,6,1,24,1,1,0,168.77,0,1,6,1
51949,0,9,Phone,1,8,Debit Card,Female,3,4,Mobile,3,Single,2,0,14,1,1,0,122.74,0,1,18,0
51950,0,15,Phone,1,35,Debit Card,Male,3,3,Laptop & Accessory,4,Married,2,0,13,5,7,8,144.34,8,7,120,0
51951,0,11,Computer,1,18,Debit Card,Male,0,4,Laptop & Accessory,5,Married,3,0,15,1,1,2,162.88,2,1,22,0
51952,0,7,Computer,1,14,Debit Card,Female,3,4,Mobile,1,Single,2,0,16,1,1,3,125.53,3,1,14,0
51953,1,12,Mobile Phone,3,17,E wallet,Female,2,3,Fashion,1,Married,2,0,18,0,7,7,176.54,7,7,96,0
51954,1,18,Mobile Phone,3,8,Credit Card,Male,2,3,Laptop & Accessory,1,Single,5,0,16,1,7,3,151.6,3,7,144,0
51955,0,16,Mobile Phone,1,20,Debit Card,Male,3,3,Grocery,5,Married,7,0,24,1,1,0,271.59,0,1,32,0
51956,0,0,Mobile Phone,1,11,Cash on Delivery,Male,2,4,Fashion,1,Married,2,1,16,1,1,3,228.08,3,1,0,4
51957,0,8,Mobile Phone,1,13,UPI,Male,2,3,Fashion,3,Single,4,0,21,0,1,6,202.21,6,1,16,0
51958,0,1,Phone,3,8,E wallet,Female,2,3,Laptop & Accessory,4,Married,2,1,20,6,7,5,147.79,5,7,8,6
51959,0,7,Phone,2,9,UPI,Male,2,3,Mobile Phone,1,Married,1,0,19,1,1,2,137.37,2,1,14,0
51960,1,0,Computer,1,14,CC,Female,2,4,Mobile,3,Married,2,1,14,0,1,7,123.66,7,1,0,8
51961,0,9,Computer,1,9,Credit Card,Male,2,3,Mobile Phone,1,Married,2,0,11,0,1,0,117.06,0,1,18,0
51962,0,24,Mobile Phone,3,32,E wallet,Female,3,3,Grocery,3,Married,3,0,14,1,4,17,263.07,17,4,120,0
51963,0,17,Mobile Phone,1,10,Credit Card,Male,2,3,Laptop & Accessory,4,Single,10,0,12,1,2,3,159.33,3,2,51,0
51964,0,0,Phone,1,8,CC,Male,3,1,Mobile,5,Single,8,0,13,0,1,1,134.24,1,1,0,0
51965,0,6,Phone,3,6,Credit Card,Male,2,1,Laptop & Accessory,5,Married,2,0,22,0,1,8,140.37,8,1,12,0
51966,0,8,Phone,1,14,CC,Female,2,4,Mobile,5,Single,2,0,11,0,1,1,125.59,1,1,16,0
51967,0,9,Mobile Phone,3,6,Debit Card,Male,2,3,Laptop & Accessory,1,Married,2,1,14,3,4,11,162.01,11,4,45,12
51968,0,5,Phone,3,19,Debit Card,Male,3,3,Laptop & Accessory,1,Married,3,0,11,0,1,3,144.03,3,1,10,0
51969,0,3,Computer,1,11,Debit Card,Male,3,4,Mobile Phone,1,Married,10,0,12,0,1,3,137.61,3,1,6,0
51970,0,26,Mobile Phone,3,13,E wallet,Female,3,4,Fashion,1,Married,8,1,18,0,1,3,209.34,3,1,52,4
51971,0,18,Mobile Phone,3,15,E wallet,Male,3,3,Fashion,5,Married,5,1,12,0,1,2,207.61,2,1,36,3
51972,0,5,Mobile Phone,1,14,Credit Card,Female,3,1,Laptop & Accessory,3,Married,6,0,12,1,1,3,151.75,3,1,10,0
51973,0,25,Computer,1,31,Credit Card,Female,2,4,Grocery,1,Married,4,0,22,0,2,0,238.26,0,2,75,0
51974,0,10,Mobile Phone,3,22,E wallet,Male,3,4,Laptop & Accessory,3,Married,5,0,19,1,1,0,163.34,0,1,20,0
51975,0,1,Phone,2,14,Credit Card,Male,3,4,Mobile Phone,1,Married,2,0,13,1,1,4,149.36,4,1,2,0
51976,0,0,Phone,1,6,Debit Card,Male,2,4,Laptop & Accessory,1,Married,7,0,22,2,2,2,147.75,2,2,0,0
51977,0,17,Phone,1,14,Debit Card,Male,3,1,Mobile,1,Married,3,1,24,1,1,2,128.18,2,1,34,3
51978,0,15,Computer,1,14,CC,Male,2,3,Mobile,1,Single,6,1,14,1,2,2,125.15,2,2,45,3
51979,0,9,Phone,2,14,Debit Card,Male,3,4,Mobile,5,Married,1,0,21,0,1,3,123.42,3,1,18,0
51980,0,0,Phone,3,9,UPI,Male,3,3,Laptop & Accessory,5,Married,2,1,18,0,1,3,141.94,3,1,0,4
51981,0,8,Mobile Phone,1,15,Debit Card,Female,3,4,Fashion,3,Married,2,1,20,3,5,15,206.85,15,5,48,16
51982,1,9,Computer,1,31,Debit Card,Female,3,3,Mobile,4,Married,2,1,19,6,7,8,120.22,8,7,72,9
51983,0,5,Computer,1,6,Debit Card,Male,3,3,Mobile,1,Married,1,0,12,1,1,2,123.14,2,1,10,0
51984,0,0,Phone,3,10,E wallet,Male,2,4,Laptop & Accessory,5,Married,2,0,12,1,1,3,142.56,3,1,0,0
51985,0,22,Phone,1,6,COD,Female,2,3,Mobile Phone,5,Married,3,0,16,0,1,2,135.8,2,1,44,0
51986,0,0,Computer,1,10,Debit Card,Male,2,4,Mobile,1,Married,1,0,17,0,3,4,131.62,4,3,0,0
51987,0,5,Computer,3,11,Debit Card,Male,2,3,Laptop & Accessory,4,Married,2,0,14,2,5,3,165.24,3,5,30,0
51988,0,11,Phone,3,15,E wallet,Male,3,4,Mobile,4,Married,1,0,19,0,1,2,128.99,2,1,22,0
51989,0,15,Mobile Phone,1,9,Debit Card,Female,3,1,Laptop & Accessory,1,Married,3,1,13,1,1,3,152.31,3,1,30,4
51990,0,4,Phone,1,14,Debit Card,Male,2,3,Mobile,1,Married,4,1,19,0,1,2,123.56,2,1,8,3
51991,1,0,Phone,3,6,CC,Female,3,4,Mobile,3,Married,7,1,19,1,1,2,128.0,2,1,0,3
51992,0,26,Mobile Phone,3,14,E wallet,Male,3,3,Grocery,1,Married,6,0,14,2,2,3,218.36,3,2,78,0
51993,0,8,Mobile Phone,1,31,Cash on Delivery,Male,3,4,Fashion,4,Married,4,0,16,2,4,8,209.03,8,4,40,0
51994,0,10,Computer,3,27,CC,Female,3,3,Mobile,1,Married,6,0,15,1,1,0,129.73,0,1,20,0
51995,0,26,Mobile Phone,1,29,Debit Card,Female,3,3,Grocery,1,Single,7,0,18,3,2,8,242.75,8,2,78,0
51996,0,16,Computer,1,6,Debit Card,Female,2,3,Laptop & Accessory,1,Married,5,0,13,1,2,2,155.62,2,2,48,0
51997,0,20,Phone,3,8,E wallet,Female,2,3,Laptop & Accessory,1,Married,1,1,22,3,7,7,145.37,7,7,160,8
51998,0,10,Computer,3,25,Credit Card,Male,2,3,Fashion,4,Single,2,1,13,0,1,9,176.42,9,1,20,10
51999,0,23,Computer,1,8,Debit Card,Male,3,3,Grocery,5,Married,2,0,11,1,14,7,279.24,7,14,345,0
52000,0,12,Mobile Phone,2,8,Debit Card,Female,2,4,Laptop & Accessory,1,Married,9,0,11,1,1,4,152.04,4,1,24,0
52001,0,9,Phone,2,9,UPI,Male,2,3,Mobile,4,Married,4,1,11,0,1,3,122.77,3,1,18,4
52002,1,0,Phone,1,31,Debit Card,Male,3,3,Mobile,1,Single,2,1,24,0,1,1,127.95,1,1,0,2
52003,0,2,Phone,1,14,CC,Female,3,4,Mobile,1,Married,7,0,14,1,1,3,125.32,3,1,4,0
52004,0,17,Phone,1,14,Debit Card,Male,3,3,Mobile,5,Married,2,1,13,5,7,1,125.59,1,7,136,2
52005,0,1,Phone,3,11,Credit Card,Male,3,3,Laptop & Accessory,1,Single,2,0,14,0,1,2,149.08,2,1,2,0
52006,1,20,Computer,1,14,Debit Card,Male,2,4,Mobile,1,Married,10,1,14,1,1,0,123.8,0,1,40,1
52007,0,16,Phone,1,14,Debit Card,Female,2,3,Laptop & Accessory,4,Married,5,0,21,1,1,0,147.65,0,1,32,0
52008,1,9,Phone,3,8,CC,Female,2,4,Mobile,3,Single,2,0,13,1,1,2,120.44,2,1,18,0
52009,1,0,Phone,1,24,UPI,Female,3,3,Mobile,1,Single,2,0,19,1,1,0,126.93,0,1,0,0
52010,0,9,Mobile Phone,1,20,Debit Card,Male,3,3,Laptop & Accessory,1,Married,1,1,17,2,4,11,165.86,11,4,45,12
52011,0,20,Phone,3,8,Debit Card,Female,3,4,Mobile,1,Single,2,1,18,0,1,2,132.94,2,1,40,3
52012,1,0,Phone,1,9,Debit Card,Female,2,3,Laptop & Accessory,3,Married,1,1,19,1,1,2,141.71,2,1,0,3
52013,1,4,Phone,1,8,Debit Card,Female,3,5,Mobile,1,Married,5,1,13,0,1,0,127.78,0,1,8,1
52014,0,1,Phone,1,14,CC,Female,3,3,Mobile,3,Married,6,0,18,0,2,2,123.77,2,2,3,0
52015,1,2,Phone,1,14,CC,Male,3,3,Mobile,5,Married,8,1,21,1,2,2,124.04,2,2,6,3
52016,0,0,Phone,1,14,Debit Card,Female,3,3,Mobile,3,Single,2,0,19,0,1,0,123.18,0,1,0,0
52017,0,9,Mobile Phone,1,16,Debit Card,Male,2,3,Mobile,4,Married,2,0,14,1,1,0,120.08,0,1,18,0
52018,0,15,Mobile Phone,3,20,Credit Card,Female,3,4,Laptop & Accessory,3,Single,8,0,17,1,1,3,162.44,3,1,30,0
52019,0,6,Phone,1,6,UPI,Male,3,4,Mobile,5,Single,4,1,11,1,1,2,127.99,2,1,12,3
52020,0,30,Mobile Phone,1,11,Cash on Delivery,Female,2,4,Fashion,4,Married,3,1,13,1,1,4,205.52,4,1,60,5
52021,0,4,Phone,3,14,Debit Card,Male,2,4,Mobile,3,Married,4,0,15,2,5,2,123.29,2,5,24,0
52022,0,8,Phone,1,27,Debit Card,Female,2,3,Laptop & Accessory,1,Married,2,1,25,0,1,7,140.14,7,1,16,8
52023,0,22,Mobile Phone,1,14,UPI,Female,2,3,Fashion,4,Married,5,0,11,0,1,7,174.03,7,1,44,0
52024,0,9,Phone,1,26,CC,Male,2,3,Mobile,3,Married,5,0,17,1,1,0,122.59,0,1,18,0
52025,0,4,Computer,3,26,E wallet,Female,2,3,Laptop & Accessory,3,Married,2,0,13,1,1,0,169.32,0,1,8,0
52026,0,9,Phone,1,13,UPI,Male,3,3,Mobile Phone,1,Single,3,0,18,1,1,1,146.78,1,1,18,0
52027,0,11,Mobile Phone,1,6,Cash on Delivery,Female,3,3,Fashion,5,Married,2,0,13,4,2,11,235.82,11,2,33,0
52028,0,5,Computer,1,14,Debit Card,Female,3,4,Mobile,4,Married,7,0,20,0,1,2,123.32,2,1,10,0
52029,1,0,Phone,3,14,E wallet,Male,2,4,Mobile,4,Married,2,1,18,0,1,0,124.13,0,1,0,1
52030,0,13,Mobile Phone,3,16,E wallet,Male,3,4,Fashion,4,Married,3,0,12,0,1,0,197.05,0,1,26,0
52031,0,0,Computer,3,6,Credit Card,Male,2,4,Laptop & Accessory,5,Single,2,0,12,0,1,7,142.94,7,1,0,0
52032,0,14,Phone,1,12,Credit Card,Male,2,3,Mobile Phone,5,Single,3,1,13,1,2,17,147.21,17,2,42,18
52033,0,9,Phone,1,14,CC,Male,3,3,Mobile,3,Single,5,0,21,1,3,9,125.19,9,3,36,0
52034,1,9,Phone,3,27,UPI,Male,2,4,Mobile,4,Single,2,1,13,1,1,0,121.21,0,1,18,1
52035,1,0,Phone,1,10,COD,Male,3,3,Mobile,5,Single,2,0,19,1,1,0,129.73,0,1,0,0
52036,0,4,Mobile Phone,1,18,Credit Card,Female,2,3,Laptop & Accessory,1,Married,1,1,11,6,8,5,158.55,5,8,36,6
52037,0,13,Computer,1,15,Credit Card,Male,2,3,Mobile Phone,4,Married,9,1,14,0,1,0,136.17,0,1,26,1
52038,0,5,Mobile Phone,1,9,Credit Card,Female,3,3,Laptop & Accessory,5,Married,2,0,12,1,6,3,167.25,3,6,35,0
52039,1,0,Mobile Phone,3,9,Debit Card,Male,2,4,Fashion,1,Married,2,1,11,3,3,7,203.25,7,3,0,8
52040,0,6,Mobile Phone,1,6,Debit Card,Female,2,4,Laptop & Accessory,1,Single,1,0,14,1,1,4,169.49,4,1,12,0
52041,1,0,Mobile Phone,3,6,Debit Card,Male,2,4,Fashion,3,Married,6,0,11,5,11,46,206.09,46,11,0,0
52042,0,18,Computer,1,10,Debit Card,Male,2,3,Laptop & Accessory,4,Married,2,0,12,1,1,8,144.47,8,1,36,0
52043,0,9,Computer,3,26,Cash on Delivery,Female,2,3,Mobile,1,Married,2,0,15,0,1,2,121.57,2,1,18,0
52044,0,8,Phone,3,24,Credit Card,Female,2,3,Laptop & Accessory,3,Married,2,0,16,1,1,0,146.01,0,1,16,0
52045,0,25,Mobile Phone,1,6,Debit Card,Male,3,3,Grocery,1,Married,3,0,15,1,7,8,270.99,8,7,200,0
52046,1,20,Phone,1,14,COD,Male,2,3,Mobile,3,Single,5,0,24,0,1,0,124.79,0,1,40,0
52047,0,26,Mobile Phone,3,8,Credit Card,Male,2,3,Grocery,3,Married,7,0,13,11,2,2,248.52,2,2,78,0
52048,0,3,Mobile Phone,3,14,UPI,Male,3,3,Fashion,3,Married,6,0,11,2,7,7,172.64,7,7,24,0
52049,0,11,Computer,3,16,COD,Female,2,3,Laptop & Accessory,1,Single,2,1,13,1,1,3,156.66,3,1,22,4
52050,0,8,Mobile Phone,3,9,Debit Card,Male,3,3,Fashion,1,Married,7,0,13,0,1,8,178.23,8,1,16,0
52051,0,12,Mobile Phone,3,8,Debit Card,Male,2,1,Fashion,3,Single,1,0,18,0,1,7,178.8,7,1,24,0
52052,1,3,Computer,3,30,Debit Card,Female,3,1,Grocery,4,Single,5,1,16,1,2,0,231.94,0,2,9,1
52053,0,20,Computer,1,22,Credit Card,Male,3,1,Laptop & Accessory,3,Married,2,1,19,1,2,7,150.67,7,2,60,8
52054,0,9,Computer,3,14,COD,Male,2,3,Laptop & Accessory,1,Married,5,0,13,1,1,7,150.79,7,1,18,0
52055,1,0,Computer,1,14,CC,Male,2,4,Mobile,5,Single,1,1,22,0,1,2,123.21,2,1,0,3
52056,0,6,Computer,3,23,Debit Card,Male,2,3,Grocery,3,Single,2,0,11,1,6,0,274.44,0,6,42,0
52057,1,0,Phone,1,14,Debit Card,Female,3,4,Mobile,5,Single,7,1,20,1,1,0,124.04,0,1,0,1
52058,0,6,Phone,1,19,Debit Card,Female,2,3,Mobile,1,Single,4,0,18,1,1,2,134.52,2,1,12,0
52059,0,9,Phone,1,6,CC,Female,3,3,Mobile,1,Married,4,0,14,1,1,2,122.7,2,1,18,0
52060,0,23,Mobile Phone,1,6,Credit Card,Male,3,3,Grocery,1,Married,10,0,22,1,1,3,273.99,3,1,46,0
52061,0,6,Computer,1,6,UPI,Female,2,1,Laptop & Accessory,4,Married,2,1,13,1,1,2,154.88,2,1,12,3
52062,0,14,Computer,1,15,Credit Card,Male,3,3,Others,3,Married,3,0,15,0,1,11,294.19,11,1,28,0
52063,0,0,Phone,1,22,COD,Female,3,3,Mobile,4,Married,10,0,14,2,2,2,128.11,2,2,0,0
52064,0,18,Computer,1,29,Debit Card,Male,2,3,Laptop & Accessory,5,Married,2,1,15,1,1,8,136.33,8,1,36,9
52065,0,20,Phone,3,10,Debit Card,Female,2,3,Laptop & Accessory,1,Single,2,1,17,1,1,7,141.63,7,1,40,8
52066,1,9,Phone,1,28,Debit Card,Female,2,3,Mobile,3,Married,5,1,11,0,1,1,121.32,1,1,18,2
52067,0,23,Mobile Phone,1,30,Debit Card,Male,3,3,Grocery,3,Married,4,1,18,1,2,5,239.73,5,2,69,6
52068,0,11,Computer,1,16,CC,Male,3,3,Mobile,3,Married,1,0,17,0,1,2,126.84,2,1,22,0
52069,0,19,Mobile Phone,1,13,Credit Card,Male,3,3,Fashion,3,Married,7,0,13,1,1,7,208.45,7,1,38,0
52070,0,0,Phone,1,23,Credit Card,Female,2,4,Laptop & Accessory,3,Married,2,0,15,0,3,2,143.77,2,3,0,0
52071,1,0,Phone,1,20,UPI,Male,2,4,Mobile Phone,4,Married,2,1,24,1,1,2,137.43,2,1,0,3
52072,0,4,Computer,1,6,Debit Card,Female,3,3,Laptop & Accessory,5,Married,2,0,12,1,1,3,141.48,3,1,8,0
52073,0,0,Computer,1,11,Debit Card,Male,3,3,Mobile Phone,1,Single,2,0,15,0,1,0,110.51,0,1,0,0
52074,0,27,Mobile Phone,1,23,Cash on Delivery,Female,2,3,Fashion,3,Married,9,0,11,0,1,8,207.39,8,1,54,0
52075,0,8,Mobile Phone,1,31,Credit Card,Female,2,3,Fashion,3,Married,2,1,11,0,10,1,203.88,1,10,88,2
52076,0,3,Mobile Phone,1,14,Debit Card,Female,3,1,Fashion,5,Married,1,1,12,0,1,3,214.16,3,1,6,4
52077,1,0,Phone,1,14,CC,Female,3,4,Mobile,5,Single,2,1,15,1,1,0,126.0,0,1,0,1
52078,1,0,Computer,1,14,CC,Female,2,3,Mobile,4,Single,1,0,17,0,1,2,124.22,2,1,0,0
52079,0,0,Mobile Phone,1,8,Credit Card,Male,2,1,Laptop & Accessory,1,Married,2,0,12,1,1,3,154.72,3,1,0,0
52080,0,0,Phone,1,14,Debit Card,Male,3,5,Mobile,5,Married,2,0,15,0,1,1,124.51,1,1,0,0
52081,0,21,Phone,1,12,Debit Card,Male,3,4,Laptop & Accessory,3,Single,3,0,13,0,2,2,142.4,2,2,63,0
52082,0,21,Mobile Phone,1,10,Debit Card,Male,3,4,Fashion,3,Single,8,0,14,1,4,3,209.99,3,4,105,0
52083,0,14,Mobile Phone,1,13,Credit Card,Female,2,3,Laptop & Accessory,3,Single,7,0,14,2,2,1,150.03,1,2,42,0
52084,0,12,Mobile Phone,1,6,Debit Card,Female,3,4,Grocery,1,Married,2,0,16,9,11,3,227.42,3,11,144,0
52085,0,0,Phone,1,8,Debit Card,Female,2,3,Laptop & Accessory,1,Married,1,0,18,2,2,2,142.27,2,2,0,0
52086,0,8,Phone,1,16,UPI,Male,2,3,Mobile Phone,1,Married,2,0,20,0,1,2,139.17,2,1,16,0
52087,0,0,Mobile Phone,3,11,E wallet,Male,2,3,Others,3,Married,7,0,13,1,1,0,283.03,0,1,0,0
52088,0,23,Phone,1,14,Debit Card,Male,3,3,Mobile,1,Married,5,0,18,1,1,0,123.8,0,1,46,0
52089,0,30,Mobile Phone,1,8,Debit Card,Female,3,4,Grocery,1,Single,4,1,13,4,2,3,237.26,3,2,90,4
52090,1,0,Phone,1,17,Credit Card,Female,3,5,Laptop & Accessory,4,Married,6,0,15,1,1,0,147.77,0,1,0,0
52091,0,28,Computer,1,24,Credit Card,Male,3,3,Laptop & Accessory,4,Married,4,1,14,2,6,7,163.85,7,6,196,8
52092,0,14,Computer,1,13,Debit Card,Female,2,5,Others,3,Married,2,0,15,5,5,10,299.73,10,5,84,0
52093,0,11,Mobile Phone,3,9,Debit Card,Male,2,3,Laptop & Accessory,1,Single,9,1,12,1,1,0,168.61,0,1,22,1
52094,1,0,Computer,3,35,Credit Card,Male,3,5,Laptop & Accessory,5,Single,9,0,18,1,2,2,149.69,2,2,0,0
52095,1,15,Mobile Phone,3,8,E wallet,Female,2,5,Others,1,Married,2,0,15,3,6,9,298.45,9,6,105,0
52096,0,17,Mobile Phone,3,34,Credit Card,Female,2,1,Grocery,1,Married,4,1,18,4,2,11,233.2,11,2,51,12
52097,0,23,Computer,3,6,Debit Card,Female,3,3,Laptop & Accessory,3,Married,1,0,12,0,1,13,163.47,13,1,46,0
52098,1,0,Phone,1,22,Debit Card,Female,3,1,Mobile,5,Single,2,0,16,3,15,14,127.43,14,15,0,0
52099,0,12,Computer,1,28,Credit Card,Female,2,3,Fashion,5,Single,2,1,13,1,2,8,208.8,8,2,36,9
52100,0,6,Computer,3,14,Debit Card,Female,2,4,Mobile,1,Single,1,0,19,0,2,2,123.42,2,2,18,0
52101,0,18,Mobile Phone,3,17,Debit Card,Female,2,3,Grocery,1,Married,4,0,13,1,1,1,276.5,1,1,36,0
52102,0,5,Computer,1,35,Credit Card,Female,3,3,Mobile Phone,3,Single,10,0,12,6,7,7,140.25,7,7,40,0
52103,0,7,Mobile Phone,3,6,E wallet,Male,3,1,Laptop & Accessory,1,Married,1,0,11,0,1,9,197.25,9,1,14,0
52104,0,30,Mobile Phone,3,6,Cash on Delivery,Male,3,3,Fashion,1,Married,4,1,14,1,1,3,219.04,3,1,60,4
52105,0,9,Phone,2,30,CC,Male,2,3,Mobile,4,Single,2,0,16,0,1,4,121.77,4,1,18,0
52106,0,26,Computer,3,8,E wallet,Female,2,4,Fashion,4,Married,3,0,12,5,6,12,175.25,12,6,182,0
52107,1,0,Phone,1,21,UPI,Male,2,3,Laptop & Accessory,3,Married,8,0,14,0,1,0,148.34,0,1,0,0
52108,1,9,Computer,1,8,Debit Card,Male,2,3,Mobile,5,Married,7,1,14,0,1,2,120.42,2,1,18,3
52109,0,9,Phone,3,16,Debit Card,Female,2,3,Mobile,3,Married,2,1,19,0,1,0,122.2,0,1,18,1
52110,0,1,Mobile Phone,3,16,Credit Card,Male,3,3,Mobile Phone,4,Married,2,0,22,0,1,0,110.52,0,1,2,0
52111,0,11,Computer,1,9,UPI,Male,3,3,Mobile,3,Married,4,0,16,2,2,2,128.21,2,2,33,0
52112,0,23,Mobile Phone,1,8,Credit Card,Male,3,3,Others,3,Married,3,1,15,4,7,7,292.37,7,7,184,8
52113,0,10,Phone,1,9,UPI,Female,2,3,Laptop & Accessory,4,Single,4,0,15,1,1,1,141.07,1,1,20,0
52114,0,13,Mobile Phone,3,32,E wallet,Male,3,3,Laptop & Accessory,5,Married,2,0,14,3,7,5,183.96,5,7,104,0
52115,0,9,Computer,1,6,CC,Female,3,4,Mobile,3,Married,2,0,13,0,1,3,120.07,3,1,18,0
52116,0,19,Mobile Phone,1,6,Credit Card,Male,2,3,Others,1,Married,10,0,15,1,2,2,296.27,2,2,57,0
52117,0,27,Mobile Phone,3,8,Debit Card,Female,2,4,Fashion,3,Married,7,0,11,6,7,0,206.86,0,7,216,0
52118,0,29,Computer,1,15,CC,Female,3,3,Mobile,3,Married,3,0,19,1,1,3,129.42,3,1,58,0
52119,0,9,Mobile Phone,1,18,Credit Card,Female,2,4,Fashion,1,Single,1,0,11,5,7,8,188.58,8,7,72,0
52120,0,28,Computer,1,8,Credit Card,Male,2,4,Grocery,5,Single,8,0,15,1,6,2,267.56,2,6,196,0
52121,0,16,Mobile Phone,3,31,Credit Card,Male,3,4,Fashion,1,Married,6,0,13,1,1,0,207.98,0,1,32,0
52122,1,0,Computer,3,14,E wallet,Female,2,3,Mobile,1,Single,2,1,14,1,1,2,123.23,2,1,0,3
52123,1,9,Mobile Phone,1,16,Debit Card,Female,2,4,Mobile Phone,5,Single,2,0,13,0,1,0,114.16,0,1,18,0
52124,0,19,Phone,1,14,Debit Card,Female,3,4,Laptop & Accessory,5,Married,9,1,23,1,1,7,146.15,7,1,38,8
52125,1,14,Phone,1,14,Debit Card,Male,2,3,Mobile,3,Married,10,1,12,0,2,7,124.61,7,2,42,8
52126,1,0,Computer,1,30,COD,Male,3,4,Fashion,5,Single,2,0,12,1,1,9,187.22,9,1,0,0
52127,0,0,Phone,1,6,Credit Card,Male,2,4,Mobile Phone,5,Married,2,0,16,1,1,3,139.55,3,1,0,0
52128,0,3,Mobile Phone,1,26,UPI,Male,2,3,Laptop & Accessory,5,Married,1,0,15,0,1,2,199.57,2,1,6,0
52129,0,14,Phone,1,13,COD,Female,2,1,Mobile,3,Married,2,0,13,0,1,8,133.76,8,1,28,0
52130,0,11,Mobile Phone,1,23,Debit Card,Female,3,4,Fashion,3,Married,1,0,18,1,1,9,188.23,9,1,22,0
52131,0,13,Mobile Phone,1,26,Cash on Delivery,Male,3,3,Fashion,1,Married,5,0,20,3,11,1,203.22,1,11,156,0
52132,0,0,Computer,1,14,Debit Card,Male,2,5,Mobile Phone,3,Married,2,0,19,1,1,2,146.21,2,1,0,0
52133,0,28,Computer,1,8,Debit Card,Male,3,3,Fashion,4,Married,4,0,18,0,1,3,209.76,3,1,56,0
52134,0,1,Phone,1,16,UPI,Female,2,3,Laptop & Accessory,3,Single,4,0,13,0,1,7,136.6,7,1,2,0
52135,1,7,Mobile Phone,2,6,Credit Card,Male,3,4,Fashion,5,Married,10,0,14,2,3,6,204.82,6,3,28,0
52136,0,6,Mobile Phone,1,11,Debit Card,Male,2,4,Fashion,1,Married,5,0,15,1,1,2,171.19,2,1,12,0
52137,1,0,Mobile Phone,3,10,Cash on Delivery,Male,2,3,Fashion,5,Single,1,1,22,2,4,7,195.82,7,4,0,8
52138,1,0,Computer,1,35,Credit Card,Female,2,4,Laptop & Accessory,3,Single,2,0,22,2,3,8,145.08,8,3,0,0
52139,0,9,Phone,1,21,Debit Card,Male,2,3,Mobile,3,Married,2,0,16,0,2,2,122.07,2,2,27,0
52140,0,7,Computer,1,9,Debit Card,Male,2,3,Laptop & Accessory,1,Single,1,0,17,1,1,4,177.56,4,1,14,0
52141,0,10,Mobile Phone,3,16,Debit Card,Female,2,4,Laptop & Accessory,1,Married,3,1,14,1,1,0,166.94,0,1,20,1
52142,1,0,Phone,1,10,COD,Male,2,3,Mobile Phone,1,Married,2,1,15,4,5,6,136.91,6,5,0,7
52143,1,0,Phone,1,14,CC,Male,2,3,Mobile,3,Married,2,0,20,1,1,0,123.77,0,1,0,0
52144,1,0,Phone,1,31,CC,Male,2,4,Mobile,4,Single,5,1,20,1,2,2,123.13,2,2,0,3
52145,0,15,Mobile Phone,1,8,Credit Card,Male,2,3,Grocery,5,Married,1,0,17,1,13,7,276.65,7,13,210,0
52146,1,0,Computer,1,14,CC,Male,2,4,Mobile,4,Married,2,0,15,1,1,0,125.96,0,1,0,0
52147,1,13,Computer,3,6,UPI,Male,2,3,Laptop & Accessory,3,Single,4,1,14,1,1,0,147.28,0,1,26,1
52148,0,6,Computer,3,13,Debit Card,Female,1,3,Laptop & Accessory,4,Married,1,0,17,0,1,2,143.02,2,1,12,0
52149,0,7,Computer,1,9,Debit Card,Male,3,4,Mobile,1,Married,4,0,17,0,1,0,129.79,0,1,14,0
52150,0,21,Computer,1,6,Credit Card,Male,2,1,Grocery,1,Single,3,0,22,1,2,1,268.85,1,2,63,0
52151,0,18,Computer,3,15,Debit Card,Female,3,4,Laptop & Accessory,3,Married,2,0,13,4,4,12,155.93,12,4,90,0
52152,0,25,Mobile Phone,1,5,Debit Card,Male,2,3,Fashion,4,Single,8,0,19,2,4,0,204.45,0,4,125,0
52153,0,11,Mobile Phone,3,16,E wallet,Male,3,4,Fashion,3,Married,1,1,14,1,2,7,187.4,7,2,33,8
52154,0,2,Phone,1,14,Debit Card,Female,3,3,Mobile,1,Married,5,0,22,1,1,7,125.14,7,1,4,0
52155,0,1,Mobile Phone,1,9,Credit Card,Female,3,3,Fashion,4,Married,1,0,17,0,1,7,176.55,7,1,2,0
52156,0,19,Mobile Phone,3,9,E wallet,Male,2,3,Grocery,3,Married,4,0,12,1,4,9,274.65,9,4,95,0
52157,0,11,Mobile Phone,3,8,E wallet,Male,2,3,Fashion,4,Single,8,0,16,1,1,0,173.51,0,1,22,0
52158,0,16,Computer,1,33,Debit Card,Female,2,3,Fashion,5,Married,9,0,11,1,1,1,208.2,1,1,32,0
52159,1,2,Computer,1,8,Debit Card,Male,2,3,Grocery,1,Married,8,0,11,10,11,3,221.69,3,11,24,0
52160,0,13,Mobile Phone,1,20,Credit Card,Male,2,4,Others,3,Single,2,0,15,3,4,9,296.26,9,4,65,0
52161,0,9,Phone,1,6,Cash on Delivery,Female,3,4,Mobile,4,Single,2,1,11,1,2,2,120.7,2,2,27,3
52162,0,12,Computer,1,15,Debit Card,Male,3,3,Laptop & Accessory,4,Single,10,0,15,1,1,3,167.82,3,1,24,0
52163,0,9,Computer,1,24,Debit Card,Male,3,3,Laptop & Accessory,1,Single,3,0,20,0,1,9,177.79,9,1,18,0
52164,0,4,Computer,3,26,Debit Card,Male,3,1,Mobile,1,Married,1,0,12,2,2,2,127.91,2,2,12,0
52165,0,1,Phone,1,8,Debit Card,Male,3,4,Mobile,4,Married,1,0,17,0,1,4,132.01,4,1,2,0
52166,0,8,Computer,3,17,E wallet,Male,2,3,Laptop & Accessory,1,Married,2,0,11,1,1,2,149.68,2,1,16,0
52167,0,22,Mobile Phone,3,14,Cash on Delivery,Male,2,4,Grocery,4,Married,7,0,17,1,2,3,231.2,3,2,66,0
52168,0,7,Computer,1,8,Debit Card,Male,3,3,Laptop & Accessory,3,Single,3,0,11,1,1,2,140.33,2,1,14,0
52169,0,2,Computer,1,16,Debit Card,Female,3,3,Mobile,4,Married,1,0,14,0,1,1,132.91,1,1,4,0
52170,0,15,Phone,1,35,Credit Card,Male,2,5,Laptop & Accessory,1,Single,5,0,19,1,1,0,142.72,0,1,30,0
52171,0,2,Mobile Phone,1,14,Credit Card,Male,3,4,Laptop & Accessory,1,Married,2,1,15,1,1,2,150.56,2,1,4,3
52172,0,11,Phone,2,6,UPI,Male,3,1,Mobile,3,Married,2,0,13,3,5,0,128.44,0,5,66,0
52173,0,1,Computer,1,12,Debit Card,Male,3,4,Mobile,3,Married,2,1,14,1,1,2,127.03,2,1,2,3
52174,1,9,Computer,1,14,CC,Male,3,3,Mobile,3,Single,2,0,12,1,1,0,119.04,0,1,18,0
52175,1,0,Mobile Phone,3,15,E wallet,Female,3,3,Laptop & Accessory,5,Single,4,1,17,0,1,3,182.24,3,1,0,4
52176,0,14,Phone,1,18,Debit Card,Male,2,3,Mobile Phone,1,Married,4,1,11,1,1,0,147.66,0,1,28,1
52177,1,0,Computer,1,14,CC,Male,3,3,Mobile,3,Married,2,0,12,1,2,2,126.1,2,2,0,0
52178,0,10,Mobile Phone,1,31,Credit Card,Female,2,4,Laptop & Accessory,1,Married,8,0,13,1,1,3,157.31,3,1,20,0
52179,0,0,Phone,1,14,Debit Card,Male,2,4,Mobile,3,Married,2,0,13,1,2,2,125.39,2,2,0,0
52180,0,7,Mobile Phone,3,15,Debit Card,Female,3,3,Laptop & Accessory,3,Married,2,0,20,0,1,3,157.14,3,1,14,0
52181,0,8,Phone,2,14,COD,Male,3,3,Mobile Phone,3,Single,2,0,17,0,1,4,143.23,4,1,16,0
52182,1,0,Mobile Phone,3,29,Debit Card,Female,2,4,Fashion,5,Married,2,0,13,1,3,10,173.36,10,3,0,0
52183,0,13,Computer,1,15,Credit Card,Female,2,3,Fashion,3,Single,10,0,17,1,2,13,234.99,13,2,39,0
52184,1,5,Computer,3,18,Debit Card,Male,2,3,Grocery,5,Single,1,1,12,2,2,14,237.58,14,2,15,15
52185,0,15,Mobile Phone,3,10,E wallet,Male,2,3,Laptop & Accessory,5,Single,8,0,13,1,1,5,151.55,5,1,30,0
52186,0,9,Phone,1,6,CC,Male,2,4,Mobile,3,Married,7,0,12,1,1,7,122.58,7,1,18,0
52187,0,0,Phone,1,30,Credit Card,Male,2,3,Mobile Phone,4,Single,9,0,22,0,1,2,135.97,2,1,0,0
52188,1,0,Phone,1,14,Debit Card,Female,3,3,Mobile,1,Married,2,1,11,1,1,0,125.15,0,1,0,1
52189,0,0,Phone,1,9,Credit Card,Male,2,1,Mobile Phone,1,Married,2,0,22,1,1,7,144.2,7,1,0,0
52190,0,3,Mobile Phone,3,16,E wallet,Male,3,4,Laptop & Accessory,3,Married,2,0,18,0,1,4,165.78,4,1,6,0
52191,0,13,Computer,1,32,Credit Card,Female,3,4,Laptop & Accessory,1,Married,4,1,13,0,1,0,144.22,0,1,26,1
52192,0,8,Mobile Phone,1,8,Debit Card,Male,2,4,Fashion,4,Married,3,0,18,2,6,4,202.74,4,6,56,0
52193,0,7,Computer,1,7,Credit Card,Male,3,4,Laptop & Accessory,5,Single,1,0,20,0,4,9,153.43,9,4,35,0
52194,0,8,Computer,1,14,UPI,Male,2,4,Mobile,1,Married,2,0,13,1,2,2,123.76,2,2,24,0
52195,1,6,Mobile Phone,3,15,E wallet,Female,2,5,Laptop & Accessory,3,Single,9,0,13,0,1,3,153.46,3,1,12,0
52196,0,5,Computer,3,8,Debit Card,Female,3,3,Mobile,5,Married,2,0,12,1,1,0,128.27,0,1,10,0
52197,0,29,Mobile Phone,1,10,Cash on Delivery,Female,3,3,Others,5,Married,5,0,15,4,4,2,299.43,2,4,145,0
52198,0,2,Phone,1,12,CC,Female,3,3,Mobile,1,Married,2,0,13,0,1,8,131.31,8,1,4,0
52199,0,0,Phone,1,14,Debit Card,Male,2,3,Mobile,5,Single,2,0,25,0,1,0,125.52,0,1,0,0
52200,0,18,Phone,1,13,Credit Card,Female,2,3,Mobile Phone,3,Married,5,1,19,0,1,2,144.77,2,1,36,3
52201,0,10,Mobile Phone,1,7,Debit Card,Female,2,4,Laptop & Accessory,1,Married,2,0,13,0,3,11,164.74,11,3,40,0
52202,0,0,Phone,1,5,Debit Card,Male,3,4,Mobile,3,Single,2,0,12,0,1,2,130.33,2,1,0,0
52203,1,7,Phone,1,16,Debit Card,Male,3,3,Mobile,3,Single,2,1,11,1,1,2,129.36,2,1,14,3
52204,0,26,Mobile Phone,1,13,Credit Card,Female,2,3,Others,3,Married,4,0,18,1,4,7,286.06,7,4,130,0
52205,0,9,Phone,1,21,Debit Card,Female,3,5,Mobile,1,Married,1,1,18,1,1,3,121.68,3,1,18,4
52206,1,0,Computer,1,9,Debit Card,Male,3,4,Mobile,1,Married,1,1,11,0,1,0,128.53,0,1,0,1
52207,0,19,Mobile Phone,3,8,E wallet,Female,3,3,Grocery,5,Married,9,0,23,1,15,9,270.48,9,15,304,0
52208,0,9,Computer,1,23,Debit Card,Male,3,5,Mobile,3,Single,3,0,13,1,1,0,122.9,0,1,18,0
52209,0,6,Phone,2,8,UPI,Male,3,3,Mobile Phone,3,Married,2,0,13,1,1,4,136.0,4,1,12,0
52210,1,9,Computer,1,11,Debit Card,Male,3,4,Mobile,5,Married,7,0,17,0,1,0,121.07,0,1,18,0
52211,0,3,Phone,3,35,Debit Card,Male,3,3,Laptop & Accessory,5,Married,9,0,19,1,1,3,141.15,3,1,6,0
52212,0,13,Computer,3,8,Credit Card,Male,3,3,Laptop & Accessory,4,Married,6,0,12,1,1,0,143.27,0,1,26,0
52213,0,23,Computer,1,8,Credit Card,Female,1,3,Grocery,5,Married,3,0,22,1,2,2,278.56,2,2,69,0
52214,0,1,Phone,1,25,CC,Male,3,4,Mobile,5,Married,2,0,12,1,3,3,131.96,3,3,4,0
52215,0,19,Mobile Phone,1,21,Debit Card,Male,2,3,Others,4,Married,6,0,11,1,1,3,290.81,3,1,38,0
52216,0,8,Mobile Phone,3,23,Debit Card,Male,3,3,Laptop & Accessory,5,Married,4,1,15,0,1,7,189.66,7,1,16,8
52217,1,9,Phone,1,23,Debit Card,Female,3,3,Mobile,4,Married,2,0,13,1,1,0,122.1,0,1,18,0
52218,0,6,Computer,3,31,Credit Card,Female,2,3,Laptop & Accessory,3,Married,2,0,12,0,1,1,145.39,1,1,12,0
52219,0,9,Phone,1,12,Debit Card,Male,3,5,Mobile,3,Married,2,0,14,1,1,7,127.41,7,1,18,0
52220,0,3,Phone,1,13,Debit Card,Male,2,3,Laptop & Accessory,3,Married,2,0,13,4,8,9,134.91,9,8,27,0
52221,0,17,Phone,1,35,UPI,Male,2,3,Laptop & Accessory,1,Single,2,0,25,6,13,17,145.41,17,13,238,0
52222,0,0,Phone,3,27,E wallet,Male,3,1,Mobile,1,Single,2,0,17,2,2,2,126.78,2,2,0,0
52223,0,19,Mobile Phone,1,8,COD,Male,2,3,Laptop & Accessory,1,Married,3,0,11,0,1,4,173.79,4,1,38,0
52224,0,15,Computer,2,8,Credit Card,Male,3,1,Laptop & Accessory,5,Married,8,0,16,1,1,3,162.72,3,1,30,0
52225,0,30,Mobile Phone,3,13,E wallet,Male,2,1,Laptop & Accessory,1,Married,1,1,18,0,1,9,152.2,9,1,60,10
52226,0,5,Computer,1,19,UPI,Female,3,4,Mobile,4,Married,2,0,20,2,2,2,134.0,2,2,15,0
52227,0,5,Computer,1,8,Debit Card,Female,2,3,Laptop & Accessory,3,Single,5,1,14,1,1,7,149.98,7,1,10,8
52228,0,9,Mobile Phone,1,7,Cash on Delivery,Female,3,5,Fashion,5,Married,3,1,21,7,7,7,202.52,7,7,72,8
52229,0,6,Phone,1,15,CC,Male,3,3,Mobile,1,Married,1,0,13,0,4,10,127.81,10,4,30,0
52230,0,13,Mobile Phone,3,16,COD,Female,2,4,Laptop & Accessory,4,Married,8,0,12,1,1,3,168.52,3,1,26,0
52231,0,0,Phone,3,16,Debit Card,Male,2,3,Laptop & Accessory,1,Single,1,0,14,1,1,1,149.5,1,1,0,0
52232,0,3,Phone,1,7,Credit Card,Male,3,3,Mobile Phone,4,Married,1,1,21,3,5,7,135.79,7,5,18,8
52233,0,15,Computer,1,32,Credit Card,Female,2,3,Fashion,5,Married,4,1,17,0,2,0,231.91,0,2,45,1
52234,0,8,Computer,3,14,E wallet,Female,3,4,Fashion,1,Married,5,1,11,3,4,12,203.77,12,4,40,13
52235,0,9,Phone,1,20,Debit Card,Male,2,3,Mobile,5,Married,2,1,14,5,6,8,122.35,8,6,63,9
52236,0,27,Computer,1,7,Debit Card,Female,2,3,Fashion,3,Married,8,0,17,0,1,4,205.02,4,1,54,0
52237,0,9,Mobile Phone,1,8,Debit Card,Female,3,1,Mobile,1,Married,2,0,13,1,7,7,120.11,7,7,72,0
52238,1,9,Computer,1,16,CC,Female,3,4,Mobile Phone,4,Single,2,1,25,0,1,0,118.59,0,1,18,1
52239,0,2,Phone,1,7,Debit Card,Female,3,3,Mobile Phone,1,Married,2,0,15,1,1,2,137.6,2,1,4,0
52240,0,27,Mobile Phone,1,9,Debit Card,Male,2,3,Grocery,1,Married,4,0,14,1,1,9,277.79,9,1,54,0
52241,0,4,Mobile Phone,1,17,Credit Card,Male,3,3,Laptop & Accessory,5,Married,2,1,12,1,1,1,168.33,1,1,8,2
52242,0,4,Mobile Phone,1,30,Credit Card,Female,3,4,Laptop & Accessory,5,Single,2,0,19,1,1,8,168.12,8,1,8,0
52243,0,30,Mobile Phone,3,9,Debit Card,Female,2,4,Laptop & Accessory,1,Single,6,0,17,0,1,5,151.71,5,1,60,0
52244,0,16,Mobile Phone,1,9,Debit Card,Male,3,5,Others,1,Married,4,0,15,1,1,7,297.4,7,1,32,0
52245,0,22,Mobile Phone,1,10,Credit Card,Male,2,4,Others,3,Married,3,0,13,1,1,0,287.11,0,1,44,0
52246,0,9,Computer,1,9,COD,Male,2,3,Mobile Phone,4,Married,2,0,12,0,1,7,136.92,7,1,18,0
52247,0,21,Phone,1,14,COD,Male,3,1,Mobile,4,Single,6,0,11,0,1,0,125.59,0,1,42,0
52248,0,0,Phone,1,14,Debit Card,Male,3,3,Mobile,3,Married,2,0,11,1,1,3,125.17,3,1,0,0
52249,0,2,Mobile Phone,1,13,Debit Card,Male,2,3,Laptop & Accessory,1,Married,2,1,11,1,1,0,166.23,0,1,4,1
52250,0,21,Mobile Phone,1,7,Debit Card,Male,3,4,Others,1,Single,7,0,12,1,1,0,282.65,0,1,42,0
52251,0,2,Mobile Phone,1,7,Debit Card,Female,2,4,Grocery,1,Married,4,0,14,1,1,7,261.24,7,1,4,0
52252,0,7,Phone,1,14,COD,Female,2,1,Mobile,3,Married,1,0,17,1,1,0,125.85,0,1,14,0
52253,0,17,Mobile Phone,3,11,E wallet,Male,2,3,Others,4,Married,8,0,11,1,3,10,282.13,10,3,68,0
52254,0,6,Mobile Phone,3,16,E wallet,Male,2,1,Fashion,3,Married,1,1,14,0,1,8,183.8,8,1,12,9
52255,0,0,Phone,1,31,Debit Card,Female,3,1,Mobile,1,Single,2,1,12,0,1,1,129.94,1,1,0,2
52256,0,9,Mobile Phone,1,7,Debit Card,Male,2,3,Mobile Phone,3,Married,2,0,22,1,1,1,112.23,1,1,18,0
52257,1,0,Computer,3,30,Debit Card,Male,3,5,Mobile Phone,1,Single,2,1,14,1,1,0,111.18,0,1,0,1
52258,0,0,Phone,1,10,Debit Card,Male,3,3,Mobile,1,Single,2,1,20,2,2,2,128.75,2,2,0,3
52259,1,8,Mobile Phone,3,8,E wallet,Female,3,5,Others,4,Single,3,1,16,1,1,11,288.24,11,1,16,12
52260,0,28,Computer,1,14,Credit Card,Male,2,4,Grocery,4,Married,2,1,15,2,2,0,235.77,0,2,84,1
52261,1,0,Computer,1,14,Debit Card,Female,2,4,Mobile,3,Single,2,0,20,1,2,2,126.25,2,2,0,0
52262,0,19,Mobile Phone,3,10,E wallet,Female,2,4,Others,4,Married,3,0,14,1,1,8,287.89,8,1,38,0
52263,0,7,Phone,3,8,E wallet,Female,2,3,Laptop & Accessory,5,Single,1,1,12,1,1,2,145.38,2,1,14,3
52264,0,24,Computer,3,15,Debit Card,Male,2,3,Others,4,Married,5,1,15,6,11,10,298.47,10,11,288,11
52265,0,30,Mobile Phone,1,24,Credit Card,Male,3,3,Fashion,1,Single,7,0,12,3,5,4,205.12,4,5,180,0
52266,0,7,Computer,1,25,Credit Card,Female,2,3,Laptop & Accessory,4,Married,5,0,13,0,5,10,144.44,10,5,42,0
52267,0,9,Computer,1,7,CC,Male,2,3,Mobile,3,Single,1,1,11,1,1,2,121.54,2,1,18,3
52268,0,17,Mobile Phone,1,10,Debit Card,Male,3,1,Others,5,Married,2,0,14,2,14,13,291.9,13,14,255,0
52269,0,7,Computer,2,17,Debit Card,Male,2,4,Laptop & Accessory,4,Married,5,0,11,0,1,8,144.9,8,1,14,0
52270,0,8,Phone,1,12,Debit Card,Male,3,3,Mobile,3,Married,1,1,14,1,2,2,135.06,2,2,24,3
52271,0,15,Phone,1,14,CC,Female,3,1,Laptop & Accessory,4,Married,7,1,16,0,1,0,123.72,0,1,30,1
52272,0,16,Mobile Phone,3,10,E wallet,Female,2,4,Fashion,1,Single,4,0,14,10,15,17,202.31,17,15,256,0
52273,0,9,Mobile Phone,1,8,Debit Card,Female,2,3,Laptop & Accessory,4,Single,10,1,11,4,5,12,154.1,12,5,54,13
52274,1,7,Mobile Phone,1,21,Credit Card,Female,3,3,Fashion,1,Married,2,0,11,0,1,5,179.78,5,1,14,0
52275,0,1,Computer,1,8,Debit Card,Male,2,4,Mobile Phone,1,Married,2,1,12,0,2,2,138.67,2,2,3,3
52276,0,24,Computer,1,12,CC,Female,3,4,Mobile,3,Single,1,0,14,3,7,7,128.38,7,7,192,0
52277,0,3,Computer,1,15,Credit Card,Female,3,3,Laptop & Accessory,3,Single,8,1,18,0,1,7,146.95,7,1,6,8
52278,1,0,Phone,1,13,COD,Female,2,3,Mobile,3,Married,4,1,13,4,7,7,133.39,7,7,0,8
52279,0,9,Phone,1,7,Cash on Delivery,Male,2,3,Mobile,5,Single,3,0,11,1,1,2,120.8,2,1,18,0
52280,0,9,Phone,1,7,CC,Female,2,3,Mobile,4,Single,2,0,18,1,2,1,120.96,1,2,27,0
52281,0,5,Mobile Phone,3,14,Credit Card,Male,2,1,Laptop & Accessory,1,Married,2,0,15,0,1,8,162.09,8,1,10,0
52282,0,18,Computer,1,31,Credit Card,Female,2,3,Others,4,Single,4,0,22,1,1,0,280.61,0,1,36,0
52283,0,12,Mobile Phone,1,19,Credit Card,Female,3,4,Grocery,4,Married,7,1,13,1,15,2,271.23,2,15,192,3
52284,0,30,Phone,1,14,Debit Card,Male,2,3,Mobile,3,Married,2,0,12,1,2,2,123.72,2,2,90,0
52285,1,0,Phone,1,13,Debit Card,Male,3,3,Laptop & Accessory,3,Married,2,0,18,0,1,1,148.83,1,1,0,0
52286,1,2,Phone,1,29,Credit Card,Male,3,3,Mobile Phone,5,Single,1,0,13,0,1,3,139.04,3,1,4,0
52287,0,3,Phone,1,12,COD,Female,2,4,Laptop & Accessory,1,Married,1,0,12,5,6,7,146.27,7,6,21,0
52288,0,9,Mobile Phone,1,16,COD,Female,3,3,Fashion,3,Married,4,0,12,1,1,7,170.94,7,1,18,0
52289,0,19,Phone,2,7,Debit Card,Female,2,3,Mobile,5,Single,7,0,12,2,5,7,134.23,7,5,114,0
52290,0,1,Computer,1,7,Debit Card,Female,2,5,Laptop & Accessory,1,Married,1,0,11,7,7,5,166.74,5,7,8,0
52291,0,23,Mobile Phone,1,34,Debit Card,Female,2,3,Grocery,5,Married,5,1,11,1,1,2,268.8,2,1,46,3
52292,1,3,Mobile Phone,3,31,E wallet,Male,2,4,Fashion,4,Single,3,1,12,1,1,0,190.94,0,1,6,1
52293,1,15,Mobile Phone,3,11,Debit Card,Male,3,3,Fashion,4,Single,10,1,19,7,7,7,184.46,7,7,120,8
52294,0,3,Mobile Phone,1,23,Credit Card,Female,3,3,Fashion,5,Married,2,1,23,1,1,3,219.16,3,1,6,4
52295,0,12,Phone,1,24,Debit Card,Male,2,3,Laptop & Accessory,3,Single,1,0,11,1,1,7,145.34,7,1,24,0
52296,0,4,Computer,3,8,Debit Card,Female,2,3,Fashion,3,Married,2,1,19,8,9,6,198.52,6,9,40,7
52297,0,14,Computer,3,16,Credit Card,Male,2,5,Laptop & Accessory,4,Single,2,0,13,3,11,9,161.51,9,11,168,0
52298,1,9,Computer,3,7,Debit Card,Female,2,3,Mobile,4,Single,2,1,11,2,2,2,123.02,2,2,27,3
52299,1,7,Phone,1,14,Debit Card,Male,2,3,Mobile,5,Married,5,0,12,1,1,2,123.62,2,1,14,0
52300,0,15,Computer,1,8,Debit Card,Male,2,3,Grocery,3,Married,1,1,13,1,2,10,278.61,10,2,45,11
52301,0,28,Mobile Phone,1,8,Credit Card,Female,2,5,Others,3,Married,5,0,14,1,9,11,291.87,11,9,280,0
52302,0,29,Mobile Phone,2,14,Debit Card,Male,3,3,Others,4,Single,7,0,15,2,7,7,297.17,7,7,232,0
52303,0,13,Computer,1,22,Debit Card,Male,3,3,Mobile,3,Married,10,0,16,1,1,0,135.44,0,1,26,0
52304,0,7,Mobile Phone,1,15,Debit Card,Male,2,3,Fashion,1,Married,1,0,11,0,1,6,185.0,6,1,14,0
52305,0,13,Phone,1,8,Debit Card,Male,3,3,Laptop & Accessory,1,Single,2,0,13,3,8,8,146.61,8,8,117,0
52306,0,14,Computer,3,7,E wallet,Female,3,3,Laptop & Accessory,5,Married,1,0,17,0,1,7,141.03,7,1,28,0
52307,0,8,Computer,1,10,Debit Card,Male,2,3,Laptop & Accessory,3,Single,2,1,11,1,1,1,142.49,1,1,16,2
52308,0,24,Mobile Phone,2,11,Debit Card,Male,2,3,Grocery,4,Married,2,1,11,0,2,10,240.26,10,2,72,11
52309,0,11,Mobile Phone,3,8,Debit Card,Female,2,3,Laptop & Accessory,5,Married,4,0,15,0,1,7,168.93,7,1,22,0
52310,0,7,Mobile Phone,3,21,Credit Card,Female,3,3,Laptop & Accessory,5,Single,2,0,12,4,9,6,161.25,6,9,70,0
52311,0,0,Phone,1,25,Credit Card,Male,3,3,Mobile Phone,1,Married,4,0,11,0,1,2,136.69,2,1,0,0
52312,1,20,Mobile Phone,1,13,Credit Card,Female,2,4,Fashion,5,Married,8,1,14,1,5,9,200.08,9,5,120,10
52313,0,13,Phone,1,14,Debit Card,Male,2,3,Mobile,4,Married,4,0,22,1,1,3,123.87,3,1,26,0
52314,0,9,Computer,3,13,E wallet,Female,2,1,Laptop & Accessory,5,Married,3,0,16,5,6,13,146.39,13,6,63,0
52315,0,21,Mobile Phone,1,10,Debit Card,Male,2,3,Fashion,1,Single,2,0,11,1,1,8,178.98,8,1,42,0
52316,0,0,Phone,3,14,CC,Female,3,1,Mobile,1,Married,9,0,14,0,1,0,125.34,0,1,0,0
52317,0,24,Mobile Phone,1,17,Cash on Delivery,Female,2,4,Grocery,4,Single,4,0,16,0,1,3,231.42,3,1,48,0
52318,0,9,Computer,1,7,Debit Card,Female,3,3,Mobile Phone,1,Single,2,0,15,1,1,0,116.11,0,1,18,0
52319,0,8,Mobile Phone,1,7,Credit Card,Female,2,4,Laptop & Accessory,1,Married,1,0,12,0,1,0,153.63,0,1,16,0
52320,0,0,Computer,3,8,Debit Card,Male,2,5,Laptop & Accessory,1,Single,4,0,20,0,1,0,150.71,0,1,0,0
52321,1,18,Mobile Phone,3,19,E wallet,Male,2,1,Grocery,3,Single,7,1,17,1,2,8,236.95,8,2,54,9
52322,0,29,Mobile Phone,1,29,Debit Card,Male,3,3,Grocery,4,Married,5,1,12,13,2,9,234.02,9,2,87,10
52323,0,9,Computer,1,32,Cash on Delivery,Female,3,4,Mobile,3,Married,2,0,20,1,1,0,120.29,0,1,18,0
52324,0,13,Mobile Phone,1,8,Credit Card,Female,2,1,Laptop & Accessory,3,Married,6,0,20,6,11,8,163.77,8,11,156,0
52325,0,7,Mobile Phone,1,35,Credit Card,Male,2,3,Laptop & Accessory,3,Married,5,0,13,5,7,7,154.29,7,7,56,0
52326,1,0,Computer,3,8,Debit Card,Female,3,4,Mobile,1,Single,8,0,14,0,1,0,127.85,0,1,0,0
52327,1,0,Computer,3,24,E wallet,Female,3,3,Laptop & Accessory,3,Married,1,1,18,0,3,2,146.14,2,3,0,3
52328,0,11,Computer,1,14,Debit Card,Male,2,1,Mobile,3,Married,2,0,11,0,1,3,126.1,3,1,22,0
52329,0,7,Mobile Phone,1,8,COD,Female,3,3,Laptop & Accessory,1,Single,2,0,11,4,4,11,166.87,11,4,35,0
52330,0,1,Phone,3,32,Debit Card,Male,2,4,Laptop & Accessory,5,Married,2,0,11,1,1,4,147.24,4,1,2,0
52331,1,0,Mobile Phone,1,28,Credit Card,Male,3,3,Laptop & Accessory,3,Married,2,1,15,5,6,7,161.79,7,6,0,8
52332,0,12,Mobile Phone,3,27,Debit Card,Male,2,4,Laptop & Accessory,1,Married,4,1,12,0,1,4,161.2,4,1,24,5
52333,0,24,Computer,3,8,E wallet,Male,2,3,Fashion,4,Married,3,0,11,3,3,2,205.96,2,3,96,0
52334,0,14,Computer,1,28,Debit Card,Female,3,3,Laptop & Accessory,1,Married,4,1,14,2,3,3,154.67,3,3,56,4
52335,0,10,Phone,1,10,Debit Card,Male,3,3,Mobile,3,Married,8,1,15,1,1,3,129.96,3,1,20,4
52336,0,6,Computer,3,11,Debit Card,Male,3,3,Laptop & Accessory,1,Married,7,0,13,1,1,2,199.98,2,1,12,0
52337,0,5,Phone,3,8,E wallet,Male,2,3,Laptop & Accessory,4,Married,1,1,13,1,1,2,140.78,2,1,10,3
52338,0,12,Computer,1,31,Debit Card,Male,3,3,Fashion,3,Married,4,0,21,0,1,3,209.2,3,1,24,0
52339,0,0,Mobile Phone,3,24,Debit Card,Male,3,1,Laptop & Accessory,3,Married,3,0,11,1,1,2,162.32,2,1,0,0
52340,0,25,Computer,1,34,Credit Card,Female,2,1,Grocery,3,Married,3,1,11,1,2,2,232.47,2,2,75,3
52341,0,16,Phone,1,12,Credit Card,Female,3,4,Laptop & Accessory,3,Single,2,1,14,0,1,8,140.81,8,1,32,9
52342,0,0,Mobile Phone,3,16,E wallet,Female,3,4,Laptop & Accessory,1,Married,2,1,11,1,4,4,157.69,4,4,0,5
52343,1,0,Phone,1,14,Debit Card,Female,2,3,Mobile,3,Single,2,1,13,4,7,7,123.94,7,7,0,8
52344,0,0,Phone,1,8,Credit Card,Male,2,4,Mobile Phone,1,Single,1,0,12,1,1,1,139.04,1,1,0,0
52345,0,15,Mobile Phone,2,16,UPI,Female,2,3,Grocery,5,Married,1,0,14,1,1,9,267.99,9,1,30,0
52346,0,25,Phone,1,14,UPI,Female,3,3,Mobile,5,Married,10,0,13,1,1,4,129.5,4,1,50,0
52347,0,10,Phone,1,17,Credit Card,Female,3,3,Mobile Phone,3,Single,5,0,18,1,1,2,136.29,2,1,20,0
52348,0,8,Computer,1,24,Debit Card,Male,2,3,Fashion,1,Single,3,0,11,2,2,2,193.62,2,2,24,0
52349,0,0,Phone,1,7,COD,Male,2,3,Mobile,1,Married,5,0,11,0,1,2,132.29,2,1,0,0
52350,0,0,Phone,1,13,UPI,Male,3,1,Mobile Phone,5,Single,1,0,12,0,1,7,135.78,7,1,0,0
52351,0,2,Mobile Phone,2,23,UPI,Male,2,4,Fashion,5,Single,2,0,13,0,1,9,179.88,9,1,4,0
52352,1,12,Computer,1,34,Debit Card,Male,3,4,Laptop & Accessory,5,Single,4,0,20,0,1,3,142.84,3,1,24,0
52353,1,0,Computer,1,20,UPI,Female,2,3,Fashion,1,Single,1,1,12,4,7,7,175.53,7,7,0,8
52354,0,27,Mobile Phone,1,7,Credit Card,Female,2,3,Grocery,1,Single,7,0,19,1,12,7,273.28,7,12,351,0
52355,0,30,Mobile Phone,1,7,Credit Card,Female,3,3,Others,5,Married,4,1,15,1,1,5,297.01,5,1,60,6
52356,0,28,Mobile Phone,1,7,Credit Card,Male,2,1,Grocery,1,Married,3,0,13,0,2,0,247.32,0,2,84,0
52357,0,9,Mobile Phone,3,9,E wallet,Female,3,3,Laptop & Accessory,4,Single,4,1,16,0,1,1,192.78,1,1,18,2
52358,1,9,Computer,3,7,Debit Card,Female,2,5,Mobile Phone,3,Single,2,0,12,0,1,0,113.59,0,1,18,0
52359,0,3,Phone,3,13,E wallet,Female,3,3,Laptop & Accessory,5,Married,8,0,14,1,1,2,147.79,2,1,6,0
52360,0,4,Mobile Phone,1,14,Debit Card,Female,3,3,Grocery,4,Single,4,0,11,1,1,0,264.22,0,1,8,0
52361,0,7,Computer,1,7,UPI,Male,3,3,Mobile,5,Married,6,0,14,1,1,3,129.96,3,1,14,0
52362,1,9,Mobile Phone,1,14,Debit Card,Female,2,4,Mobile Phone,4,Single,2,0,12,0,1,0,112.61,0,1,18,0
52363,0,9,Phone,1,17,Debit Card,Male,3,3,Mobile,5,Married,1,0,14,1,1,4,120.99,4,1,18,0
52364,0,9,Mobile Phone,1,10,Debit Card,Male,2,4,Laptop & Accessory,1,Single,2,0,16,0,1,8,158.1,8,1,18,0
52365,0,9,Mobile Phone,3,22,E wallet,Female,3,4,Laptop & Accessory,5,Married,5,0,13,1,1,2,156.47,2,1,18,0
52366,0,20,Phone,1,7,COD,Male,3,3,Mobile,1,Married,8,0,12,1,1,2,134.2,2,1,40,0
52367,1,0,Phone,3,15,Debit Card,Male,3,4,Mobile Phone,5,Married,4,0,12,2,2,2,144.0,2,2,0,0
52368,0,10,Computer,1,11,COD,Male,2,1,Mobile,3,Single,1,0,14,0,1,3,135.0,3,1,20,0
52369,0,9,Phone,1,7,Debit Card,Female,2,3,Mobile,5,Married,3,0,22,0,1,0,120.66,0,1,18,0
52370,0,20,Mobile Phone,1,8,Credit Card,Female,2,3,Grocery,3,Married,4,0,19,1,5,6,271.69,6,5,120,0
52371,0,0,Phone,3,10,Credit Card,Female,2,3,Laptop & Accessory,3,Married,2,1,12,1,1,3,141.62,3,1,0,4
52372,0,5,Mobile Phone,3,13,E wallet,Male,3,3,Laptop & Accessory,1,Married,5,0,12,0,1,3,192.04,3,1,10,0
52373,0,7,Phone,1,7,Debit Card,Female,2,4,Mobile,4,Married,6,0,17,1,1,2,132.94,2,1,14,0
52374,0,9,Phone,1,11,CC,Male,2,1,Mobile,3,Married,3,1,12,0,1,3,121.27,3,1,18,4
52375,0,13,Computer,1,15,UPI,Male,2,3,Laptop & Accessory,3,Married,4,0,11,0,1,7,139.75,7,1,26,0
52376,0,4,Mobile Phone,3,14,Debit Card,Male,2,3,Fashion,1,Married,2,0,18,2,9,9,207.93,9,9,40,0
52377,1,9,Mobile Phone,3,15,E wallet,Male,2,3,Fashion,1,Married,5,0,11,4,4,3,200.96,3,4,45,0
52378,1,2,Computer,1,8,Debit Card,Female,2,4,Mobile Phone,5,Single,3,1,23,0,1,0,136.46,0,1,4,1
52379,1,0,Computer,1,7,Debit Card,Female,3,1,Fashion,4,Single,2,0,11,1,4,7,174.46,7,4,0,0
52380,0,18,Mobile Phone,1,26,Credit Card,Male,3,5,Fashion,5,Married,3,1,18,1,1,7,208.51,7,1,36,8
52381,0,9,Phone,2,14,CC,Female,3,1,Mobile,4,Single,10,0,18,1,1,2,121.09,2,1,18,0
52382,1,0,Computer,1,8,Debit Card,Male,3,3,Mobile Phone,1,Married,7,1,13,0,2,2,137.22,2,2,0,3
52383,0,18,Mobile Phone,1,35,Cash on Delivery,Male,2,3,Fashion,1,Married,5,1,18,1,1,2,193.8,2,1,36,3
52384,0,21,Mobile Phone,3,13,E wallet,Male,3,3,Laptop & Accessory,5,Married,5,0,11,0,2,2,154.86,2,2,63,0
52385,1,0,Phone,2,15,COD,Female,3,3,Mobile,3,Married,2,0,15,2,2,2,127.42,2,2,0,0
52386,0,13,Computer,1,14,Credit Card,Male,2,4,Fashion,4,Married,3,0,11,4,2,8,237.57,8,2,39,0
52387,0,1,Mobile Phone,3,11,Credit Card,Male,2,3,Laptop & Accessory,5,Single,1,0,18,0,1,3,184.63,3,1,2,0
52388,0,17,Computer,1,11,Debit Card,Male,2,4,Mobile,3,Single,4,0,14,0,1,3,131.62,3,1,34,0
52389,0,26,Mobile Phone,1,8,Credit Card,Male,2,1,Grocery,4,Single,5,0,12,1,8,8,265.98,8,8,234,0
52390,0,22,Mobile Phone,1,11,COD,Male,3,3,Laptop & Accessory,3,Married,3,0,14,0,1,2,166.51,2,1,44,0
52391,0,13,Phone,1,14,CC,Male,3,3,Mobile,3,Married,3,0,14,1,1,2,123.45,2,1,26,0
52392,0,17,Phone,1,26,Debit Card,Male,2,3,Mobile,4,Single,2,0,13,1,1,3,134.2,3,1,34,0
52393,0,6,Computer,3,13,Credit Card,Male,2,3,Laptop & Accessory,5,Married,1,0,14,1,1,3,143.73,3,1,12,0
52394,0,7,Phone,3,9,UPI,Male,2,5,Laptop & Accessory,5,Single,4,0,18,2,3,12,147.59,12,3,28,0
52395,0,3,Mobile Phone,3,22,Debit Card,Male,3,3,Laptop & Accessory,3,Married,9,0,15,1,2,2,153.01,2,2,9,0
52396,0,15,Computer,1,15,Credit Card,Female,3,3,Mobile Phone,1,Single,2,0,13,0,5,8,136.73,8,5,90,0
52397,0,17,Computer,3,7,E wallet,Female,3,3,Laptop & Accessory,3,Married,8,0,12,0,1,0,147.68,0,1,34,0
52398,0,9,Computer,1,13,Cash on Delivery,Male,3,3,Mobile Phone,3,Married,2,0,13,0,1,0,112.74,0,1,18,0
52399,0,30,Phone,1,7,Debit Card,Male,3,1,Laptop & Accessory,3,Married,1,0,24,1,2,8,149.0,8,2,90,0
52400,0,22,Mobile Phone,1,13,Debit Card,Male,2,3,Fashion,4,Married,4,0,14,0,1,7,204.66,7,1,44,0
52401,0,7,Computer,1,21,Credit Card,Male,3,3,Grocery,5,Married,8,0,14,1,6,9,270.07,9,6,49,0
52402,1,0,Computer,3,7,COD,Male,3,3,Mobile,3,Married,4,0,15,1,1,2,129.09,2,1,0,0
52403,1,0,Computer,3,19,COD,Female,2,3,Laptop & Accessory,4,Single,6,0,11,1,1,0,157.65,0,1,0,0
52404,1,0,Phone,3,30,Credit Card,Female,2,4,Laptop & Accessory,4,Single,1,1,23,4,10,10,145.99,10,10,0,11
52405,0,8,Phone,3,14,Debit Card,Male,3,3,Mobile,3,Married,2,0,13,0,1,0,124.04,0,1,16,0
52406,1,0,Computer,1,15,CC,Male,2,3,Mobile,5,Single,3,1,11,0,1,0,131.72,0,1,0,1
52407,0,9,Computer,3,19,Debit Card,Female,3,3,Mobile,4,Married,2,0,13,0,1,0,120.33,0,1,18,0
52408,0,17,Computer,1,8,Credit Card,Male,2,3,Fashion,3,Single,6,1,18,2,2,2,202.09,2,2,51,3
52409,0,2,Mobile Phone,3,25,Debit Card,Male,3,4,Laptop & Accessory,3,Married,2,0,14,1,1,4,186.2,4,1,4,0
52410,0,9,Phone,2,7,Debit Card,Male,2,3,Mobile,3,Married,1,0,21,0,1,3,120.64,3,1,18,0
52411,0,28,Phone,1,10,Debit Card,Male,1,3,Laptop & Accessory,3,Married,1,1,16,1,1,2,140.35,2,1,56,3
52412,0,6,Phone,1,10,Credit Card,Female,2,4,Mobile Phone,4,Married,9,0,11,1,1,2,138.38,2,1,12,0
52413,0,20,Phone,3,20,Credit Card,Female,3,3,Laptop & Accessory,3,Married,4,1,17,1,1,2,145.91,2,1,40,3
52414,1,0,Computer,1,14,CC,Male,2,4,Mobile,5,Single,8,0,11,1,1,0,125.61,0,1,0,0
52415,0,9,Mobile Phone,1,7,Debit Card,Male,3,4,Mobile Phone,3,Married,2,0,14,0,1,0,115.63,0,1,18,0
52416,0,1,Computer,3,13,Debit Card,Male,2,3,Laptop & Accessory,5,Single,1,0,14,1,1,3,148.98,3,1,2,0
52417,0,22,Phone,1,9,Credit Card,Female,2,4,Laptop & Accessory,5,Married,5,0,25,0,1,2,147.89,2,1,44,0
52418,0,2,Computer,1,8,Debit Card,Female,3,3,Mobile,4,Married,1,0,13,1,1,2,131.8,2,1,4,0
52419,0,1,Mobile Phone,1,35,Debit Card,Male,3,5,Laptop & Accessory,4,Married,2,0,14,0,1,7,165.49,7,1,2,0
52420,0,6,Mobile Phone,1,14,Debit Card,Male,3,3,Laptop & Accessory,3,Single,3,1,17,1,1,0,163.88,0,1,12,1
52421,0,5,Mobile Phone,1,16,Credit Card,Male,3,3,Fashion,1,Single,3,0,25,0,1,3,212.44,3,1,10,0
52422,0,27,Computer,1,17,Credit Card,Female,2,3,Grocery,1,Married,4,0,20,0,2,12,260.32,12,2,81,0
52423,1,0,Phone,1,14,COD,Male,3,4,Mobile,5,Single,7,0,13,1,1,7,123.62,7,1,0,0
52424,0,17,Mobile Phone,1,34,Debit Card,Male,2,3,Grocery,5,Married,4,0,13,1,14,17,263.28,17,14,255,0
52425,0,12,Mobile Phone,1,12,Debit Card,Female,2,3,Fashion,4,Single,5,0,18,2,2,2,183.76,2,2,36,0
52426,0,19,Mobile Phone,3,9,Debit Card,Female,2,3,Grocery,4,Married,9,0,12,1,5,1,266.06,1,5,114,0
52427,0,8,Mobile Phone,1,22,Debit Card,Female,3,4,Fashion,4,Single,2,0,19,3,3,3,186.06,3,3,32,0
52428,0,9,Phone,1,26,Debit Card,Male,3,3,Laptop & Accessory,3,Single,1,0,14,1,1,2,122.72,2,1,18,0
52429,1,9,Mobile Phone,1,15,Debit Card,Male,2,3,Mobile,5,Single,4,0,14,1,1,0,120.18,0,1,18,0
52430,0,7,Mobile Phone,3,7,COD,Male,3,4,Fashion,3,Married,2,1,14,7,8,6,170.83,6,8,63,7
52431,1,0,Computer,1,9,Debit Card,Female,2,3,Mobile Phone,3,Single,2,0,12,2,7,7,140.84,7,7,0,0
52432,0,23,Computer,1,28,Credit Card,Male,2,5,Grocery,1,Single,2,1,13,1,2,9,244.11,9,2,69,10
52433,0,9,Phone,3,13,COD,Male,2,3,Mobile,3,Married,1,1,25,3,5,7,123.08,7,5,54,8
52434,0,15,Phone,1,8,Credit Card,Male,3,4,Mobile Phone,4,Married,5,0,14,0,1,0,148.41,0,1,30,0
52435,0,10,Phone,1,19,Credit Card,Male,2,3,Laptop & Accessory,1,Married,2,0,17,2,3,7,142.85,7,3,40,0
52436,0,2,Mobile Phone,1,14,UPI,Female,2,5,Laptop & Accessory,5,Married,4,0,13,1,1,7,197.15,7,1,4,0
52437,0,6,Phone,1,31,Debit Card,Male,2,4,Laptop & Accessory,4,Single,2,0,13,1,1,2,143.2,2,1,12,0
52438,0,9,Phone,1,34,Cash on Delivery,Male,3,3,Mobile,1,Married,5,0,20,1,1,3,121.32,3,1,18,0
52439,0,15,Computer,1,8,Debit Card,Male,2,3,Fashion,1,Married,3,1,14,4,13,9,201.24,9,13,210,10
52440,0,13,Mobile Phone,3,15,Credit Card,Male,2,3,Laptop & Accessory,5,Married,1,0,12,7,7,1,154.73,1,7,104,0
52441,0,6,Mobile Phone,1,34,Debit Card,Male,3,3,Laptop & Accessory,3,Married,2,1,12,4,5,7,152.07,7,5,36,8
52442,0,13,Mobile Phone,2,12,Credit Card,Male,2,3,Grocery,1,Single,2,1,21,1,7,7,264.37,7,7,104,8
52443,0,9,Phone,1,27,COD,Male,2,4,Mobile,5,Married,1,0,14,0,1,0,122.96,0,1,18,0
52444,0,13,Computer,1,14,Debit Card,Male,3,3,Laptop & Accessory,1,Married,4,1,18,1,2,2,140.69,2,2,39,3
52445,0,18,Mobile Phone,1,7,COD,Male,3,3,Fashion,4,Married,2,0,12,3,7,7,174.41,7,7,144,0
52446,0,8,Phone,3,14,Debit Card,Female,3,4,Mobile,3,Married,1,0,23,2,4,2,124.3,2,4,40,0
52447,0,5,Mobile Phone,1,11,Debit Card,Female,3,4,Laptop & Accessory,4,Married,4,0,12,1,2,5,158.78,5,2,15,0
52448,0,9,Phone,3,14,Debit Card,Male,3,3,Mobile,1,Single,4,1,21,1,1,2,126.44,2,1,18,3
52449,0,21,Mobile Phone,3,22,Debit Card,Female,3,3,Laptop & Accessory,3,Married,9,0,14,7,7,7,164.39,7,7,168,0
52450,0,2,Phone,1,14,Debit Card,Male,3,1,Mobile,3,Married,7,0,18,0,1,0,124.51,0,1,4,0
52451,0,6,Mobile Phone,3,14,Debit Card,Male,2,3,Laptop & Accessory,5,Married,3,0,13,2,2,2,163.92,2,2,18,0
52452,1,0,Mobile Phone,3,7,Debit Card,Male,3,4,Laptop & Accessory,5,Married,2,0,11,1,6,7,197.14,7,6,0,0
52453,0,11,Computer,2,16,UPI,Male,3,3,Laptop & Accessory,3,Married,4,0,11,0,1,2,160.77,2,1,22,0
52454,0,8,Phone,1,14,CC,Male,3,4,Mobile,5,Single,2,0,19,1,1,2,124.5,2,1,16,0
52455,0,7,Mobile Phone,3,35,COD,Male,2,3,Fashion,4,Married,4,0,12,1,1,3,192.5,3,1,14,0
52456,1,9,Phone,1,8,Debit Card,Female,3,3,Mobile,5,Married,2,1,12,1,1,0,120.74,0,1,18,1
52457,1,16,Mobile Phone,1,8,Cash on Delivery,Female,3,4,Fashion,1,Married,1,0,16,0,1,9,201.69,9,1,32,0
52458,1,1,Phone,1,8,Credit Card,Male,2,3,Laptop & Accessory,4,Married,5,0,11,1,1,4,148.55,4,1,2,0
52459,0,5,Computer,1,7,COD,Male,3,3,Laptop & Accessory,5,Married,5,0,14,0,1,2,140.87,2,1,10,0
52460,0,21,Phone,1,14,UPI,Female,3,3,Mobile,5,Married,9,0,12,6,7,6,123.67,6,7,168,0
52461,0,7,Phone,1,13,CC,Male,3,3,Mobile,1,Single,2,0,13,0,1,0,129.72,0,1,14,0
52462,0,28,Mobile Phone,3,32,E wallet,Male,2,4,Others,1,Married,2,0,15,0,2,13,295.86,13,2,84,0
52463,0,7,Mobile Phone,1,7,Debit Card,Male,2,3,Laptop & Accessory,1,Married,10,0,17,0,2,1,154.84,1,2,21,0
52464,0,9,Phone,1,9,Debit Card,Female,2,3,Mobile,1,Married,2,0,21,1,1,0,120.61,0,1,18,0
52465,0,11,Mobile Phone,3,20,Debit Card,Male,3,3,Laptop & Accessory,4,Married,1,0,11,3,7,7,199.24,7,7,88,0
52466,0,11,Phone,3,22,Debit Card,Female,2,3,Laptop & Accessory,4,Single,3,0,12,1,1,2,141.98,2,1,22,0
52467,0,9,Mobile Phone,3,7,Debit Card,Female,3,3,Laptop & Accessory,3,Single,7,0,13,1,1,0,168.15,0,1,18,0
52468,0,2,Phone,1,9,Credit Card,Male,2,3,Mobile Phone,5,Single,2,1,18,0,1,5,147.23,5,1,4,6
52469,0,8,Mobile Phone,1,16,Credit Card,Female,2,3,Laptop & Accessory,3,Single,4,1,16,0,1,4,161.42,4,1,16,5
52470,0,12,Mobile Phone,3,12,Credit Card,Male,2,1,Fashion,3,Married,3,0,11,3,7,6,182.37,6,7,96,0
52471,0,2,Computer,1,8,Debit Card,Male,2,3,Laptop & Accessory,1,Married,2,0,19,1,1,3,188.53,3,1,4,0
52472,0,23,Mobile Phone,3,15,E wallet,Male,2,3,Others,3,Married,5,1,15,0,1,0,293.31,0,1,46,1
52473,0,9,Phone,1,16,Cash on Delivery,Male,2,1,Mobile,3,Married,3,0,16,0,2,2,120.73,2,2,27,0
52474,0,9,Computer,1,12,Debit Card,Male,3,1,Laptop & Accessory,5,Married,4,1,13,0,1,2,155.62,2,1,18,3
52475,0,15,Mobile Phone,1,15,UPI,Male,3,4,Others,1,Single,9,0,15,1,1,1,296.13,1,1,30,0
52476,0,8,Phone,1,34,Debit Card,Male,2,1,Laptop & Accessory,3,Married,2,0,17,6,6,8,134.07,8,6,56,0
52477,0,7,Computer,1,16,COD,Male,3,4,Laptop & Accessory,3,Married,2,0,14,1,7,7,150.63,7,7,56,0
52478,0,13,Phone,3,20,Debit Card,Female,2,3,Laptop & Accessory,5,Married,2,0,15,0,1,2,146.39,2,1,26,0
52479,0,16,Phone,1,33,COD,Male,2,1,Mobile Phone,4,Married,6,0,12,1,1,2,148.76,2,1,32,0
52480,0,8,Phone,1,13,Debit Card,Male,3,4,Mobile,1,Married,2,0,18,1,1,1,126.9,1,1,16,0
52481,0,19,Mobile Phone,3,7,Debit Card,Male,2,1,Grocery,5,Single,2,0,15,1,1,12,275.67,12,1,38,0
52482,1,0,Phone,1,14,CC,Male,2,3,Mobile,4,Married,2,1,17,0,1,0,124.08,0,1,0,1
52483,0,0,Computer,1,32,UPI,Female,3,4,Mobile,3,Married,2,1,14,1,1,3,128.14,3,1,0,4
52484,0,23,Computer,1,26,Credit Card,Male,2,3,Grocery,3,Married,3,1,15,0,12,3,212.45,3,12,299,4
52485,0,5,Phone,1,11,UPI,Female,2,1,Mobile,1,Married,4,0,17,1,1,2,133.12,2,1,10,0
52486,0,17,Mobile Phone,1,13,Credit Card,Female,2,3,Others,1,Married,1,1,14,1,1,10,290.49,10,1,34,11
52487,0,9,Phone,1,13,CC,Male,2,4,Mobile,4,Married,2,0,12,1,1,1,121.41,1,1,18,0
52488,0,18,Mobile Phone,1,11,Credit Card,Female,2,5,Laptop & Accessory,5,Single,2,1,14,0,1,4,157.69,4,1,36,5
52489,0,18,Computer,3,32,E wallet,Male,2,4,Laptop & Accessory,5,Married,2,0,15,3,4,5,143.85,5,4,90,0
52490,0,4,Computer,3,8,UPI,Male,2,3,Laptop & Accessory,5,Single,8,0,13,1,1,3,153.32,3,1,8,0
52491,0,9,Phone,1,18,Debit Card,Female,3,3,Laptop & Accessory,3,Married,10,1,12,0,1,1,146.63,1,1,18,2
52492,0,7,Computer,1,16,Debit Card,Male,2,1,Laptop & Accessory,1,Married,2,0,13,3,7,2,147.24,2,7,56,0
52493,0,22,Phone,1,31,Debit Card,Female,2,3,Mobile,5,Married,2,0,14,1,1,4,132.11,4,1,44,0
52494,0,12,Mobile Phone,1,16,Credit Card,Male,3,3,Laptop & Accessory,5,Married,3,0,13,3,7,7,153.77,7,7,96,0
52495,0,0,Phone,1,25,UPI,Male,3,4,Mobile Phone,5,Married,2,0,11,0,1,7,140.66,7,1,0,0
52496,0,8,Mobile Phone,1,24,Debit Card,Male,2,1,Laptop & Accessory,5,Married,2,0,11,1,1,10,152.08,10,1,16,0
52497,0,1,Phone,1,33,Credit Card,Female,2,5,Laptop & Accessory,5,Married,1,0,21,1,1,0,148.77,0,1,2,0
52498,0,0,Phone,1,11,CC,Male,3,3,Mobile,1,Single,2,0,18,0,2,2,131.17,2,2,0,0
52499,1,9,Computer,3,9,Credit Card,Female,3,3,Mobile Phone,1,Single,2,1,12,1,1,0,115.69,0,1,18,1
52500,0,20,Mobile Phone,2,32,Debit Card,Female,3,3,Others,3,Married,4,0,15,1,1,0,296.58,0,1,40,0
52501,0,12,Phone,1,9,CC,Male,3,4,Laptop & Accessory,3,Married,1,0,15,0,1,7,130.69,7,1,24,0
52502,0,13,Mobile Phone,1,21,Debit Card,Female,3,4,Fashion,3,Married,2,0,13,6,14,12,204.35,12,14,195,0
52503,0,8,Computer,1,14,Debit Card,Female,2,3,Laptop & Accessory,3,Married,2,0,12,0,2,9,141.48,9,2,24,0
52504,0,10,Mobile Phone,1,25,Debit Card,Male,2,3,Laptop & Accessory,3,Married,4,0,17,0,1,2,157.68,2,1,20,0
52505,0,12,Computer,1,10,Credit Card,Female,2,3,Laptop & Accessory,3,Single,1,0,13,3,3,8,150.42,8,3,48,0
52506,0,18,Mobile Phone,1,8,UPI,Female,2,4,Laptop & Accessory,1,Married,2,0,19,3,3,9,157.7,9,3,72,0
52507,0,11,Mobile Phone,1,8,Credit Card,Female,2,4,Fashion,3,Married,4,1,19,0,1,2,177.56,2,1,22,3
52508,1,0,Mobile Phone,3,16,Credit Card,Male,2,4,Fashion,5,Married,10,0,17,0,6,0,203.06,0,6,0,0
52509,0,10,Phone,1,16,Credit Card,Female,3,3,Mobile Phone,4,Married,2,0,11,4,7,7,139.36,7,7,80,0
52510,0,13,Mobile Phone,1,22,Debit Card,Female,2,3,Fashion,1,Single,7,1,15,3,3,3,179.45,3,3,52,4
52511,0,17,Computer,2,7,UPI,Male,2,3,Laptop & Accessory,1,Married,5,1,11,1,1,2,157.43,2,1,34,3
52512,0,21,Computer,1,10,Credit Card,Male,2,4,Grocery,1,Married,3,0,25,0,2,2,252.02,2,2,63,0
52513,1,0,Mobile Phone,3,21,Credit Card,Male,2,5,Laptop & Accessory,1,Married,7,1,14,0,2,2,154.4,2,2,0,3
52514,0,0,Computer,1,8,COD,Female,2,3,Mobile Phone,1,Single,2,1,13,0,1,3,137.6,3,1,0,4
52515,0,0,Phone,1,14,Credit Card,Female,2,1,Mobile,3,Married,8,0,17,0,1,2,135.17,2,1,0,0
52516,0,0,Computer,1,14,CC,Male,2,3,Mobile,1,Single,3,0,13,0,1,2,125.8,2,1,0,0
52517,1,9,Phone,1,13,Debit Card,Male,3,3,Mobile,5,Single,4,1,14,0,1,3,121.66,3,1,18,4
52518,0,2,Mobile Phone,3,16,Credit Card,Male,2,4,Laptop & Accessory,3,Single,10,0,11,1,1,4,158.69,4,1,4,0
52519,0,9,Mobile Phone,1,11,Debit Card,Female,2,3,Fashion,5,Married,5,0,12,1,1,2,180.08,2,1,18,0
52520,0,0,Computer,1,8,Debit Card,Male,3,1,Laptop & Accessory,3,Married,2,0,17,1,1,7,152.06,7,1,0,0
52521,0,12,Mobile Phone,1,18,Credit Card,Male,3,3,Laptop & Accessory,4,Married,5,0,21,1,1,0,152.95,0,1,24,0
52522,0,22,Mobile Phone,1,28,UPI,Female,3,3,Grocery,4,Married,4,0,16,1,1,2,264.13,2,1,44,0
52523,0,23,Mobile Phone,1,23,Debit Card,Female,2,4,Fashion,5,Married,6,0,15,0,2,11,232.69,11,2,69,0
52524,0,0,Phone,3,8,CC,Female,3,3,Mobile,3,Single,2,0,19,0,2,2,127.83,2,2,0,0
52525,0,7,Mobile Phone,1,9,Debit Card,Female,3,3,Laptop & Accessory,4,Married,2,0,12,1,7,9,154.33,9,7,56,0
52526,0,9,Mobile Phone,1,13,Debit Card,Male,3,3,Mobile,4,Single,3,0,11,0,1,3,120.13,3,1,18,0
52527,0,22,Mobile Phone,1,12,Debit Card,Female,2,4,Grocery,3,Married,3,1,19,2,2,12,239.66,12,2,66,13
52528,0,9,Computer,1,7,Credit Card,Female,2,4,Laptop & Accessory,3,Married,1,0,15,0,1,2,143.74,2,1,18,0
52529,0,9,Mobile Phone,1,9,Debit Card,Male,3,1,Laptop & Accessory,5,Married,7,0,20,0,1,4,168.42,4,1,18,0
52530,0,27,Mobile Phone,1,28,Credit Card,Female,3,3,Grocery,3,Married,4,0,25,1,4,7,274.26,7,4,135,0
52531,0,16,Mobile Phone,1,21,Debit Card,Male,3,4,Grocery,3,Married,2,0,24,1,6,11,276.03,11,6,112,0
52532,1,0,Computer,3,18,UPI,Male,2,3,Laptop & Accessory,1,Single,4,1,24,5,6,7,145.81,7,6,0,8
52533,0,11,Computer,1,7,Debit Card,Male,2,3,Laptop & Accessory,1,Married,8,0,15,1,2,9,147.35,9,2,33,0
52534,0,2,Phone,3,11,Credit Card,Male,2,4,Laptop & Accessory,4,Married,2,1,13,0,1,9,141.87,9,1,4,10
52535,0,6,Mobile Phone,3,8,Credit Card,Male,3,3,Laptop & Accessory,1,Married,2,0,14,1,1,4,155.05,4,1,12,0
52536,0,5,Mobile Phone,1,8,Credit Card,Male,2,3,Laptop & Accessory,4,Married,1,0,13,1,1,6,154.7,6,1,10,0
52537,0,4,Mobile Phone,3,11,Debit Card,Female,3,3,Laptop & Accessory,1,Married,2,0,11,0,1,2,154.76,2,1,8,0
52538,0,22,Phone,1,14,CC,Female,3,3,Mobile,5,Married,5,1,16,0,2,2,125.87,2,2,66,3
52539,0,11,Computer,1,14,CC,Female,2,4,Mobile,4,Single,2,0,22,0,3,3,124.4,3,3,44,0
52540,0,20,Mobile Phone,3,8,Debit Card,Female,2,1,Grocery,4,Married,7,0,14,1,2,2,259.72,2,2,60,0
52541,0,22,Mobile Phone,1,7,Debit Card,Male,2,3,Grocery,3,Single,5,0,14,1,2,0,253.79,0,2,66,0
52542,0,14,Mobile Phone,3,29,Debit Card,Male,3,3,Fashion,3,Single,4,1,16,0,1,2,170.82,2,1,28,3
52543,0,0,Phone,3,15,Debit Card,Male,3,3,Mobile,5,Single,2,0,11,0,1,2,127.28,2,1,0,0
52544,0,6,Computer,3,22,Debit Card,Female,2,3,Laptop & Accessory,1,Married,2,1,25,0,1,2,153.68,2,1,12,3
52545,0,9,Mobile Phone,1,32,Debit Card,Male,3,3,Laptop & Accessory,3,Married,7,0,14,1,1,2,153.47,2,1,18,0
52546,0,17,Phone,2,7,Debit Card,Female,2,3,Mobile,1,Married,5,1,18,2,2,2,131.95,2,2,51,3
52547,1,0,Phone,1,14,Credit Card,Male,3,4,Mobile Phone,3,Single,2,1,11,1,1,2,139.89,2,1,0,3
52548,0,11,Phone,1,10,CC,Female,2,3,Mobile,3,Married,8,0,19,0,1,0,133.06,0,1,22,0
52549,0,26,Mobile Phone,1,30,Credit Card,Male,2,1,Fashion,1,Married,4,0,15,0,1,2,170.05,2,1,52,0
52550,1,11,Computer,3,14,CC,Female,3,3,Mobile,3,Married,3,1,11,1,7,7,126.55,7,7,88,8
52551,1,9,Mobile Phone,1,8,Debit Card,Male,3,3,Mobile Phone,4,Single,2,0,12,0,1,0,113.93,0,1,18,0
52552,0,0,Computer,1,14,CC,Male,3,3,Mobile,1,Single,2,0,20,0,5,7,125.7,7,5,0,0
52553,0,28,Phone,1,28,COD,Male,3,4,Mobile,4,Married,6,0,12,1,1,2,135.37,2,1,56,0
52554,0,7,Phone,1,11,Credit Card,Male,2,4,Laptop & Accessory,1,Married,2,0,14,0,4,13,139.86,13,4,35,0
52555,0,30,Mobile Phone,1,7,Credit Card,Male,3,5,Fashion,1,Married,4,0,20,1,1,0,208.83,0,1,60,0
52556,0,9,Phone,1,27,CC,Male,3,1,Mobile,4,Married,2,0,18,0,2,13,120.28,13,2,27,0
52557,0,10,Computer,3,7,Credit Card,Male,2,5,Laptop & Accessory,1,Married,2,0,14,1,1,3,195.25,3,1,20,0
52558,0,7,Phone,1,25,Debit Card,Female,3,4,Mobile,1,Married,2,0,12,1,8,7,129.29,7,8,63,0
52559,1,9,Phone,3,13,Debit Card,Male,3,3,Mobile,1,Married,2,1,21,1,1,2,122.75,2,1,18,3
52560,0,17,Mobile Phone,1,8,Debit Card,Female,3,1,Fashion,1,Married,2,1,19,1,6,7,178.79,7,6,119,8
52561,0,8,Computer,1,8,Credit Card,Male,3,4,Mobile Phone,1,Single,1,1,14,1,1,4,149.3,4,1,16,5
52562,0,16,Mobile Phone,3,8,Credit Card,Male,3,3,Laptop & Accessory,1,Married,2,1,17,3,8,8,178.47,8,8,144,9
52563,0,0,Phone,1,15,Credit Card,Male,3,1,Mobile Phone,3,Married,2,0,16,0,1,4,144.01,4,1,0,0
52564,0,14,Mobile Phone,3,12,E wallet,Male,2,3,Fashion,3,Single,2,0,12,3,8,7,192.41,7,8,126,0
52565,0,2,Phone,1,15,CC,Female,3,3,Mobile,3,Married,10,0,17,0,1,2,129.74,2,1,4,0
52566,0,9,Phone,3,8,Debit Card,Female,2,3,Laptop & Accessory,1,Single,4,0,15,6,6,7,145.02,7,6,63,0
52567,0,18,Computer,1,7,Debit Card,Male,3,4,Fashion,3,Married,4,0,23,4,14,4,207.48,4,14,270,0
52568,1,9,Mobile Phone,2,28,UPI,Male,2,5,Mobile Phone,3,Married,2,0,11,0,1,0,115.55,0,1,18,0
52569,1,10,Computer,3,15,Debit Card,Male,2,5,Grocery,3,Married,8,0,11,6,14,3,229.36,3,14,150,0
52570,0,9,Phone,1,23,CC,Male,3,5,Mobile,3,Married,2,0,15,1,1,2,123.05,2,1,18,0
52571,0,18,Mobile Phone,1,34,Cash on Delivery,Female,2,4,Grocery,4,Single,2,0,11,1,8,6,267.04,6,8,162,0
52572,0,5,Computer,1,16,Debit Card,Male,2,3,Mobile,3,Married,7,0,13,0,1,3,134.33,3,1,10,0
52573,0,4,Phone,1,8,Debit Card,Male,3,3,Mobile,3,Married,2,0,14,1,1,3,134.77,3,1,8,0
52574,0,14,Computer,2,10,UPI,Male,2,5,Laptop & Accessory,4,Married,7,0,19,0,1,2,164.3,2,1,28,0
52575,0,13,Mobile Phone,1,14,Debit Card,Female,3,3,Laptop & Accessory,5,Married,3,1,16,1,1,0,165.16,0,1,26,1
52576,0,0,Phone,1,35,Credit Card,Male,3,3,Mobile Phone,5,Married,2,0,13,1,1,2,139.07,2,1,0,0
52577,0,19,Mobile Phone,1,19,Debit Card,Male,2,3,Laptop & Accessory,4,Single,7,0,14,1,1,9,155.62,9,1,38,0
52578,0,8,Mobile Phone,1,33,Debit Card,Male,2,3,Laptop & Accessory,3,Married,3,0,16,1,1,7,168.83,7,1,16,0
52579,0,3,Phone,1,22,Debit Card,Male,3,3,Mobile,1,Married,2,0,12,0,1,8,128.62,8,1,6,0
52580,0,20,Computer,3,8,E wallet,Male,2,3,Laptop & Accessory,4,Married,8,0,11,0,1,0,149.78,0,1,40,0
52581,0,19,Mobile Phone,3,8,Debit Card,Male,3,3,Fashion,1,Married,5,1,12,0,1,3,203.68,3,1,38,4
52582,1,0,Mobile Phone,3,19,E wallet,Male,3,4,Laptop & Accessory,5,Married,6,1,13,1,2,2,161.34,2,2,0,3
52583,1,0,Mobile Phone,3,7,Debit Card,Male,2,5,Laptop & Accessory,4,Single,7,0,15,0,1,0,167.35,0,1,0,0
52584,0,0,Phone,1,10,CC,Female,2,3,Mobile,4,Single,2,0,13,0,1,2,132.95,2,1,0,0
52585,0,4,Computer,1,30,COD,Female,1,3,Laptop & Accessory,1,Single,3,0,20,0,1,4,152.38,4,1,8,0
52586,0,12,Computer,1,7,Debit Card,Male,3,3,Laptop & Accessory,1,Married,2,1,15,0,5,8,164.72,8,5,72,9
52587,0,5,Mobile Phone,3,25,Debit Card,Male,3,5,Fashion,3,Married,4,0,13,0,1,2,196.1,2,1,10,0
52588,0,13,Mobile Phone,3,13,Credit Card,Male,2,3,Others,4,Single,2,0,15,12,12,8,298.33,8,12,169,0
52589,0,18,Mobile Phone,2,10,Debit Card,Female,2,5,Fashion,3,Married,5,0,21,1,1,3,197.56,3,1,36,0
52590,0,3,Computer,1,8,COD,Female,3,4,Mobile Phone,5,Single,1,0,16,0,1,7,149.68,7,1,6,0
52591,0,9,Computer,2,16,CC,Male,2,3,Mobile,1,Married,1,0,14,0,2,1,121.45,1,2,27,0
52592,1,9,Computer,2,14,UPI,Female,3,4,Mobile,1,Married,7,0,11,1,1,2,121.8,2,1,18,0
52593,0,4,Mobile Phone,3,11,COD,Male,2,3,Laptop & Accessory,3,Married,2,0,19,1,1,2,183.46,2,1,8,0
52594,0,0,Phone,1,14,CC,Female,3,3,Mobile,1,Single,2,0,11,0,1,4,134.45,4,1,0,0
52595,1,0,Phone,3,15,E wallet,Female,3,5,Mobile,4,Single,2,0,13,2,2,2,127.6,2,2,0,0
52596,0,2,Computer,1,7,Debit Card,Male,3,1,Laptop & Accessory,3,Single,9,1,12,1,1,2,162.94,2,1,4,3
52597,0,3,Mobile Phone,3,21,E wallet,Male,3,4,Fashion,5,Married,3,0,11,1,1,7,171.4,7,1,6,0
52598,0,7,Phone,1,8,CC,Male,3,1,Mobile,1,Married,1,1,14,1,1,2,129.32,2,1,14,3
52599,0,6,Computer,3,8,E wallet,Female,3,3,Laptop & Accessory,4,Single,9,0,15,1,1,7,151.47,7,1,12,0
52600,0,22,Phone,3,17,E wallet,Female,3,3,Laptop & Accessory,1,Single,4,0,12,0,1,4,145.07,4,1,44,0
52601,1,0,Mobile Phone,3,22,Debit Card,Female,3,3,Fashion,5,Single,3,1,20,1,1,0,185.64,0,1,0,1
52602,0,11,Computer,1,14,CC,Female,3,4,Mobile,4,Married,5,0,14,0,1,5,124.68,5,1,22,0
52603,1,0,Mobile Phone,3,22,E wallet,Male,3,3,Fashion,3,Married,3,0,13,0,1,0,181.61,0,1,0,0
52604,0,9,Phone,1,10,Cash on Delivery,Female,3,4,Mobile,5,Married,2,0,13,0,1,0,121.09,0,1,18,0
52605,0,3,Mobile Phone,1,22,Debit Card,Male,2,1,Laptop & Accessory,3,Married,4,0,16,1,1,7,152.94,7,1,6,0
52606,0,5,Computer,1,11,COD,Male,3,3,Mobile,4,Single,3,0,14,1,1,7,127.18,7,1,10,0
52607,0,11,Mobile Phone,1,24,Credit Card,Male,2,5,Laptop & Accessory,1,Married,4,1,16,0,1,0,158.11,0,1,22,1
52608,1,6,Computer,1,14,COD,Male,2,4,Mobile,3,Married,10,1,16,1,1,0,124.37,0,1,12,1
52609,0,15,Phone,1,18,CC,Male,3,3,Mobile,4,Married,9,0,22,1,1,4,127.66,4,1,30,0
52610,0,28,Mobile Phone,1,8,Credit Card,Male,2,4,Others,5,Married,9,0,12,1,1,0,290.38,0,1,56,0
52611,0,6,Computer,1,10,COD,Male,3,3,Laptop & Accessory,4,Married,6,0,15,0,1,7,130.55,7,1,12,0
52612,0,9,Phone,1,15,Debit Card,Male,3,3,Mobile,5,Married,2,0,20,0,1,4,122.89,4,1,18,0
52613,0,7,Computer,3,16,Debit Card,Male,2,3,Laptop & Accessory,3,Married,2,1,14,1,1,7,140.01,7,1,14,8
52614,0,26,Computer,1,7,Credit Card,Female,2,4,Grocery,3,Married,5,1,20,1,1,3,229.65,3,1,52,4
52615,0,16,Phone,2,8,Debit Card,Male,3,3,Mobile,1,Single,1,0,13,1,1,8,135.39,8,1,32,0
52616,0,7,Mobile Phone,3,9,Debit Card,Female,2,5,Laptop & Accessory,1,Single,6,0,12,2,2,2,160.29,2,2,21,0
52617,1,0,Phone,3,13,E wallet,Male,3,3,Mobile,4,Single,2,0,13,0,1,0,126.79,0,1,0,0
52618,0,11,Phone,1,12,UPI,Female,2,4,Mobile Phone,3,Married,2,0,11,1,1,4,137.02,4,1,22,0
52619,1,0,Phone,1,14,CC,Female,3,3,Mobile,5,Married,2,1,17,0,1,0,123.98,0,1,0,1
52620,0,4,Mobile Phone,3,35,E wallet,Female,3,4,Laptop & Accessory,1,Married,2,0,14,0,5,7,154.68,7,5,24,0
52621,0,24,Mobile Phone,1,9,Cash on Delivery,Female,2,3,Fashion,3,Married,3,0,11,2,2,3,231.16,3,2,72,0
52622,0,10,Phone,3,15,E wallet,Male,2,4,Laptop & Accessory,4,Married,2,0,14,1,1,3,141.89,3,1,20,0
52623,0,19,Mobile Phone,1,8,Credit Card,Male,2,3,Others,1,Married,8,1,15,2,2,2,293.28,2,2,57,3
52624,0,9,Mobile Phone,1,16,Debit Card,Male,2,3,Fashion,5,Married,8,1,13,2,5,7,183.21,7,5,54,8
52625,1,7,Computer,1,14,CC,Male,3,3,Mobile,4,Married,2,1,12,2,2,3,123.42,3,2,21,4
52626,0,10,Phone,2,14,UPI,Male,2,3,Laptop & Accessory,4,Married,3,0,13,3,4,7,140.71,7,4,50,0
52627,1,0,Mobile Phone,3,33,Debit Card,Male,2,3,Laptop & Accessory,1,Single,2,1,18,3,7,7,158.13,7,7,0,8
52628,0,6,Phone,1,14,Debit Card,Male,3,1,Mobile,5,Married,7,0,19,3,7,6,131.43,6,7,48,0
52629,0,9,Phone,1,7,Debit Card,Male,2,3,Mobile,1,Married,2,0,11,0,1,3,120.44,3,1,18,0
52630,0,12,Mobile Phone,1,16,Credit Card,Male,3,3,Fashion,3,Single,8,0,21,2,2,2,234.64,2,2,36,0
52631,0,19,Computer,3,32,Debit Card,Male,3,4,Laptop & Accessory,4,Single,9,0,15,1,2,2,179.91,2,2,57,0
52632,0,13,Phone,1,8,Debit Card,Female,3,3,Mobile,5,Married,5,0,17,1,1,2,133.77,2,1,26,0
52633,0,15,Mobile Phone,1,19,Credit Card,Male,3,1,Laptop & Accessory,5,Married,6,0,18,1,1,0,155.38,0,1,30,0
52634,0,8,Computer,1,8,Credit Card,Male,2,3,Laptop & Accessory,1,Married,3,0,14,1,1,7,157.62,7,1,16,0
52635,0,11,Computer,2,14,UPI,Male,3,3,Mobile,4,Married,6,0,13,2,3,8,125.92,8,3,44,0
52636,1,0,Computer,1,15,Debit Card,Male,3,3,Laptop & Accessory,5,Married,5,0,17,0,1,7,153.46,7,1,0,0
52637,1,0,Phone,1,16,Credit Card,Male,2,3,Laptop & Accessory,5,Single,2,0,15,0,1,8,142.13,8,1,0,0
52638,0,12,Computer,3,26,Debit Card,Male,2,3,Laptop & Accessory,1,Married,3,0,18,1,2,2,141.27,2,2,36,0
52639,0,16,Computer,1,14,Debit Card,Male,2,3,Mobile,3,Single,5,0,13,1,1,2,124.38,2,1,32,0
52640,0,14,Mobile Phone,1,11,Debit Card,Male,2,1,Laptop & Accessory,4,Single,4,0,12,0,1,2,168.7,2,1,28,0
52641,0,14,Mobile Phone,3,10,E wallet,Female,2,3,Fashion,3,Married,1,1,13,5,13,5,204.47,5,13,196,6
52642,0,3,Mobile Phone,1,16,Credit Card,Female,3,3,Fashion,3,Single,10,0,14,0,1,2,196.67,2,1,6,0
52643,1,9,Phone,2,26,CC,Female,3,3,Mobile,4,Married,1,1,11,0,1,4,121.48,4,1,18,5
52644,1,9,Mobile Phone,1,27,Credit Card,Female,3,3,Laptop & Accessory,4,Married,5,0,22,3,3,7,189.26,7,3,36,0
52645,0,13,Mobile Phone,1,7,Debit Card,Female,2,3,Laptop & Accessory,1,Married,5,0,17,0,1,3,165.13,3,1,26,0
52646,0,7,Mobile Phone,3,14,COD,Male,3,1,Laptop & Accessory,3,Married,2,0,21,2,4,8,167.99,8,4,35,0
52647,0,30,Computer,3,8,Credit Card,Male,2,3,Grocery,4,Married,5,0,22,1,14,14,262.91,14,14,450,0
52648,0,8,Phone,1,29,CC,Male,3,5,Mobile,3,Married,1,0,16,0,1,3,127.05,3,1,16,0
52649,0,20,Mobile Phone,1,10,Debit Card,Female,3,4,Fashion,4,Married,9,1,12,5,14,10,203.33,10,14,300,11
52650,0,13,Phone,1,18,Debit Card,Female,2,3,Laptop & Accessory,5,Married,3,0,12,1,7,7,144.48,7,7,104,0
52651,0,27,Mobile Phone,1,13,Credit Card,Female,3,3,Laptop & Accessory,1,Married,5,0,15,1,1,7,168.54,7,1,54,0
52652,0,4,Computer,3,13,E wallet,Female,3,3,Fashion,5,Married,3,0,14,2,2,2,196.37,2,2,12,0
52653,0,1,Phone,1,7,Credit Card,Female,3,3,Mobile Phone,5,Married,2,0,25,1,1,2,135.91,2,1,2,0
52654,0,11,Mobile Phone,3,8,E wallet,Female,3,5,Laptop & Accessory,1,Married,3,1,20,0,1,3,154.05,3,1,22,4
52655,0,0,Phone,3,16,Credit Card,Male,2,3,Laptop & Accessory,1,Single,2,0,13,1,1,2,146.84,2,1,0,0
52656,0,30,Computer,1,21,Debit Card,Male,2,3,Grocery,3,Married,3,1,14,2,2,2,257.87,2,2,90,3
52657,0,9,Computer,1,20,Credit Card,Female,2,3,Mobile Phone,3,Single,2,0,16,1,1,0,115.14,0,1,18,0
52658,1,0,Phone,2,24,UPI,Male,3,1,Mobile,5,Married,1,0,17,1,1,0,129.56,0,1,0,0
52659,1,0,Phone,2,14,UPI,Male,2,4,Mobile,5,Married,5,1,15,2,2,0,123.35,0,2,0,1
52660,0,18,Computer,3,8,Debit Card,Female,3,3,Laptop & Accessory,3,Married,5,0,22,3,5,7,151.54,7,5,108,0
52661,0,9,Mobile Phone,1,8,UPI,Female,3,3,Laptop & Accessory,4,Married,5,1,22,1,1,0,169.62,0,1,18,1
52662,0,16,Computer,3,8,Debit Card,Male,3,3,Laptop & Accessory,1,Married,2,0,20,7,7,7,156.75,7,7,128,0
52663,0,0,Computer,1,14,Debit Card,Female,2,3,Mobile,1,Single,1,1,14,1,1,2,123.79,2,1,0,3
52664,0,2,Computer,1,26,Credit Card,Male,2,3,Mobile Phone,1,Married,2,0,13,1,3,10,138.12,10,3,8,0
52665,0,5,Computer,3,16,E wallet,Male,3,3,Laptop & Accessory,1,Single,9,0,13,0,1,0,146.48,0,1,10,0
52666,0,15,Computer,1,16,COD,Male,3,3,Mobile,3,Married,4,0,22,3,3,3,129.36,3,3,60,0
52667,0,9,Phone,1,15,Debit Card,Female,3,3,Mobile,3,Single,5,0,12,0,2,0,121.05,0,2,27,0
52668,0,19,Mobile Phone,1,8,Debit Card,Male,2,3,Fashion,1,Married,4,0,14,0,4,7,185.78,7,4,95,0
52669,0,1,Computer,2,7,Debit Card,Male,3,3,Mobile,1,Married,2,0,15,1,2,2,127.06,2,2,3,0
52670,0,2,Mobile Phone,1,35,Debit Card,Male,3,5,Laptop & Accessory,3,Married,9,0,17,0,1,6,163.84,6,1,4,0
52671,0,15,Phone,1,14,Debit Card,Male,2,3,Mobile Phone,3,Single,5,0,13,1,1,0,139.68,0,1,30,0
52672,1,0,Mobile Phone,3,8,E wallet,Male,2,4,Laptop & Accessory,4,Single,8,1,12,1,2,2,199.07,2,2,0,3
52673,0,19,Mobile Phone,3,9,Cash on Delivery,Female,2,1,Grocery,5,Married,3,0,12,2,2,8,232.25,8,2,57,0
52674,0,0,Phone,3,29,Credit Card,Female,2,4,Laptop & Accessory,3,Married,2,0,21,3,5,8,135.4,8,5,0,0
52675,0,2,Phone,2,12,CC,Male,3,4,Mobile,4,Married,2,0,11,1,1,0,128.04,0,1,4,0
52676,0,16,Mobile Phone,1,12,Credit Card,Female,2,4,Others,3,Married,8,0,15,6,6,14,293.92,14,6,112,0
52677,0,21,Mobile Phone,1,16,Debit Card,Male,3,4,Others,4,Married,5,0,15,3,12,9,296.65,9,12,273,0
52678,1,0,Computer,1,14,Debit Card,Male,3,4,Mobile,1,Single,2,1,24,1,1,0,124.39,0,1,0,1
52679,1,9,Mobile Phone,3,16,Debit Card,Female,3,3,Fashion,4,Married,6,0,21,1,1,7,173.14,7,1,18,0
52680,0,0,Computer,1,21,Debit Card,Female,3,4,Mobile Phone,5,Married,1,0,19,0,7,3,147.74,3,7,0,0
52681,0,12,Phone,1,25,UPI,Male,2,3,Laptop & Accessory,1,Married,9,0,14,0,2,2,139.02,2,2,36,0
52682,0,28,Phone,1,8,COD,Male,3,4,Mobile,1,Married,9,0,20,1,1,4,126.62,4,1,56,0
52683,0,1,Phone,3,9,CC,Female,3,3,Mobile,4,Married,2,0,19,1,1,0,128.56,0,1,2,0
52684,1,0,Mobile Phone,3,15,Credit Card,Male,2,3,Mobile Phone,1,Single,2,0,13,0,1,0,110.81,0,1,0,0
52685,1,0,Phone,1,14,Debit Card,Male,3,3,Mobile,4,Single,2,1,23,1,1,0,124.72,0,1,0,1
52686,0,9,Mobile Phone,3,16,COD,Female,3,4,Laptop & Accessory,3,Married,2,1,13,0,1,7,156.73,7,1,18,8
52687,0,4,Phone,1,26,Debit Card,Male,2,3,Laptop & Accessory,3,Married,2,0,11,0,1,2,141.97,2,1,8,0
52688,0,7,Mobile Phone,3,10,Debit Card,Male,3,3,Fashion,1,Married,3,1,13,0,1,0,197.13,0,1,14,1
52689,0,9,Phone,1,13,Debit Card,Male,2,3,Mobile,5,Single,4,0,14,0,1,2,120.62,2,1,18,0
52690,0,10,Phone,1,13,Credit Card,Male,3,3,Laptop & Accessory,5,Married,6,1,22,0,1,4,142.84,4,1,20,5
52691,0,8,Phone,1,22,UPI,Female,2,4,Laptop & Accessory,4,Married,1,1,11,0,1,2,147.88,2,1,16,3
52692,0,18,Mobile Phone,1,31,Debit Card,Female,3,4,Laptop & Accessory,1,Married,1,0,13,0,3,8,159.06,8,3,72,0
52693,0,9,Computer,2,8,UPI,Male,3,4,Laptop & Accessory,1,Single,2,0,21,1,1,8,138.86,8,1,18,0
52694,0,13,Mobile Phone,1,7,Debit Card,Male,3,3,Grocery,5,Married,3,0,11,1,11,16,268.23,16,11,156,0
52695,0,0,Phone,1,7,Debit Card,Female,3,4,Mobile,3,Married,2,1,13,0,1,0,129.33,0,1,0,1
52696,0,0,Mobile Phone,3,8,Credit Card,Female,2,1,Laptop & Accessory,3,Single,1,0,14,0,1,7,165.0,7,1,0,0
52697,0,21,Computer,1,28,Credit Card,Female,2,3,Grocery,1,Married,4,0,11,1,4,7,271.74,7,4,105,0
52698,0,17,Mobile Phone,1,7,Debit Card,Male,3,1,Laptop & Accessory,5,Married,3,0,15,1,2,2,150.33,2,2,51,0
52699,1,9,Computer,1,22,COD,Male,2,5,Mobile,5,Married,2,1,23,0,3,0,123.07,0,3,36,1
52700,1,19,Phone,1,14,Debit Card,Male,3,3,Mobile,1,Single,2,0,16,0,1,0,125.87,0,1,38,0
52701,0,9,Mobile Phone,3,23,E wallet,Male,2,4,Laptop & Accessory,4,Married,3,0,16,1,1,3,155.07,3,1,18,0
52702,0,14,Phone,3,14,E wallet,Female,2,3,Laptop & Accessory,4,Married,6,0,21,0,1,4,143.93,4,1,28,0
52703,0,15,Mobile Phone,1,12,Credit Card,Male,2,3,Fashion,5,Married,10,0,13,5,2,7,233.48,7,2,45,0
52704,0,4,Mobile Phone,3,16,Credit Card,Female,2,3,Laptop & Accessory,1,Married,3,1,11,1,1,4,165.83,4,1,8,5
52705,0,7,Mobile Phone,3,9,Credit Card,Female,3,4,Laptop & Accessory,1,Married,4,1,12,0,1,1,181.03,1,1,14,2
52706,0,4,Phone,1,10,Credit Card,Female,3,1,Mobile Phone,3,Married,9,0,12,1,2,2,139.78,2,2,12,0
52707,0,0,Computer,1,14,UPI,Male,3,1,Mobile,1,Married,1,0,18,2,7,7,125.44,7,7,0,0
52708,0,18,Computer,1,7,Credit Card,Male,2,3,Laptop & Accessory,3,Single,5,0,12,0,1,3,153.99,3,1,36,0
52709,0,6,Mobile Phone,3,16,E wallet,Male,2,3,Laptop & Accessory,3,Single,2,0,14,0,1,9,154.87,9,1,12,0
52710,0,1,Computer,3,7,Debit Card,Male,2,4,Laptop & Accessory,1,Married,2,1,12,1,1,7,168.34,7,1,2,8
52711,1,0,Computer,3,30,Cash on Delivery,Male,2,1,Mobile Phone,5,Single,2,0,17,0,1,0,110.91,0,1,0,0
52712,0,12,Computer,3,27,Debit Card,Female,2,5,Laptop & Accessory,3,Married,7,0,19,0,1,2,157.36,2,1,24,0
52713,0,9,Phone,1,8,COD,Male,2,3,Mobile,4,Married,2,0,11,0,1,2,122.26,2,1,18,0
52714,0,7,Computer,1,28,UPI,Male,2,4,Laptop & Accessory,1,Married,2,1,15,3,6,11,157.47,11,6,49,12
52715,1,0,Mobile Phone,3,19,E wallet,Female,2,3,Laptop & Accessory,3,Single,4,1,11,0,2,2,198.54,2,2,0,3
52716,0,20,Computer,1,20,COD,Male,3,3,Laptop & Accessory,4,Married,9,0,18,0,1,7,154.67,7,1,40,0
52717,0,29,Mobile Phone,3,17,E wallet,Female,2,4,Laptop & Accessory,5,Married,5,0,16,0,1,0,153.8,0,1,58,0
52718,0,12,Mobile Phone,1,15,Credit Card,Male,2,3,Laptop & Accessory,5,Married,2,0,25,0,7,9,151.51,9,7,96,0
52719,0,9,Computer,1,14,CC,Female,2,4,Laptop & Accessory,4,Married,2,1,16,1,1,7,121.33,7,1,18,8
52720,0,60,Mobile Phone,3,27,Debit Card,Female,3,3,Grocery,1,Married,5,1,13,1,1,0,278.75,0,1,120,1
52721,1,0,Computer,1,14,Debit Card,Female,2,1,Mobile,3,Single,4,1,14,0,1,3,124.32,3,1,0,4
52722,0,11,Phone,1,15,Debit Card,Male,3,3,Mobile Phone,1,Married,3,0,19,0,1,3,147.71,3,1,22,0
52723,0,22,Computer,1,8,Debit Card,Male,2,3,Others,1,Married,4,0,15,1,4,3,291.61,3,4,110,0
52724,0,15,Mobile Phone,3,18,E wallet,Male,3,3,Laptop & Accessory,1,Married,4,1,12,1,1,0,150.87,0,1,30,1
52725,1,0,Computer,2,28,UPI,Female,3,4,Mobile,4,Married,2,0,12,1,1,0,128.63,0,1,0,0
52726,0,8,Mobile Phone,3,24,Credit Card,Male,3,3,Laptop & Accessory,5,Married,1,0,16,1,1,4,155.61,4,1,16,0
52727,0,9,Computer,1,22,CC,Male,2,3,Mobile,3,Single,2,0,14,0,1,4,121.44,4,1,18,0
52728,0,4,Computer,1,9,CC,Male,3,3,Mobile,5,Married,2,1,13,2,2,3,130.65,3,2,12,4
52729,0,9,Computer,1,15,Debit Card,Male,3,1,Mobile,4,Married,2,0,22,1,1,2,128.1,2,1,18,0
52730,0,7,Mobile Phone,3,7,E wallet,Male,2,3,Fashion,1,Single,2,0,21,2,2,1,198.88,1,2,21,0
52731,0,7,Mobile Phone,3,19,Credit Card,Male,2,3,Fashion,3,Married,2,0,18,0,1,1,186.28,1,1,14,0
52732,0,0,Phone,1,7,CC,Male,3,3,Mobile,5,Single,1,0,13,7,7,6,128.67,6,7,0,0
52733,0,2,Mobile Phone,1,7,Debit Card,Male,2,3,Laptop & Accessory,5,Married,1,0,12,0,1,2,153.73,2,1,4,0
52734,0,5,Computer,1,21,Credit Card,Female,2,3,Laptop & Accessory,1,Married,6,0,18,0,1,2,166.67,2,1,10,0
52735,0,4,Computer,1,7,Debit Card,Male,2,5,Laptop & Accessory,5,Married,2,0,21,6,8,7,150.03,7,8,36,0
52736,1,0,Phone,1,14,COD,Male,2,4,Mobile,1,Married,6,0,12,1,1,3,123.67,3,1,0,0
52737,0,11,Phone,3,7,Debit Card,Male,3,4,Mobile,5,Single,5,0,14,1,1,0,128.58,0,1,22,0
52738,0,8,Mobile Phone,3,13,Debit Card,Female,2,3,Laptop & Accessory,1,Married,2,1,11,1,1,9,152.04,9,1,16,10
52739,0,0,Phone,3,15,E wallet,Male,2,3,Laptop & Accessory,1,Single,2,0,14,1,1,7,141.05,7,1,0,0
52740,0,5,Mobile Phone,1,11,Debit Card,Male,2,4,Laptop & Accessory,1,Single,9,0,24,1,1,0,196.79,0,1,10,0
52741,1,0,Computer,3,32,E wallet,Male,3,3,Laptop & Accessory,1,Married,2,1,11,0,1,8,156.17,8,1,0,9
52742,1,16,Mobile Phone,3,30,Debit Card,Male,3,3,Fashion,5,Single,7,1,13,0,2,2,204.48,2,2,48,3
52743,0,27,Phone,1,15,Debit Card,Female,3,3,Laptop & Accessory,3,Married,4,0,11,1,2,3,128.97,3,2,81,0
52744,0,6,Computer,1,13,Debit Card,Male,2,3,Laptop & Accessory,3,Married,2,0,20,0,2,8,159.68,8,2,18,0
52745,0,16,Mobile Phone,1,17,Debit Card,Male,1,3,Fashion,3,Married,2,0,17,1,1,9,175.1,9,1,32,0
52746,0,11,Computer,2,7,UPI,Male,3,3,Mobile,4,Married,1,1,11,0,1,2,129.91,2,1,22,3
52747,0,28,Mobile Phone,2,32,UPI,Male,3,1,Others,4,Married,5,1,15,1,1,4,296.36,4,1,56,5
52748,0,4,Mobile Phone,1,8,Credit Card,Female,2,5,Mobile Phone,1,Married,2,1,11,0,1,0,111.29,0,1,8,1
52749,0,12,Mobile Phone,3,21,E wallet,Male,3,3,Grocery,5,Single,1,0,12,4,2,10,233.41,10,2,36,0
52750,0,15,Computer,1,29,Debit Card,Male,2,4,Laptop & Accessory,3,Single,2,0,12,3,3,7,143.32,7,3,60,0
52751,0,4,Computer,1,16,Credit Card,Female,2,3,Fashion,3,Married,5,0,20,3,4,3,210.31,3,4,20,0
52752,0,27,Phone,1,16,Credit Card,Female,3,3,Laptop & Accessory,5,Single,7,1,19,0,1,4,144.4,4,1,54,5
52753,0,0,Phone,1,7,Debit Card,Male,2,4,Laptop & Accessory,3,Single,2,0,12,1,1,2,146.17,2,1,0,0
52754,0,0,Phone,1,14,UPI,Male,3,3,Mobile,1,Single,2,0,13,1,1,4,126.47,4,1,0,0
52755,0,13,Computer,1,17,COD,Female,3,3,Laptop & Accessory,3,Married,2,0,11,7,9,4,163.23,4,9,130,0
52756,0,13,Mobile Phone,3,8,E wallet,Female,3,3,Laptop & Accessory,4,Married,4,0,14,1,5,10,156.77,10,5,78,0
52757,0,9,Phone,2,8,UPI,Female,2,3,Mobile,4,Married,5,0,14,0,1,2,121.87,2,1,18,0
52758,0,3,Phone,1,7,Credit Card,Male,3,3,Mobile Phone,4,Married,2,0,13,1,1,7,137.48,7,1,6,0
52759,0,0,Phone,1,8,UPI,Male,2,3,Mobile Phone,3,Married,7,1,19,0,1,2,139.77,2,1,0,3
52760,0,20,Mobile Phone,1,31,Credit Card,Male,2,3,Fashion,3,Single,3,0,23,9,12,11,186.33,11,12,260,0
52761,0,9,Computer,1,7,CC,Male,2,4,Mobile,3,Married,2,0,12,0,1,0,120.08,0,1,18,0
52762,0,11,Phone,3,7,Debit Card,Male,2,3,Laptop & Accessory,4,Married,1,0,15,1,5,8,144.4,8,5,66,0
52763,0,4,Phone,3,8,Debit Card,Male,3,3,Mobile,3,Married,1,0,19,0,1,2,130.67,2,1,8,0
52764,0,11,Computer,1,12,Debit Card,Male,3,4,Laptop & Accessory,3,Married,3,0,11,2,7,7,153.21,7,7,88,0
52765,0,15,Mobile Phone,1,24,Debit Card,Male,2,3,Laptop & Accessory,5,Married,7,1,17,1,1,2,154.1,2,1,30,3
52766,0,14,Phone,1,7,Debit Card,Male,3,3,Mobile,1,Married,4,0,22,0,1,0,127.82,0,1,28,0
52767,0,20,Computer,1,7,Credit Card,Female,3,3,Fashion,4,Married,1,0,18,0,5,3,219.57,3,5,120,0
52768,0,8,Phone,1,17,CC,Male,2,3,Mobile,3,Married,8,1,11,2,2,2,126.6,2,2,24,3
52769,0,0,Phone,1,7,Debit Card,Male,3,3,Mobile,3,Single,1,0,12,1,1,2,133.75,2,1,0,0
52770,0,8,Mobile Phone,1,15,Credit Card,Male,2,3,Laptop & Accessory,3,Single,2,0,19,0,1,8,150.98,8,1,16,0
52771,0,6,Phone,1,21,Credit Card,Female,3,3,Laptop & Accessory,1,Married,1,1,13,6,8,1,148.78,1,8,54,2
52772,0,5,Phone,1,35,Debit Card,Female,3,4,Mobile,4,Single,2,0,13,0,4,1,128.37,1,4,25,0
52773,0,13,Phone,1,14,Debit Card,Male,2,3,Mobile,1,Married,9,0,19,1,1,0,124.06,0,1,26,0
52774,0,9,Phone,3,7,CC,Male,3,4,Mobile,4,Married,1,0,14,2,2,2,122.69,2,2,27,0
52775,0,12,Phone,1,30,Debit Card,Male,2,3,Laptop & Accessory,1,Single,8,0,13,0,1,7,141.08,7,1,24,0
52776,0,11,Mobile Phone,1,16,Credit Card,Female,3,5,Fashion,3,Married,4,0,12,0,2,11,232.06,11,2,33,0
52777,0,5,Mobile Phone,3,7,E wallet,Female,2,3,Fashion,1,Married,2,0,19,0,5,7,204.22,7,5,30,0
52778,0,10,Mobile Phone,1,16,Debit Card,Female,2,1,Fashion,1,Married,2,1,25,5,2,8,237.44,8,2,30,9
52779,0,0,Phone,3,14,UPI,Female,2,3,Laptop & Accessory,3,Married,1,1,22,0,1,4,149.07,4,1,0,5
52780,0,25,Computer,3,35,Debit Card,Male,2,3,Mobile,1,Married,3,0,15,1,1,0,134.82,0,1,50,0
52781,0,17,Phone,1,14,CC,Male,2,3,Mobile,1,Single,7,1,12,1,1,2,124.36,2,1,34,3
52782,0,0,Phone,3,14,CC,Male,2,3,Mobile,5,Single,2,1,11,1,1,2,123.8,2,1,0,3
52783,0,12,Computer,1,15,Debit Card,Male,2,3,Others,1,Single,3,0,15,1,1,3,294.31,3,1,24,0
52784,1,9,Computer,3,15,E wallet,Male,2,3,Mobile Phone,5,Married,2,0,19,1,1,0,117.9,0,1,18,0
52785,0,9,Mobile Phone,3,9,Credit Card,Female,3,4,Fashion,1,Married,1,0,19,0,3,4,176.44,4,3,36,0
52786,0,9,Computer,1,10,Debit Card,Female,3,3,Laptop & Accessory,4,Married,8,0,13,0,1,2,151.31,2,1,18,0
52787,0,29,Computer,1,7,Debit Card,Male,2,3,Laptop & Accessory,3,Married,2,0,21,0,1,9,163.06,9,1,58,0
52788,1,0,Phone,1,7,Credit Card,Male,2,3,Mobile Phone,1,Married,10,1,14,2,2,2,147.87,2,2,0,3
52789,0,15,Mobile Phone,1,8,Debit Card,Male,2,3,Others,3,Married,6,0,11,1,4,14,288.8,14,4,75,0
52790,1,19,Phone,1,14,COD,Male,3,3,Mobile,3,Married,9,0,11,6,9,8,123.39,8,9,190,0
52791,0,14,Mobile Phone,1,34,Debit Card,Female,2,4,Grocery,4,Married,1,0,23,1,2,10,235.7,10,2,42,0
52792,0,7,Mobile Phone,3,34,E wallet,Female,3,4,Laptop & Accessory,3,Married,2,0,21,1,1,7,167.12,7,1,14,0
52793,0,9,Computer,3,21,E wallet,Male,2,5,Laptop & Accessory,1,Married,2,0,24,5,11,11,154.06,11,11,108,0
52794,0,14,Mobile Phone,3,9,Debit Card,Male,2,4,Laptop & Accessory,4,Married,3,0,11,1,1,4,189.38,4,1,28,0
52795,0,5,Phone,1,14,COD,Male,3,3,Mobile,5,Single,2,0,14,0,1,2,124.39,2,1,10,0
52796,0,8,Mobile Phone,2,32,Debit Card,Female,2,3,Fashion,1,Single,2,1,16,1,1,7,188.37,7,1,16,8
52797,0,11,Mobile Phone,3,16,Debit Card,Female,3,3,Laptop & Accessory,1,Married,2,0,11,0,1,9,153.43,9,1,22,0
52798,1,13,Computer,3,7,Debit Card,Male,3,3,Laptop & Accessory,3,Married,8,0,12,1,1,1,167.28,1,1,26,0
52799,0,9,Mobile Phone,3,17,E wallet,Female,3,4,Laptop & Accessory,1,Married,5,0,13,1,1,0,166.52,0,1,18,0
52800,0,18,Phone,3,26,Debit Card,Female,2,3,Laptop & Accessory,3,Single,9,0,15,0,1,1,148.5,1,1,36,0
52801,0,13,Phone,1,8,Debit Card,Male,3,4,Mobile,3,Single,3,0,14,0,2,2,128.09,2,2,39,0
52802,0,8,Computer,1,24,Debit Card,Male,3,3,Laptop & Accessory,3,Married,2,1,14,0,1,2,156.89,2,1,16,3
52803,0,9,Mobile Phone,1,8,CC,Female,3,3,Mobile,3,Married,3,0,14,0,1,2,120.01,2,1,18,0
52804,0,8,Phone,1,7,Debit Card,Female,3,5,Mobile,1,Married,2,0,12,1,1,1,129.77,1,1,16,0
52805,0,2,Phone,1,19,UPI,Male,2,4,Laptop & Accessory,4,Married,5,1,13,0,1,3,140.25,3,1,4,4
52806,0,2,Phone,1,34,Credit Card,Female,3,4,Mobile Phone,5,Single,2,0,14,0,1,4,137.85,4,1,4,0
52807,1,13,Mobile Phone,3,34,E wallet,Male,2,4,Fashion,5,Married,5,1,13,2,2,0,208.54,0,2,39,1
52808,0,12,Mobile Phone,3,30,E wallet,Female,2,4,Grocery,1,Married,1,0,11,3,9,3,220.31,3,9,120,0
52809,0,4,Computer,1,11,Credit Card,Male,3,3,Laptop & Accessory,5,Single,1,0,19,1,1,7,199.36,7,1,8,0
52810,0,0,Phone,3,11,UPI,Female,3,4,Mobile,3,Single,1,0,18,1,1,0,129.66,0,1,0,0
52811,0,9,Computer,1,14,CC,Male,2,1,Laptop & Accessory,1,Married,5,0,17,0,1,3,125.71,3,1,18,0
52812,0,12,Mobile Phone,1,12,Credit Card,Male,2,4,Fashion,5,Married,5,0,15,0,1,7,199.91,7,1,24,0
52813,0,0,Mobile Phone,1,10,Debit Card,Male,2,1,Laptop & Accessory,4,Married,2,1,20,0,1,3,161.42,3,1,0,4
52814,0,22,Computer,3,8,Credit Card,Male,3,4,Laptop & Accessory,4,Married,3,0,14,1,1,8,153.9,8,1,44,0
52815,0,7,Phone,1,14,Credit Card,Male,2,1,Laptop & Accessory,3,Married,3,0,12,1,1,2,144.04,2,1,14,0
52816,1,5,Mobile Phone,3,7,Debit Card,Female,4,4,Laptop & Accessory,2,Single,10,1,12,2,2,6,184.93,6,2,15,7
52817,1,1,Phone,1,9,UPI,Male,4,5,Mobile Phone,3,Single,8,1,16,1,2,1,145.9,1,2,3,2
52818,1,1,Phone,1,31,Debit Card,Male,3,5,Mobile Phone,3,Single,7,1,15,1,2,4,145.28,4,2,3,5
52819,1,1,Mobile Phone,3,16,Debit Card,Male,3,5,Laptop & Accessory,5,Single,9,0,24,1,2,4,159.07,4,2,3,0
52820,1,1,Mobile Phone,1,13,Credit Card,Male,3,4,Mobile Phone,5,Single,4,0,12,2,2,4,154.6,4,2,3,0
52821,1,1,Computer,1,23,Debit Card,Female,4,6,Mobile Phone,5,Single,3,1,23,5,7,8,164.19,8,7,8,9
52822,1,3,Phone,3,12,COD,Male,3,4,Laptop & Accessory,2,Divorced,5,0,15,1,2,1,145.86,1,2,9,0
52823,1,1,Phone,1,7,Credit Card,Male,4,4,Mobile Phone,2,Divorced,4,1,17,3,3,1,147.93,1,3,4,2
52824,1,14,Mobile Phone,3,10,E wallet,Male,3,5,Mobile Phone,3,Divorced,3,1,15,1,2,3,151.83,3,2,42,4
52825,1,1,Phone,1,32,Debit Card,Male,3,6,Mobile Phone,3,Single,3,0,13,2,2,2,147.93,2,2,3,0
52826,1,5,Mobile Phone,1,19,Cash on Delivery,Female,3,4,Others,3,Divorced,3,0,15,10,16,9,320.45,9,16,85,0
52827,1,12,Mobile Phone,1,7,Debit Card,Male,4,5,Fashion,3,Single,11,1,14,1,2,1,178.81,1,2,36,2
52828,1,1,Mobile Phone,1,12,COD,Male,3,4,Mobile Phone,3,Single,3,1,14,3,3,3,159.41,3,3,4,4
52829,1,1,Mobile Phone,1,16,Credit Card,Male,4,5,Mobile Phone,3,Divorced,2,1,18,1,2,1,158.88,1,2,3,2
52830,1,10,Mobile Phone,3,16,Credit Card,Male,4,5,Fashion,2,Single,3,0,17,1,5,3,221.19,3,5,60,0
52831,1,1,Phone,2,13,UPI,Male,4,4,Mobile Phone,5,Married,6,1,23,2,2,3,145.73,3,2,3,4
52832,1,1,Computer,1,13,Debit Card,Female,4,5,Mobile Phone,2,Single,3,1,19,2,2,1,154.26,1,2,3,2
52833,1,1,Mobile Phone,3,12,E wallet,Male,3,5,Laptop & Accessory,3,Single,3,1,12,2,2,4,182.44,4,2,3,5
52834,1,1,Computer,1,14,Debit Card,Male,4,6,Laptop & Accessory,3,Single,3,1,25,2,2,7,185.74,7,2,3,8
52835,1,20,Mobile Phone,1,21,Debit Card,Female,4,4,Mobile Phone,4,Divorced,11,1,19,2,5,4,174.63,4,5,120,5
52836,1,1,Mobile Phone,3,13,Debit Card,Male,4,6,Laptop & Accessory,3,Divorced,6,1,19,7,8,8,186.72,8,8,9,9
52837,1,21,Mobile Phone,1,30,Credit Card,Female,4,4,Fashion,2,Divorced,3,0,13,12,16,3,228.12,3,16,357,0
52838,1,1,Phone,3,29,E wallet,Male,3,4,Mobile Phone,3,Single,3,1,20,1,2,1,141.75,1,2,3,2
52839,1,1,Mobile Phone,3,27,Debit Card,Female,4,6,Laptop & Accessory,3,Divorced,5,1,12,2,3,3,170.59,3,3,4,4
52840,1,15,Computer,1,15,Debit Card,Male,3,6,Fashion,2,Single,4,0,16,1,2,4,231.5,4,2,45,0
52841,1,1,Mobile Phone,1,16,Credit Card,Female,3,4,Mobile Phone,5,Single,9,0,23,2,2,5,167.0,5,2,3,0
52842,0,9,Mobile Phone,3,7,E wallet,Male,4,4,Fashion,4,Divorced,3,0,14,2,2,7,197.95,7,2,27,0
52843,0,27,Phone,3,13,E wallet,Male,3,4,Laptop & Accessory,3,Divorced,4,1,21,1,5,6,148.06,6,5,162,7
52844,0,19,Phone,1,16,Debit Card,Male,3,4,Laptop & Accessory,4,Married,10,0,19,2,2,16,148.48,16,2,57,0
52845,0,6,Computer,3,15,E wallet,Female,3,4,Fashion,2,Single,3,0,15,3,4,3,214.98,3,4,30,0
52846,0,3,Computer,1,7,COD,Male,3,4,Laptop & Accessory,3,Divorced,3,0,14,1,2,10,168.19,10,2,9,0
52847,0,1,Mobile Phone,1,14,Credit Card,Male,3,5,Laptop & Accessory,3,Divorced,4,0,18,2,2,1,186.32,1,2,3,0
52848,0,31,Mobile Phone,1,16,Credit Card,Female,4,5,Mobile Phone,4,Divorced,6,1,21,2,2,1,158.46,1,2,93,2
52849,0,14,Mobile Phone,3,11,E wallet,Male,4,5,Fashion,2,Divorced,9,0,12,3,2,12,233.55,12,2,42,0
52850,0,8,Computer,3,9,E wallet,Female,4,4,Mobile Phone,3,Divorced,8,0,19,2,2,3,147.31,3,2,24,0
52851,0,1,Phone,1,26,Credit Card,Male,4,4,Mobile Phone,2,Divorced,3,0,25,1,3,3,148.23,3,3,4,0
52852,0,1,Computer,1,16,Credit Card,Male,3,4,Mobile Phone,4,Married,8,0,19,1,3,3,145.24,3,3,4,0
52853,0,2,Mobile Phone,1,28,Credit Card,Male,3,4,Mobile Phone,2,Divorced,3,0,12,1,2,3,152.13,3,2,6,0
52854,0,31,Mobile Phone,1,31,Debit Card,Male,3,3,Fashion,2,Married,5,1,17,2,2,3,219.39,3,2,93,4
52855,0,1,Computer,1,10,Credit Card,Male,4,5,Mobile Phone,3,Married,3,1,16,1,2,2,150.66,2,2,3,3
52856,0,24,Mobile Phone,1,18,Debit Card,Female,3,4,Others,4,Single,5,0,16,3,5,5,324.26,5,5,144,0
52857,0,15,Phone,1,21,Debit Card,Male,3,4,Mobile Phone,3,Married,6,0,13,2,2,9,149.51,9,2,45,0
52858,0,4,Mobile Phone,3,12,Debit Card,Female,3,4,Fashion,2,Divorced,4,0,13,3,8,3,219.19,3,8,36,0
52859,0,12,Mobile Phone,3,7,Debit Card,Female,3,5,Laptop & Accessory,2,Single,6,0,23,2,2,3,211.86,3,2,36,0
52860,0,6,Mobile Phone,1,13,Debit Card,Male,3,4,Mobile Phone,3,Single,5,0,21,1,2,5,155.38,5,2,18,0
52861,0,1,Mobile Phone,1,24,COD,Male,3,4,Mobile Phone,4,Divorced,2,1,17,2,2,2,155.58,2,2,3,3
52862,1,1,Computer,3,7,COD,Female,4,6,Mobile Phone,5,Single,2,0,22,2,2,1,148.25,1,2,3,0
52863,0,10,Computer,1,10,Credit Card,Male,2,4,Mobile Phone,4,Single,6,0,13,5,8,3,145.88,3,8,90,0
52864,0,4,Computer,1,16,Credit Card,Male,4,4,Laptop & Accessory,5,Married,3,0,12,1,7,11,155.72,11,7,32,0
52865,0,19,Mobile Phone,3,11,Debit Card,Female,2,4,Laptop & Accessory,5,Married,6,1,12,1,2,4,175.06,4,2,57,5
52866,0,30,Mobile Phone,1,15,Debit Card,Female,4,4,Mobile Phone,5,Married,6,1,19,2,3,3,167.57,3,3,120,4
52867,0,7,Mobile Phone,1,9,Debit Card,Male,3,4,Mobile Phone,2,Single,2,0,15,1,2,3,150.0,3,2,21,0
52868,1,1,Phone,1,9,Debit Card,Male,3,5,Mobile Phone,2,Single,3,0,23,1,2,1,136.02,1,2,3,0
52869,0,20,Mobile Phone,3,7,E wallet,Female,4,4,Fashion,5,Married,3,0,26,5,16,3,229.53,3,16,340,0
52870,0,12,Phone,1,16,Debit Card,Female,4,4,Mobile Phone,2,Single,3,0,13,2,3,2,147.88,2,3,48,0
52871,0,5,Mobile Phone,1,19,Credit Card,Female,4,4,Mobile Phone,2,Divorced,10,1,24,2,2,3,164.29,3,2,15,4
52872,0,8,Phone,1,34,Credit Card,Female,4,4,Mobile Phone,4,Single,4,0,16,2,2,3,148.11,3,2,24,0
52873,1,5,Mobile Phone,3,27,E wallet,Female,4,4,Mobile Phone,4,Single,3,1,23,1,2,3,156.4,3,2,15,4
52874,0,24,Mobile Phone,1,7,Credit Card,Male,3,5,Mobile Phone,3,Divorced,4,0,16,1,2,3,161.9,3,2,72,0
52875,0,27,Mobile Phone,1,20,Credit Card,Female,3,3,Laptop & Accessory,5,Married,3,0,12,2,2,4,169.5,4,2,81,0
52876,0,7,Mobile Phone,1,21,Credit Card,Female,4,4,Mobile Phone,4,Divorced,3,0,14,1,2,7,152.56,7,2,21,0
52877,0,14,Mobile Phone,1,11,Credit Card,Female,3,4,Others,3,Divorced,3,0,15,1,10,10,315.33,10,10,154,0
52878,0,29,Mobile Phone,1,21,Credit Card,Male,4,3,Others,4,Single,10,0,15,1,3,16,312.22,16,3,116,0
52879,0,8,Computer,1,9,Debit Card,Male,3,5,Laptop & Accessory,3,Divorced,3,0,18,1,2,3,220.47,3,2,24,0
52880,0,25,Mobile Phone,1,10,Credit Card,Female,4,4,Grocery,4,Single,5,0,19,1,2,1,262.34,1,2,75,0
52881,0,26,Mobile Phone,1,7,Debit Card,Male,4,5,Others,3,Divorced,2,0,15,2,12,10,324.99,10,12,338,0
52882,0,1,Phone,1,16,Credit Card,Female,3,4,Mobile Phone,4,Single,3,0,17,2,2,4,147.79,4,2,3,0
52883,1,1,Mobile Phone,1,30,Debit Card,Male,3,5,Laptop & Accessory,3,Divorced,5,1,14,2,2,2,184.16,2,2,3,3
52884,0,17,Computer,1,14,Credit Card,Male,3,3,Mobile Phone,2,Married,6,0,15,1,3,3,145.89,3,3,68,0
52885,0,19,Computer,1,9,Credit Card,Male,4,5,Grocery,2,Divorced,11,0,15,10,12,9,292.92,9,12,247,0
52886,0,11,Mobile Phone,1,28,Debit Card,Male,4,3,Mobile Phone,5,Divorced,3,1,13,1,2,8,160.64,8,2,33,9
52887,0,9,Computer,1,9,Credit Card,Female,3,4,Laptop & Accessory,4,Single,7,0,12,2,2,3,169.25,3,2,27,0
52888,0,16,Computer,1,28,Credit Card,Female,3,4,Laptop & Accessory,3,Married,4,0,17,1,2,3,177.65,3,2,48,0
52889,0,12,Mobile Phone,1,9,Debit Card,Male,3,4,Laptop & Accessory,3,Divorced,11,0,15,1,2,1,190.53,1,2,36,0
52890,0,12,Mobile Phone,1,36,COD,Male,3,4,Laptop & Accessory,2,Divorced,5,0,19,1,2,8,187.61,8,2,36,0
52891,0,1,Computer,1,7,COD,Male,3,5,Laptop & Accessory,5,Divorced,7,0,20,1,3,1,167.98,1,3,4,0
52892,0,23,Computer,1,25,Debit Card,Male,4,4,Laptop & Accessory,2,Married,3,1,16,1,2,8,193.04,8,2,69,9
52893,0,8,Computer,1,17,Credit Card,Male,3,4,Mobile Phone,3,Married,3,1,18,3,3,1,163.15,1,3,32,2
52894,0,14,Mobile Phone,1,26,Credit Card,Male,3,4,Laptop & Accessory,2,Divorced,10,1,16,2,4,8,152.41,8,4,70,9
52895,1,2,Mobile Phone,1,36,Credit Card,Male,4,4,Laptop & Accessory,5,Divorced,9,1,20,1,2,1,191.73,1,2,6,2
52896,1,1,Mobile Phone,3,34,E wallet,Female,3,4,Fashion,2,Divorced,3,0,23,2,2,10,201.39,10,2,3,0
52897,0,1,Phone,1,12,Debit Card,Male,3,3,Mobile Phone,4,Married,3,1,17,1,3,3,148.28,3,3,4,4
52898,0,10,Computer,1,25,Credit Card,Female,4,4,Mobile Phone,2,Single,3,0,14,2,2,8,146.53,8,2,30,0
52899,0,14,Computer,1,16,Debit Card,Male,4,5,Laptop & Accessory,2,Divorced,11,0,15,2,2,3,173.76,3,2,42,0
52900,0,20,Mobile Phone,1,7,Credit Card,Male,4,4,Fashion,5,Married,9,0,17,1,2,3,218.96,3,2,60,0
52901,1,1,Mobile Phone,3,11,Credit Card,Male,3,6,Fashion,2,Divorced,3,0,12,8,10,3,229.0,3,10,11,0
52902,0,4,Computer,1,7,Debit Card,Male,3,5,Fashion,3,Single,3,0,23,3,6,3,209.74,3,6,28,0
52903,0,1,Computer,3,27,Debit Card,Female,3,4,Laptop & Accessory,3,Single,3,0,15,2,2,3,224.81,3,2,3,0
52904,0,25,Mobile Phone,1,15,Debit Card,Male,3,5,Fashion,4,Divorced,7,0,17,2,2,8,249.9,8,2,75,0
52905,1,1,Mobile Phone,1,10,COD,Female,3,4,Mobile Phone,5,Single,7,1,12,2,2,5,151.57,5,2,3,6
52906,0,15,Mobile Phone,3,13,Debit Card,Female,4,4,Fashion,2,Single,5,1,19,1,2,1,260.91,1,2,45,2
52907,1,1,Computer,3,33,E wallet,Female,3,5,Laptop & Accessory,5,Single,7,0,16,1,2,2,191.96,2,2,3,0
52908,1,1,Phone,1,7,COD,Male,3,4,Mobile Phone,3,Single,2,0,15,1,2,6,145.58,6,2,3,0
52909,0,19,Computer,3,13,Credit Card,Female,3,5,Fashion,2,Single,8,0,13,13,13,3,213.65,3,13,266,0
52910,0,28,Mobile Phone,3,10,E wallet,Female,3,4,Laptop & Accessory,5,Divorced,4,0,15,2,2,6,184.4,6,2,84,0
52911,0,10,Mobile Phone,1,12,Debit Card,Male,4,4,Laptop & Accessory,4,Single,10,0,17,1,4,8,184.14,8,4,50,0
52912,0,7,Mobile Phone,1,11,Credit Card,Female,3,5,Mobile Phone,4,Divorced,8,0,22,1,2,2,151.22,2,2,21,0
52913,0,11,Computer,1,18,UPI,Male,3,4,Fashion,2,Married,3,1,15,1,2,8,246.85,8,2,33,9
52914,0,12,Mobile Phone,3,10,Debit Card,Male,4,4,Fashion,3,Married,2,0,13,2,6,3,231.09,3,6,84,0
52915,0,5,Computer,1,7,Credit Card,Male,3,6,Laptop & Accessory,3,Divorced,2,0,13,2,2,5,168.45,5,2,15,0
52916,0,31,Phone,1,10,Debit Card,Male,4,5,Mobile Phone,2,Divorced,5,0,18,1,2,1,146.77,1,2,93,0
52917,0,11,Computer,3,11,E wallet,Male,3,4,Mobile Phone,2,Married,6,0,18,2,6,9,25.0,9,6,77,0
52918,0,3,Computer,3,7,Credit Card,Female,3,4,Fashion,2,Divorced,3,0,15,5,5,2,204.18,2,5,18,0
52919,0,9,Computer,3,7,E wallet,Female,4,4,Fashion,3,Single,3,0,15,2,2,3,212.89,3,2,27,0
52920,1,1,Phone,1,25,Credit Card,Male,3,5,Mobile Phone,2,Single,3,1,14,1,2,2,148.89,2,2,3,3
52921,0,26,Mobile Phone,1,9,Debit Card,Female,3,5,Mobile Phone,2,Single,9,0,16,1,3,3,157.12,3,3,104,0
52922,0,16,Mobile Phone,1,11,Cash on Delivery,Male,3,4,Others,2,Divorced,3,0,15,1,12,16,317.32,16,12,208,0
52923,0,31,Phone,2,13,Credit Card,Male,3,4,Mobile Phone,3,Divorced,10,0,18,3,3,3,147.67,3,3,124,0
52924,0,24,Mobile Phone,3,7,Credit Card,Female,4,4,Others,2,Married,5,0,15,2,2,7,320.17,7,2,72,0
52925,1,1,Phone,1,21,Credit Card,Male,3,4,Mobile Phone,2,Divorced,7,1,14,1,2,5,149.36,5,2,3,6
52926,0,17,Mobile Phone,3,23,E wallet,Female,4,4,Grocery,2,Divorced,7,1,23,1,2,10,285.64,10,2,51,11
52927,1,1,Mobile Phone,1,9,Debit Card,Female,3,4,Mobile Phone,5,Divorced,9,0,21,2,2,8,152.07,8,2,3,0
52928,0,26,Computer,3,9,Debit Card,Male,4,5,Others,3,Single,3,1,15,8,16,13,315.68,13,16,442,14
52929,0,6,Mobile Phone,3,11,Debit Card,Female,3,4,Mobile Phone,4,Divorced,4,0,12,2,2,3,164.31,3,2,18,0
52930,1,1,Mobile Phone,1,7,Debit Card,Male,4,5,Mobile Phone,3,Single,2,1,15,2,2,3,162.3,3,2,3,4
52931,0,13,Phone,1,7,Credit Card,Female,4,4,Mobile Phone,3,Married,9,0,15,1,2,3,147.32,3,2,39,0
52932,0,6,Computer,3,33,E wallet,Male,4,4,Laptop & Accessory,2,Divorced,2,0,19,2,3,3,169.65,3,3,24,0
52933,0,15,Mobile Phone,1,26,Debit Card,Male,3,4,Laptop & Accessory,5,Married,4,0,17,2,2,1,155.72,1,2,45,0
52934,0,14,Mobile Phone,1,31,COD,Male,4,4,Laptop & Accessory,2,Married,3,0,18,3,5,8,158.19,8,5,84,0
52935,0,19,Mobile Phone,1,7,UPI,Male,4,3,Others,2,Divorced,2,0,15,2,2,8,317.02,8,2,57,0
52936,0,5,Computer,1,10,Credit Card,Male,4,4,Fashion,3,Married,11,0,13,1,3,3,261.75,3,3,20,0
52937,0,7,Mobile Phone,1,12,Debit Card,Female,4,5,Mobile Phone,2,Divorced,3,0,14,1,2,3,154.11,3,2,21,0
52938,0,8,Mobile Phone,1,9,Debit Card,Male,3,5,Laptop & Accessory,5,Divorced,8,0,14,1,6,10,184.57,10,6,56,0
52939,0,11,Mobile Phone,1,7,Credit Card,Female,3,5,Mobile Phone,5,Divorced,4,0,15,2,2,3,164.2,3,2,33,0
52940,0,19,Computer,1,14,Debit Card,Male,4,3,Laptop & Accessory,3,Divorced,6,0,18,1,2,3,189.34,3,2,57,0
52941,1,1,Computer,1,17,Credit Card,Male,4,4,Fashion,3,Married,8,0,12,2,2,3,225.48,3,2,3,0
52942,0,13,Computer,1,9,Cash on Delivery,Female,4,4,Fashion,3,Single,2,0,26,11,2,9,234.38,9,2,39,0
52943,0,3,Phone,1,22,Debit Card,Male,3,4,Mobile Phone,2,Single,3,0,20,1,2,6,148.4,6,2,9,0
52944,0,16,Mobile Phone,1,24,Debit Card,Female,3,3,Laptop & Accessory,5,Single,5,1,14,1,2,3,190.45,3,2,48,4
52945,0,3,Mobile Phone,3,27,E wallet,Male,3,4,Laptop & Accessory,2,Married,4,0,15,2,2,3,194.31,3,2,9,0
52946,0,1,Mobile Phone,1,7,Debit Card,Female,4,4,Laptop & Accessory,3,Divorced,2,0,13,2,2,3,173.98,3,2,3,0
52947,0,16,Mobile Phone,1,9,Credit Card,Female,3,5,Mobile Phone,5,Married,2,1,12,5,8,9,150.93,9,8,144,10
52948,0,14,Mobile Phone,1,9,Credit Card,Male,3,4,Others,3,Married,2,0,15,1,4,10,319.36,10,4,70,0
52949,0,25,Mobile Phone,1,7,Debit Card,Male,4,4,Mobile Phone,2,Divorced,3,0,12,2,2,1,152.23,1,2,75,0
52950,1,1,Computer,1,36,Credit Card,Male,4,5,Mobile Phone,4,Single,2,0,12,2,2,5,159.79,5,2,3,0
52951,0,6,Computer,1,14,Debit Card,Male,4,3,Mobile Phone,4,Divorced,3,0,21,1,2,4,152.94,4,2,18,0
52952,0,12,Computer,3,9,Debit Card,Male,3,5,Laptop & Accessory,2,Divorced,5,0,19,7,8,6,177.49,6,8,108,0
52953,0,6,Phone,1,9,COD,Male,3,5,Laptop & Accessory,5,Single,6,0,14,1,2,5,146.76,5,2,18,0
52954,0,20,Mobile Phone,3,9,Cash on Delivery,Female,4,6,Grocery,4,Divorced,5,1,15,7,8,8,293.72,8,8,180,9
52955,1,1,Mobile Phone,1,9,Debit Card,Male,4,4,Mobile Phone,3,Single,4,0,12,2,2,1,159.85,1,2,3,0
52956,0,3,Mobile Phone,3,9,Credit Card,Male,4,5,Laptop & Accessory,4,Divorced,4,0,20,1,2,1,191.44,1,2,9,0
52957,0,5,Mobile Phone,1,30,Credit Card,Male,4,5,Laptop & Accessory,2,Divorced,2,0,22,2,8,9,180.82,9,8,45,0
52958,0,1,Computer,1,12,Debit Card,Male,3,3,Laptop & Accessory,5,Married,3,0,13,2,2,6,165.0,6,2,3,0
52959,0,19,Mobile Phone,1,27,Credit Card,Male,4,4,Grocery,2,Divorced,2,1,15,1,2,11,259.96,11,2,57,12
52960,0,10,Mobile Phone,1,13,Debit Card,Male,3,4,Mobile Phone,2,Divorced,2,0,12,5,11,12,157.1,12,11,120,0
52961,0,29,Mobile Phone,1,7,Credit Card,Male,3,4,Others,5,Single,2,1,15,5,5,14,315.45,14,5,174,15
52962,1,11,Computer,1,36,Debit Card,Male,3,4,Fashion,4,Divorced,3,1,13,6,2,10,243.49,10,2,33,11
52963,0,2,Phone,1,16,Credit Card,Male,4,4,Mobile Phone,2,Divorced,3,0,24,2,2,5,145.7,5,2,6,0
52964,0,11,Mobile Phone,3,13,Credit Card,Male,4,4,Laptop & Accessory,2,Divorced,6,0,15,1,2,2,190.02,2,2,33,0
52965,0,1,Mobile Phone,1,10,Credit Card,Male,4,5,Mobile Phone,3,Single,3,0,18,2,2,1,157.3,1,2,3,0
52966,0,11,Computer,1,7,Credit Card,Female,1,4,Fashion,2,Married,4,1,19,1,2,3,261.03,3,2,33,4
52967,0,3,Mobile Phone,1,29,Debit Card,Female,4,3,Fashion,4,Married,9,0,19,6,2,3,244.96,3,2,9,0
52968,0,12,Mobile Phone,3,14,Credit Card,Female,3,3,Laptop & Accessory,5,Married,3,1,25,1,8,8,181.05,8,8,108,9
52969,0,1,Computer,1,7,Debit Card,Female,3,4,Laptop & Accessory,4,Married,3,0,21,1,2,5,188.97,5,2,3,0
52970,0,24,Mobile Phone,1,11,Debit Card,Male,4,4,Others,4,Married,5,0,15,2,2,7,316.44,7,2,72,0
52971,0,27,Mobile Phone,1,10,Credit Card,Male,3,4,Grocery,3,Divorced,5,1,15,1,2,4,300.84,4,2,81,5
52972,0,16,Mobile Phone,3,7,Debit Card,Male,3,4,Laptop & Accessory,3,Divorced,3,0,26,5,12,7,174.07,7,12,208,0
52973,0,3,Computer,3,9,Debit Card,Male,3,4,Laptop & Accessory,2,Single,3,0,19,1,2,10,170.54,10,2,9,0
52974,0,29,Mobile Phone,1,27,COD,Male,3,4,Laptop & Accessory,2,Divorced,5,1,20,2,2,9,179.15,9,2,87,10
52975,0,1,Computer,1,18,Credit Card,Male,3,4,Laptop & Accessory,5,Divorced,3,1,14,3,4,4,172.41,4,4,5,5
52976,0,11,Phone,1,7,Debit Card,Female,3,4,Mobile Phone,2,Single,3,0,13,2,6,8,146.15,8,6,77,0
52977,1,8,Computer,1,31,Debit Card,Male,3,4,Mobile Phone,3,Married,5,1,23,1,2,1,156.61,1,2,24,2
52978,0,12,Mobile Phone,1,30,Debit Card,Male,3,4,Laptop & Accessory,2,Married,11,0,15,1,2,3,182.45,3,2,36,0
52979,1,1,Phone,1,23,Credit Card,Male,3,4,Mobile Phone,4,Married,4,1,14,2,2,3,148.73,3,2,3,4
52980,0,2,Mobile Phone,1,15,Debit Card,Female,4,4,Mobile Phone,2,Single,3,0,22,1,2,3,158.1,3,2,6,0
52981,0,23,Computer,1,17,Debit Card,Female,3,4,Others,5,Single,11,1,15,1,2,3,311.65,3,2,69,4
52982,0,10,Mobile Phone,1,10,COD,Male,2,4,Laptop & Accessory,4,Single,6,0,13,7,8,8,169.85,8,8,90,0
52983,0,5,Computer,3,12,E wallet,Female,3,4,Mobile Phone,4,Married,3,0,12,1,3,3,152.89,3,3,20,0
52984,1,1,Mobile Phone,3,11,E wallet,Male,3,5,Laptop & Accessory,2,Single,3,1,13,8,8,5,183.28,5,8,9,6
52985,0,11,Computer,1,16,Credit Card,Male,3,4,Mobile Phone,2,Divorced,3,1,13,1,2,3,148.26,3,2,33,4
52986,0,16,Computer,3,33,E wallet,Female,4,4,Grocery,4,Divorced,7,0,15,3,2,9,260.25,9,2,48,0
52987,1,1,Phone,1,10,Debit Card,Male,3,4,Mobile Phone,3,Single,3,0,14,1,2,1,139.2,1,2,3,0
52988,0,9,Mobile Phone,3,23,E wallet,Male,4,4,Fashion,4,Divorced,2,0,16,4,7,10,205.2,10,7,72,0
52989,0,10,Computer,1,25,Debit Card,Male,3,3,Mobile Phone,2,Divorced,6,0,19,1,2,1,161.88,1,2,30,0
52990,0,25,Mobile Phone,1,9,Credit Card,Male,3,6,Laptop & Accessory,4,Married,7,0,19,1,2,3,179.82,3,2,75,0
52991,0,15,Mobile Phone,3,9,Debit Card,Male,3,4,Grocery,4,Single,3,0,20,1,2,5,285.15,5,2,45,0
52992,0,1,Phone,3,17,Credit Card,Female,4,5,Mobile Phone,3,Single,3,0,13,2,2,1,137.0,1,2,3,0
52993,0,2,Mobile Phone,1,23,Credit Card,Male,4,3,Laptop & Accessory,5,Single,2,0,20,1,2,8,181.61,8,2,6,0
52994,0,5,Mobile Phone,3,14,Cash on Delivery,Male,4,3,Laptop & Accessory,2,Divorced,6,0,12,4,8,8,194.29,8,8,45,0
52995,0,13,Mobile Phone,1,7,Credit Card,Male,3,3,Fashion,2,Married,2,0,18,4,4,3,221.13,3,4,65,0
52996,0,10,Computer,1,31,Debit Card,Female,3,4,Laptop & Accessory,4,Divorced,9,0,16,1,2,9,181.74,9,2,30,0
52997,0,6,Mobile Phone,3,14,Debit Card,Male,4,5,Laptop & Accessory,3,Divorced,3,0,15,2,5,9,179.84,9,5,36,0
52998,0,12,Mobile Phone,1,32,Debit Card,Female,3,5,Fashion,4,Divorced,5,0,18,2,2,2,245.61,2,2,36,0
52999,0,31,Computer,1,7,Debit Card,Male,3,6,Laptop & Accessory,3,Married,4,1,14,2,2,3,181.6,3,2,93,4
53000,0,5,Mobile Phone,1,12,COD,Male,3,4,Mobile Phone,2,Divorced,2,1,13,1,2,4,173.21,4,2,15,5
53001,0,5,Mobile Phone,2,9,UPI,Male,4,5,Laptop & Accessory,5,Divorced,5,0,13,1,2,1,189.1,1,2,15,0
53002,0,19,Computer,1,14,Debit Card,Male,4,4,Fashion,5,Married,3,0,19,6,10,12,177.1,12,10,209,0
53003,0,5,Mobile Phone,1,9,Debit Card,Male,3,4,Mobile Phone,2,Married,2,1,19,2,3,3,151.95,3,3,20,4
53004,0,7,Computer,1,12,Debit Card,Female,4,4,Fashion,4,Divorced,8,0,12,3,2,9,243.78,9,2,21,0
53005,0,13,Mobile Phone,1,17,Credit Card,Male,3,4,Grocery,5,Divorced,3,1,15,12,12,11,295.68,11,12,169,12
53006,0,17,Computer,1,17,Debit Card,Female,3,4,Mobile Phone,2,Single,2,0,20,1,2,8,149.55,8,2,51,0
53007,0,23,Mobile Phone,1,7,Cash on Delivery,Female,3,5,Grocery,3,Single,9,1,13,1,2,8,264.64,8,2,69,9
53008,1,16,Mobile Phone,1,15,Credit Card,Male,3,5,Laptop & Accessory,4,Divorced,4,0,16,8,8,8,174.41,8,8,144,0
53009,0,1,Mobile Phone,1,12,Debit Card,Female,3,4,Mobile Phone,4,Single,3,1,13,1,2,3,149.78,3,2,3,4
53010,0,6,Mobile Phone,3,15,COD,Female,4,5,Laptop & Accessory,4,Divorced,3,1,12,7,12,10,177.28,10,12,78,11
53011,0,1,Mobile Phone,3,9,Debit Card,Male,4,4,Laptop & Accessory,3,Single,3,1,12,2,2,5,169.78,5,2,3,6
53012,0,5,Mobile Phone,3,14,E wallet,Male,4,4,Laptop & Accessory,2,Married,6,0,13,1,2,8,200.47,8,2,15,0
53013,0,6,Mobile Phone,1,9,Credit Card,Female,4,3,Laptop & Accessory,2,Single,9,0,17,2,2,8,175.55,8,2,18,0
53014,1,1,Mobile Phone,1,9,Credit Card,Male,3,6,Mobile Phone,2,Divorced,7,1,14,3,3,3,159.64,3,3,4,4
53015,0,4,Mobile Phone,1,35,Credit Card,Female,4,4,Laptop & Accessory,2,Divorced,3,0,14,1,2,10,182.75,10,2,12,0
53016,0,5,Computer,1,14,Debit Card,Female,3,5,Fashion,3,Divorced,3,0,25,4,9,3,214.43,3,9,50,0
53017,0,13,Computer,1,6,Credit Card,Male,3,5,Others,2,Divorced,3,0,15,10,14,4,317.72,4,14,195,0
53018,1,3,Mobile Phone,3,10,Credit Card,Female,3,4,Laptop & Accessory,3,Divorced,6,1,19,2,2,1,177.38,1,2,9,2
53019,0,7,Computer,3,17,E wallet,Male,3,5,Laptop & Accessory,2,Single,5,0,15,2,2,2,171.82,2,2,21,0
53020,0,21,Mobile Phone,1,12,Debit Card,Male,3,4,Others,3,Divorced,6,0,15,1,2,2,308.0,2,2,63,0
53021,0,17,Computer,1,17,Debit Card,Female,3,5,Laptop & Accessory,3,Married,3,0,12,1,2,1,177.57,1,2,51,0
53022,0,1,Computer,3,7,E wallet,Male,4,4,Laptop & Accessory,4,Divorced,2,1,14,1,2,5,188.49,5,2,3,6
53023,0,28,Computer,1,27,Debit Card,Female,3,4,Laptop & Accessory,3,Single,5,0,13,2,2,4,173.69,4,2,84,0
53024,0,17,Mobile Phone,1,14,Debit Card,Female,3,4,Fashion,5,Divorced,10,0,17,2,2,3,224.85,3,2,51,0
53025,0,19,Mobile Phone,1,15,UPI,Male,4,4,Laptop & Accessory,2,Divorced,11,0,15,8,10,9,161.97,9,10,209,0
53026,0,14,Mobile Phone,3,7,Credit Card,Male,3,6,Laptop & Accessory,2,Divorced,4,1,23,2,2,3,199.57,3,2,42,4
53027,1,1,Phone,1,15,UPI,Male,4,6,Mobile Phone,5,Divorced,3,1,12,2,2,8,146.19,8,2,3,9
53028,0,3,Mobile Phone,1,16,UPI,Male,2,5,Mobile Phone,2,Single,2,0,18,3,3,3,164.83,3,3,12,0
53029,0,4,Mobile Phone,3,12,E wallet,Female,2,5,Laptop & Accessory,3,Married,3,0,14,1,2,3,186.18,3,2,12,0
53030,0,1,Mobile Phone,3,15,E wallet,Female,3,4,Laptop & Accessory,4,Divorced,3,0,19,1,2,8,187.14,8,2,3,0
53031,0,11,Mobile Phone,1,12,Credit Card,Male,4,4,Laptop & Accessory,2,Married,9,0,17,1,2,5,188.47,5,2,33,0
53032,0,12,Mobile Phone,1,22,Debit Card,Male,4,5,Fashion,2,Married,2,1,15,2,2,10,240.1,10,2,36,11
53033,0,5,Mobile Phone,1,14,Credit Card,Female,3,4,Fashion,2,Single,3,1,15,3,5,11,196.43,11,5,30,12
53034,0,3,Mobile Phone,3,17,E wallet,Female,3,5,Laptop & Accessory,4,Married,3,1,15,1,2,8,207.68,8,2,9,9
53035,0,9,Mobile Phone,1,12,Cash on Delivery,Male,4,4,Fashion,4,Single,2,0,14,1,2,14,205.95,14,2,27,0
53036,0,1,Mobile Phone,1,33,Debit Card,Male,3,4,Mobile Phone,2,Married,3,0,13,2,2,3,154.04,3,2,3,0
53037,0,15,Mobile Phone,1,13,Credit Card,Male,4,5,Laptop & Accessory,4,Single,8,1,16,2,2,3,185.32,3,2,45,4
53038,0,21,Computer,3,11,Credit Card,Male,3,4,Laptop & Accessory,3,Single,5,0,20,1,2,1,154.76,1,2,63,0
53039,0,16,Mobile Phone,1,30,Debit Card,Female,3,4,Grocery,2,Single,4,0,15,1,2,1,284.92,1,2,48,0
53040,0,3,Computer,3,9,Debit Card,Male,4,4,Laptop & Accessory,3,Divorced,3,0,15,2,2,3,171.49,3,2,9,0
53041,0,16,Mobile Phone,2,9,COD,Male,3,4,Mobile Phone,3,Married,2,1,12,2,2,1,151.96,1,2,48,2
53042,0,6,Phone,1,9,Credit Card,Female,4,4,Mobile Phone,4,Divorced,3,0,14,1,2,8,148.7,8,2,18,0
53043,0,22,Mobile Phone,3,36,Credit Card,Female,4,4,Fashion,3,Divorced,5,0,22,1,2,1,250.04,1,2,66,0
53044,0,11,Mobile Phone,1,13,Credit Card,Male,3,3,Laptop & Accessory,5,Married,6,1,14,3,7,8,184.74,8,7,88,9
53045,0,4,Computer,3,32,COD,Female,3,4,Laptop & Accessory,3,Divorced,9,1,13,2,3,3,172.36,3,3,16,4
53046,0,1,Mobile Phone,3,7,Debit Card,Male,3,4,Laptop & Accessory,3,Divorced,3,0,18,3,8,8,177.96,8,8,9,0
53047,0,16,Mobile Phone,1,9,UPI,Male,4,5,Laptop & Accessory,2,Single,5,0,24,1,2,1,192.81,1,2,48,0
53048,1,1,Computer,3,7,COD,Female,3,5,Mobile Phone,4,Single,3,1,12,2,2,3,146.74,3,2,3,4
53049,0,10,Computer,3,7,Credit Card,Female,3,4,Laptop & Accessory,2,Single,6,0,16,2,2,1,191.53,1,2,30,0
53050,0,10,Computer,3,10,Credit Card,Male,3,5,Fashion,2,Divorced,6,0,12,1,2,3,221.99,3,2,30,0
53051,0,31,Mobile Phone,1,7,Credit Card,Male,3,4,Laptop & Accessory,3,Divorced,4,0,12,2,2,3,192.55,3,2,93,0
53052,0,14,Phone,1,17,Debit Card,Female,3,3,Mobile Phone,3,Divorced,5,1,14,1,2,8,147.13,8,2,42,9
53053,0,1,Computer,3,16,Credit Card,Male,3,4,Mobile Phone,2,Single,3,0,25,1,3,3,151.1,3,3,4,0
53054,1,1,Mobile Phone,3,12,E wallet,Female,3,4,Mobile Phone,3,Single,3,1,14,2,2,1,153.51,1,2,3,2
53055,0,11,Mobile Phone,1,17,Credit Card,Female,4,4,Mobile Phone,5,Divorced,8,0,21,2,2,4,159.52,4,2,33,0
53056,0,20,Computer,1,14,Credit Card,Female,2,4,Laptop & Accessory,3,Divorced,4,0,15,1,2,1,177.58,1,2,60,0
53057,1,5,Computer,3,11,E wallet,Male,3,4,Laptop & Accessory,4,Single,3,0,19,8,8,3,218.55,3,8,45,0
53058,0,24,Mobile Phone,1,17,Cash on Delivery,Male,4,5,Fashion,2,Single,8,0,16,1,2,3,229.96,3,2,72,0
53059,1,4,Mobile Phone,3,29,E wallet,Male,4,5,Laptop & Accessory,3,Divorced,4,1,13,2,2,1,188.8,1,2,12,2
53060,0,5,Mobile Phone,1,16,Debit Card,Male,3,5,Mobile Phone,4,Single,2,1,17,2,3,3,151.57,3,3,20,4
53061,1,1,Mobile Phone,3,19,Debit Card,Female,3,3,Mobile Phone,4,Single,3,0,16,1,2,1,152.16,1,2,3,0
53062,0,3,Phone,1,30,Debit Card,Male,3,4,Mobile Phone,2,Single,11,0,17,2,2,3,147.01,3,2,9,0
53063,0,9,Mobile Phone,1,16,Debit Card,Male,4,5,Laptop & Accessory,4,Single,11,0,20,2,2,1,190.4,1,2,27,0
53064,0,1,Mobile Phone,1,7,Credit Card,Male,3,4,Mobile Phone,4,Married,3,0,12,1,2,5,163.16,5,2,3,0
53065,0,2,Mobile Phone,3,16,Debit Card,Male,4,4,Laptop & Accessory,2,Single,3,0,17,2,2,8,177.53,8,2,6,0
53066,0,23,Mobile Phone,1,14,UPI,Male,3,5,Fashion,3,Single,10,0,25,2,2,1,170.0,1,2,69,0
53067,0,25,Mobile Phone,3,21,Debit Card,Female,3,4,Laptop & Accessory,2,Divorced,6,0,12,1,2,8,174.36,8,2,75,0
53068,0,10,Mobile Phone,1,9,Debit Card,Female,4,4,Mobile Phone,3,Divorced,6,0,14,2,3,3,150.43,3,3,40,0
53069,1,1,Computer,3,26,E wallet,Male,4,3,Laptop & Accessory,2,Single,10,1,14,2,2,5,178.04,5,2,3,6
53070,0,29,Mobile Phone,1,9,Debit Card,Female,4,4,Grocery,2,Single,4,1,14,1,2,3,291.59,3,2,87,4
53071,0,1,Mobile Phone,3,17,E wallet,Female,4,4,Laptop & Accessory,3,Married,3,1,13,1,2,4,167.6,4,2,3,5
53072,0,4,Mobile Phone,3,9,COD,Male,4,4,Mobile Phone,4,Divorced,3,0,19,2,2,1,149.76,1,2,12,0
53073,1,1,Computer,1,10,COD,Male,4,4,Mobile Phone,5,Single,2,0,23,1,2,5,156.02,5,2,3,0
53074,0,1,Phone,1,18,Credit Card,Female,3,4,Mobile Phone,4,Divorced,3,0,14,2,2,3,147.44,3,2,3,0
53075,0,10,Mobile Phone,3,9,Credit Card,Male,4,5,Fashion,3,Divorced,3,0,14,10,10,1,200.96,1,10,110,0
53076,1,1,Computer,1,11,COD,Male,3,4,Mobile Phone,2,Single,20,1,24,2,2,1,147.85,1,2,3,2
53077,0,11,Mobile Phone,1,21,Debit Card,Female,4,4,Mobile Phone,5,Married,3,0,13,4,13,18,155.34,18,13,154,0
53078,0,14,Mobile Phone,3,9,E wallet,Female,3,4,Laptop & Accessory,4,Married,9,0,13,1,2,4,182.15,4,2,42,0
53079,0,16,Mobile Phone,1,7,Debit Card,Female,4,4,Mobile Phone,5,Married,5,0,17,2,2,3,150.76,3,2,48,0
53080,0,11,Mobile Phone,1,17,Debit Card,Male,3,4,Laptop & Accessory,4,Single,4,1,13,1,2,2,166.97,2,2,33,3
53081,0,17,Mobile Phone,1,19,Debit Card,Male,3,5,Grocery,4,Married,3,0,12,1,4,10,268.36,10,4,85,0
53082,0,14,Mobile Phone,1,9,Credit Card,Female,4,5,Laptop & Accessory,3,Divorced,8,0,23,2,2,1,159.48,1,2,42,0
53083,0,28,Mobile Phone,1,12,Credit Card,Male,3,4,Others,5,Divorced,6,0,15,2,2,3,319.06,3,2,84,0
53084,0,8,Computer,3,11,E wallet,Female,4,4,Laptop & Accessory,3,Divorced,11,0,16,2,2,3,190.38,3,2,24,0
53085,0,5,Mobile Phone,1,14,Credit Card,Female,3,4,Laptop & Accessory,5,Divorced,3,0,13,4,4,13,168.06,13,4,25,0
53086,0,17,Computer,1,28,Credit Card,Male,4,4,Mobile Phone,2,Divorced,9,0,21,1,2,3,147.58,3,2,51,0
53087,0,17,Mobile Phone,1,15,UPI,Female,4,4,Laptop & Accessory,3,Married,6,1,15,1,2,3,170.22,3,2,51,4
53088,0,1,Mobile Phone,3,11,Debit Card,Female,3,5,Laptop & Accessory,2,Single,3,1,12,1,2,4,169.87,4,2,3,5
53089,0,11,Computer,1,32,Credit Card,Female,4,4,Laptop & Accessory,3,Divorced,5,1,16,4,11,8,169.49,8,11,132,9
53090,0,5,Phone,1,7,Debit Card,Male,4,5,Mobile Phone,5,Divorced,3,0,13,1,4,3,147.18,3,4,25,0
53091,0,13,Computer,1,7,Debit Card,Male,3,4,Others,3,Married,3,1,15,1,2,7,316.97,7,2,39,8
53092,0,30,Computer,3,13,Debit Card,Female,3,3,Grocery,5,Divorced,11,0,12,3,2,8,257.12,8,2,90,0
53093,0,4,Mobile Phone,3,19,COD,Female,3,4,Laptop & Accessory,3,Single,2,0,12,4,5,5,190.77,5,5,24,0
53094,0,15,Mobile Phone,3,7,E wallet,Male,3,3,Fashion,5,Divorced,3,0,17,2,2,8,208.92,8,2,45,0
53095,0,2,Mobile Phone,1,24,Credit Card,Male,4,4,Laptop & Accessory,5,Married,3,0,13,1,2,9,170.58,9,2,6,0
53096,1,1,Mobile Phone,1,10,Credit Card,Male,4,4,Mobile Phone,5,Divorced,7,0,14,2,2,3,165.31,3,2,3,0
53097,0,26,Mobile Phone,1,10,Credit Card,Male,3,5,Fashion,3,Divorced,4,1,15,1,2,5,204.69,5,2,78,6
53098,0,19,Mobile Phone,1,17,Debit Card,Male,4,4,Mobile Phone,2,Divorced,5,0,22,2,2,3,151.54,3,2,57,0
53099,0,26,Mobile Phone,1,11,Debit Card,Female,2,4,Grocery,2,Divorced,4,0,14,1,2,5,290.55,5,2,78,0
53100,0,16,Computer,1,36,Debit Card,Female,4,4,Laptop & Accessory,3,Married,4,0,12,2,2,3,170.56,3,2,48,0
53101,0,4,Mobile Phone,1,9,Debit Card,Female,3,6,Laptop & Accessory,2,Single,4,0,21,1,2,3,185.91,3,2,12,0
53102,0,31,Mobile Phone,1,14,Debit Card,Female,3,4,Others,5,Divorced,7,0,15,1,12,11,320.66,11,12,403,0
53103,0,20,Mobile Phone,1,25,Credit Card,Female,3,4,Laptop & Accessory,3,Married,4,0,15,1,2,9,173.1,9,2,60,0
53104,0,16,Computer,1,35,COD,Female,3,5,Laptop & Accessory,2,Divorced,2,0,12,1,2,5,170.23,5,2,48,0
53105,1,1,Mobile Phone,3,7,COD,Female,4,4,Mobile Phone,4,Single,3,1,17,2,2,5,157.02,5,2,3,6
53106,1,1,Computer,3,13,E wallet,Female,3,6,Mobile Phone,3,Married,2,0,17,2,2,1,148.51,1,2,3,0
53107,0,12,Computer,1,9,Debit Card,Male,3,4,Mobile Phone,2,Divorced,3,1,24,2,2,1,142.02,1,2,36,2
53108,0,14,Mobile Phone,3,9,Debit Card,Female,4,4,Others,3,Divorced,2,0,15,1,2,13,305.41,13,2,42,0
53109,0,1,Mobile Phone,1,30,Debit Card,Female,3,4,Mobile Phone,2,Married,3,0,23,2,2,3,153.86,3,2,3,0
53110,0,4,Computer,1,10,Debit Card,Male,3,4,Mobile Phone,2,Divorced,6,0,16,1,2,5,145.97,5,2,12,0
53111,0,3,Mobile Phone,1,10,Credit Card,Male,4,5,Fashion,3,Divorced,3,0,19,2,2,8,244.35,8,2,9,0
53112,1,1,Mobile Phone,1,32,COD,Female,4,5,Mobile Phone,4,Divorced,7,0,17,1,2,2,150.46,2,2,3,0
53113,1,1,Mobile Phone,2,9,COD,Male,3,5,Mobile Phone,2,Single,3,0,13,2,2,1,150.64,1,2,3,0
53114,0,4,Computer,3,29,UPI,Female,4,4,Fashion,5,Divorced,2,0,12,3,8,9,209.12,9,8,36,0
53115,0,31,Mobile Phone,3,36,E wallet,Male,3,5,Grocery,2,Married,5,0,13,1,2,1,266.18,1,2,93,0
53116,0,24,Mobile Phone,1,36,Debit Card,Male,3,5,Grocery,3,Divorced,2,0,15,12,16,8,295.46,8,16,408,0
53117,0,4,Computer,1,9,Credit Card,Female,3,4,Mobile Phone,2,Single,2,0,15,6,7,8,150.64,8,7,32,0
53118,0,31,Computer,3,35,E wallet,Female,4,5,Fashion,5,Divorced,6,0,20,14,14,3,227.66,3,14,465,0
53119,0,21,Mobile Phone,1,9,Credit Card,Female,4,4,Laptop & Accessory,2,Married,7,0,14,1,2,5,175.7,5,2,63,0
53120,0,20,Mobile Phone,1,9,Debit Card,Male,3,4,Grocery,3,Divorced,8,0,15,1,2,2,303.61,2,2,60,0
53121,0,9,Mobile Phone,1,29,Debit Card,Male,3,6,Mobile Phone,3,Single,2,0,16,3,5,4,167.3,4,5,54,0
53122,0,28,Mobile Phone,1,15,Debit Card,Female,3,4,Laptop & Accessory,3,Single,9,0,12,2,2,1,162.8,1,2,84,0
53123,0,8,Mobile Phone,1,9,Debit Card,Male,4,5,Mobile Phone,3,Married,5,0,13,6,6,8,152.68,8,6,56,0
53124,0,20,Mobile Phone,3,17,E wallet,Female,4,5,Fashion,2,Divorced,4,1,20,2,2,3,215.71,3,2,60,4
53125,0,5,Mobile Phone,1,16,Debit Card,Male,3,4,Fashion,4,Married,3,0,26,2,2,9,231.48,9,2,15,0
53126,1,1,Mobile Phone,1,22,Credit Card,Male,3,4,Fashion,3,Divorced,9,1,13,1,8,8,261.1,8,8,9,9
53127,1,1,Mobile Phone,1,17,Credit Card,Male,3,6,Mobile Phone,2,Married,9,0,14,1,2,4,159.08,4,2,3,0
53128,0,4,Mobile Phone,3,14,E wallet,Male,3,4,Mobile Phone,4,Single,2,0,15,2,2,3,154.83,3,2,12,0
53129,0,9,Mobile Phone,1,23,Debit Card,Male,4,4,Fashion,3,Divorced,6,1,13,1,2,1,201.32,1,2,27,2
53130,1,1,Computer,1,27,Debit Card,Male,4,4,Fashion,3,Divorced,5,0,13,2,2,3,223.24,3,2,3,0
53131,1,1,Computer,2,30,UPI,Female,3,4,Fashion,5,Married,11,1,16,2,2,3,224.5,3,2,3,4
53132,0,16,Computer,1,12,UPI,Male,4,4,Mobile Phone,3,Divorced,6,0,18,3,3,1,145.93,1,3,64,0
53133,0,10,Computer,3,17,Credit Card,Male,3,4,Fashion,2,Single,3,0,15,2,10,3,224.8,3,10,110,0
53134,1,1,Computer,1,11,COD,Male,3,5,Mobile Phone,3,Single,7,0,17,2,2,3,163.94,3,2,3,0
53135,0,22,Mobile Phone,3,9,E wallet,Female,3,4,Laptop & Accessory,2,Divorced,4,0,15,5,7,8,165.51,8,7,176,0
53136,0,29,Mobile Phone,3,25,Debit Card,Female,3,4,Grocery,4,Single,5,0,15,1,8,8,293.35,8,8,261,0
53137,0,15,Computer,3,17,Debit Card,Male,3,4,Laptop & Accessory,2,Single,9,0,15,1,2,11,187.3,11,2,45,0
53138,0,9,Mobile Phone,3,7,E wallet,Male,3,4,Laptop & Accessory,3,Divorced,11,0,12,4,7,10,172.17,10,7,72,0
53139,0,14,Mobile Phone,1,13,Debit Card,Female,4,4,Grocery,3,Single,9,0,16,5,2,14,257.37,14,2,42,0
53140,0,13,Computer,1,15,Debit Card,Female,3,4,Mobile Phone,3,Divorced,3,0,12,1,2,8,162.55,8,2,39,0
53141,0,5,Mobile Phone,3,9,Debit Card,Male,4,4,Laptop & Accessory,2,Single,6,1,14,2,2,6,190.82,6,2,15,7
53142,0,16,Mobile Phone,1,31,Credit Card,Male,3,4,Fashion,5,Divorced,3,1,22,5,6,9,199.06,9,6,112,10
53143,0,19,Mobile Phone,3,9,UPI,Male,4,4,Laptop & Accessory,4,Divorced,2,0,20,4,4,8,173.05,8,4,95,0
53144,1,1,Computer,2,24,Debit Card,Female,3,4,Mobile Phone,3,Married,2,1,12,1,2,1,152.41,1,2,3,2
53145,0,3,Mobile Phone,1,26,COD,Male,3,4,Laptop & Accessory,2,Married,6,0,13,1,2,3,167.62,3,2,9,0
53146,0,7,Mobile Phone,1,7,Credit Card,Female,4,3,Grocery,3,Married,6,0,20,1,2,6,286.84,6,2,21,0
53147,0,1,Mobile Phone,3,14,Debit Card,Male,3,5,Fashion,2,Married,11,0,22,2,2,2,240.57,2,2,3,0
53148,1,1,Computer,3,12,E wallet,Male,4,4,Mobile Phone,4,Single,3,1,15,2,2,1,143.78,1,2,3,2
53149,0,14,Computer,3,35,UPI,Male,3,6,Fashion,5,Married,5,0,16,2,2,2,234.32,2,2,42,0
53150,0,15,Computer,1,9,UPI,Female,4,5,Laptop & Accessory,3,Single,4,1,18,1,2,8,193.11,8,2,45,9
53151,0,1,Mobile Phone,3,36,Credit Card,Male,3,4,Laptop & Accessory,3,Married,7,0,13,2,2,1,168.06,1,2,3,0
53152,0,9,Mobile Phone,3,7,Credit Card,Female,4,4,Laptop & Accessory,3,Single,3,0,17,1,2,4,173.59,4,2,27,0
53153,0,8,Mobile Phone,3,28,Debit Card,Male,4,3,Laptop & Accessory,2,Single,3,0,13,6,6,8,178.37,8,6,56,0
53154,1,1,Phone,1,31,COD,Male,4,6,Mobile Phone,2,Single,3,1,19,2,2,1,148.4,1,2,3,2
53155,0,11,Mobile Phone,1,7,Cash on Delivery,Female,3,4,Fashion,2,Single,6,0,18,2,2,3,199.91,3,2,33,0
53156,0,20,Computer,1,25,Credit Card,Female,3,4,Fashion,3,Divorced,7,0,12,2,2,3,230.27,3,2,60,0
53157,0,15,Mobile Phone,3,9,Debit Card,Female,4,4,Grocery,5,Divorced,9,0,17,1,12,9,290.95,9,12,195,0
53158,0,11,Computer,3,16,Credit Card,Male,4,4,Fashion,4,Married,3,0,14,7,8,3,213.34,3,8,99,0
53159,0,26,Mobile Phone,1,13,COD,Male,4,4,Laptop & Accessory,5,Married,5,1,13,3,7,10,180.77,10,7,208,11
53160,1,1,Computer,3,18,UPI,Male,3,3,Laptop & Accessory,3,Divorced,10,0,13,2,2,3,172.07,3,2,3,0
53161,0,1,Computer,3,31,Credit Card,Male,3,4,Mobile Phone,2,Divorced,2,0,14,1,3,2,149.0,2,3,4,0
53162,0,12,Mobile Phone,1,17,Credit Card,Female,4,4,Laptop & Accessory,3,Divorced,5,0,20,2,2,3,223.24,3,2,36,0
53163,0,11,Mobile Phone,1,7,Debit Card,Female,4,4,Laptop & Accessory,4,Divorced,8,0,13,4,5,4,189.47,4,5,66,0
53164,0,23,Mobile Phone,1,25,Debit Card,Male,3,5,Others,3,Married,3,1,15,1,2,10,320.02,10,2,69,11
53165,0,1,Mobile Phone,1,30,Credit Card,Male,3,3,Mobile Phone,2,Divorced,3,1,12,1,2,5,152.25,5,2,3,6
53166,0,1,Mobile Phone,3,35,E wallet,Male,4,4,Laptop & Accessory,4,Divorced,3,0,21,2,2,5,187.72,5,2,3,0
53167,0,1,Phone,1,24,UPI,Male,4,5,Mobile Phone,4,Divorced,3,0,22,2,2,1,146.27,1,2,3,0
53168,0,24,Computer,2,10,Credit Card,Male,3,4,Others,4,Divorced,3,0,15,7,11,8,307.0,8,11,288,0
53169,0,1,Phone,3,20,Credit Card,Male,3,4,Mobile Phone,3,Divorced,3,0,12,2,2,7,145.96,7,2,3,0
53170,1,1,Computer,1,14,Debit Card,Female,3,4,Mobile Phone,3,Divorced,3,1,17,1,2,3,153.86,3,2,3,4
53171,1,1,Computer,3,19,Debit Card,Male,4,5,Mobile Phone,5,Divorced,3,0,19,2,2,1,145.33,1,2,3,0
53172,0,8,Mobile Phone,1,7,Debit Card,Male,3,5,Mobile Phone,2,Divorced,3,1,14,1,2,4,161.22,4,2,24,5
53173,1,1,Mobile Phone,3,20,Credit Card,Male,3,4,Laptop & Accessory,5,Married,4,0,18,1,2,3,167.33,3,2,3,0
53174,0,9,Mobile Phone,1,32,UPI,Male,3,5,Laptop & Accessory,2,Single,6,0,15,1,2,3,161.81,3,2,27,0
53175,0,5,Mobile Phone,3,13,Credit Card,Male,4,3,Laptop & Accessory,2,Married,6,0,23,4,6,8,179.6,8,6,35,0
53176,0,1,Phone,1,13,Credit Card,Female,4,5,Mobile Phone,3,Married,2,0,13,2,2,4,146.87,4,2,3,0
53177,0,11,Mobile Phone,3,9,E wallet,Male,4,4,Laptop & Accessory,3,Divorced,6,1,12,1,2,3,221.02,3,2,33,4
53178,0,1,Mobile Phone,1,7,Debit Card,Female,3,5,Mobile Phone,4,Single,3,0,14,2,2,1,153.36,1,2,3,0
53179,0,16,Mobile Phone,1,9,Debit Card,Female,3,4,Laptop & Accessory,2,Divorced,3,0,14,3,3,3,165.89,3,3,64,0
53180,0,17,Mobile Phone,1,13,UPI,Male,3,5,Grocery,2,Married,6,1,15,1,2,1,291.27,1,2,51,2
53181,0,12,Mobile Phone,1,7,Debit Card,Female,3,4,Mobile Phone,5,Single,5,0,18,2,2,1,151.19,1,2,36,0
53182,0,17,Computer,1,16,Credit Card,Male,4,4,Laptop & Accessory,3,Married,5,1,14,3,5,8,181.79,8,5,102,9
53183,0,22,Mobile Phone,1,7,Debit Card,Female,3,5,Grocery,5,Divorced,9,0,12,1,2,3,279.02,3,2,66,0
53184,0,18,Mobile Phone,2,7,Debit Card,Female,3,5,Laptop & Accessory,3,Single,6,0,12,2,2,3,184.85,3,2,54,0
53185,0,8,Mobile Phone,3,21,COD,Female,3,4,Mobile Phone,3,Married,3,1,19,2,2,7,150.79,7,2,24,8
53186,1,1,Mobile Phone,3,9,E wallet,Male,3,4,Mobile Phone,5,Married,2,0,12,1,2,3,155.41,3,2,3,0
53187,0,1,Mobile Phone,3,29,COD,Male,3,4,Mobile Phone,3,Single,3,0,12,2,2,3,159.47,3,2,3,0
53188,0,18,Mobile Phone,1,10,UPI,Male,3,4,Others,2,Divorced,6,1,15,2,2,2,320.13,2,2,54,3
53189,0,1,Mobile Phone,1,13,Credit Card,Male,4,4,Mobile Phone,3,Divorced,2,0,21,3,3,3,152.73,3,3,4,0
53190,0,7,Mobile Phone,3,15,E wallet,Male,3,4,Laptop & Accessory,3,Married,2,0,13,2,2,3,196.04,3,2,21,0
53191,0,6,Mobile Phone,1,16,Debit Card,Female,4,4,Laptop & Accessory,2,Divorced,3,1,13,2,2,6,188.22,6,2,18,7
53192,0,4,Computer,1,10,Credit Card,Female,4,4,Mobile Phone,3,Married,3,0,21,2,2,1,145.83,1,2,12,0
53193,0,27,Mobile Phone,3,7,Credit Card,Female,3,4,Laptop & Accessory,5,Single,9,0,21,7,9,11,208.81,11,9,270,0
53194,0,8,Mobile Phone,1,7,Debit Card,Male,3,4,Mobile Phone,2,Divorced,3,0,13,7,9,9,151.91,9,9,80,0
53195,1,9,Computer,3,33,Debit Card,Female,4,4,Laptop & Accessory,5,Divorced,4,0,15,1,2,1,167.86,1,2,27,0
53196,0,1,Mobile Phone,1,13,Debit Card,Female,4,4,Mobile Phone,2,Divorced,3,1,14,1,2,3,151.59,3,2,3,4
53197,0,11,Mobile Phone,1,10,UPI,Male,3,4,Fashion,3,Divorced,3,0,16,7,8,3,219.34,3,8,99,0
53198,0,3,Mobile Phone,3,10,Credit Card,Female,4,4,Laptop & Accessory,3,Divorced,3,0,15,1,2,3,180.61,3,2,9,0
53199,0,9,Mobile Phone,1,13,Debit Card,Male,3,6,Laptop & Accessory,2,Single,3,0,14,12,12,9,191.46,9,12,117,0
53200,0,7,Computer,1,13,Debit Card,Male,2,4,Laptop & Accessory,2,Married,5,0,24,5,5,8,202.25,8,5,42,0
53201,0,28,Mobile Phone,2,26,Credit Card,Male,3,4,Fashion,4,Divorced,4,0,16,4,2,2,232.25,2,2,84,0
53202,0,10,Mobile Phone,1,16,Credit Card,Male,3,5,Laptop & Accessory,4,Married,4,1,12,2,2,3,213.47,3,2,30,4
53203,0,1,Phone,1,10,Credit Card,Male,3,5,Mobile Phone,2,Single,2,0,14,1,2,2,145.45,2,2,3,0
53204,1,1,Phone,1,17,Credit Card,Male,3,4,Mobile,3,Single,3,1,12,1,2,2,135.09,2,2,3,3
53205,1,1,Computer,1,10,Debit Card,Male,4,4,Mobile Phone,5,Single,3,1,12,10,10,8,158.48,8,10,11,9
53206,0,9,Computer,1,10,Debit Card,Male,3,5,Mobile Phone,3,Divorced,3,0,19,2,2,1,137.81,1,2,27,0
53207,0,1,Mobile Phone,1,11,Credit Card,Male,3,3,Mobile Phone,5,Divorced,4,0,17,1,2,3,153.19,3,2,3,0
53208,0,1,Mobile Phone,3,15,Debit Card,Male,3,3,Laptop & Accessory,4,Divorced,2,0,23,1,2,3,173.51,3,2,3,0
53209,0,12,Mobile Phone,3,14,E wallet,Female,3,5,Laptop & Accessory,2,Single,2,0,21,2,2,6,165.28,6,2,36,0
53210,0,3,Computer,1,7,Debit Card,Male,4,6,Mobile Phone,2,Married,3,0,19,3,3,9,152.2,9,3,12,0
53211,0,22,Mobile Phone,3,9,E wallet,Male,3,3,Laptop & Accessory,4,Divorced,5,0,13,3,3,3,206.2,3,3,88,0
53212,0,1,Computer,3,10,Credit Card,Female,4,3,Laptop & Accessory,2,Married,3,1,21,2,2,5,171.47,5,2,3,6
53213,0,11,Mobile Phone,1,17,Debit Card,Male,4,3,Mobile Phone,2,Single,5,0,18,2,2,1,171.8,1,2,33,0
53214,0,24,Mobile Phone,1,35,Credit Card,Male,4,3,Mobile Phone,3,Divorced,3,1,12,4,4,9,157.21,9,4,120,10
53215,0,8,Mobile Phone,1,16,Credit Card,Female,3,5,Fashion,4,Single,3,0,15,5,8,3,211.21,3,8,72,0
53216,1,1,Mobile Phone,3,10,Debit Card,Female,4,4,Laptop & Accessory,3,Single,11,0,15,2,3,1,170.77,1,3,4,0
53217,0,13,Mobile Phone,1,9,COD,Female,4,5,Laptop & Accessory,3,Single,3,0,12,3,12,11,170.53,11,12,169,0
53218,0,6,Mobile Phone,3,17,E wallet,Male,3,4,Laptop & Accessory,2,Single,3,0,13,1,2,9,178.96,9,2,18,0
53219,1,14,Computer,3,15,COD,Male,3,4,Laptop & Accessory,3,Divorced,5,1,15,2,2,4,192.96,4,2,42,5
53220,0,12,Mobile Phone,1,7,Debit Card,Female,3,3,Laptop & Accessory,2,Single,2,0,14,2,2,9,201.25,9,2,36,0
53221,0,1,Mobile Phone,1,7,Debit Card,Female,4,4,Fashion,5,Divorced,3,0,12,2,2,8,199.12,8,2,3,0
53222,0,6,Mobile Phone,1,10,Debit Card,Female,3,4,Fashion,2,Single,5,0,16,4,2,8,236.59,8,2,18,0
53223,0,21,Mobile Phone,3,21,E wallet,Male,3,4,Laptop & Accessory,5,Single,4,0,13,1,2,8,174.6,8,2,63,0
53224,0,14,Computer,3,12,Debit Card,Male,3,5,Fashion,5,Divorced,7,1,22,1,2,3,229.75,3,2,42,4
53225,0,27,Mobile Phone,1,14,Debit Card,Male,3,3,Grocery,3,Divorced,5,0,20,1,2,4,273.14,4,2,81,0
53226,0,15,Mobile Phone,2,17,UPI,Male,4,5,Others,2,Married,5,0,15,13,13,7,316.41,7,13,210,0
53227,0,31,Mobile Phone,3,23,E wallet,Male,3,4,Laptop & Accessory,5,Single,10,0,15,2,3,3,179.05,3,3,124,0
53228,0,1,Computer,1,17,Debit Card,Male,3,4,Fashion,5,Married,3,0,22,2,2,3,212.93,3,2,3,0
53229,0,15,Mobile Phone,2,7,UPI,Male,3,5,Others,3,Divorced,3,0,15,3,3,11,316.89,11,3,60,0
53230,0,24,Mobile Phone,3,15,E wallet,Male,3,4,Mobile Phone,4,Divorced,9,0,16,2,3,3,163.75,3,3,96,0
53231,1,1,Phone,1,7,Debit Card,Female,4,6,Mobile Phone,4,Single,9,1,14,2,4,8,147.16,8,4,5,9
53232,0,10,Computer,1,15,Debit Card,Female,4,3,Fashion,5,Divorced,11,0,15,1,2,6,242.13,6,2,30,0
53233,0,12,Mobile Phone,1,7,Debit Card,Female,3,4,Fashion,3,Single,6,1,15,1,2,1,203.61,1,2,36,2
53234,0,18,Computer,1,31,Credit Card,Male,3,6,Mobile Phone,3,Single,4,0,15,1,2,5,162.08,5,2,54,0
53235,0,21,Computer,3,10,Credit Card,Female,3,4,Grocery,3,Married,11,1,13,1,12,14,262.7,14,12,273,15
53236,0,4,Mobile Phone,3,34,E wallet,Male,3,4,Laptop & Accessory,2,Married,9,0,24,5,8,8,178.04,8,8,36,0
53237,0,3,Mobile Phone,3,17,Debit Card,Male,3,4,Mobile Phone,3,Single,3,0,12,1,2,1,151.42,1,2,9,0
53238,1,6,Computer,1,26,Credit Card,Male,3,3,Mobile Phone,3,Married,8,1,13,3,3,3,152.59,3,3,24,4
53239,0,17,Computer,3,22,Debit Card,Male,3,5,Laptop & Accessory,2,Divorced,5,0,19,1,3,3,193.04,3,3,68,0
53240,0,8,Mobile Phone,1,15,Credit Card,Female,4,4,Laptop & Accessory,3,Single,5,0,12,2,5,4,186.42,4,5,48,0
53241,0,1,Mobile Phone,1,16,Credit Card,Male,3,4,Mobile Phone,5,Divorced,3,0,15,1,2,3,150.0,3,2,3,0
53242,0,13,Mobile Phone,2,10,UPI,Female,3,3,Laptop & Accessory,4,Divorced,11,0,16,4,4,7,188.89,7,4,65,0
53243,0,30,Mobile Phone,1,16,Credit Card,Male,3,4,Grocery,2,Divorced,9,0,12,1,2,2,236.03,2,2,90,0
53244,0,14,Phone,1,9,Credit Card,Female,3,5,Mobile Phone,2,Single,2,1,21,3,3,4,148.42,4,3,56,5
53245,0,1,Mobile Phone,1,14,Credit Card,Female,3,5,Laptop & Accessory,5,Single,10,0,20,2,2,8,193.11,8,2,3,0
53246,0,3,Phone,3,17,E wallet,Male,3,4,Mobile Phone,4,Married,3,0,15,1,3,3,147.97,3,3,12,0
53247,0,27,Phone,1,13,Debit Card,Male,3,4,Laptop & Accessory,2,Single,4,0,18,2,3,3,149.5,3,3,108,0
53248,0,9,Computer,1,9,Debit Card,Female,4,4,Laptop & Accessory,5,Married,4,0,12,1,2,1,175.93,1,2,27,0
53249,0,6,Computer,1,31,Debit Card,Male,4,4,Laptop & Accessory,2,Divorced,3,0,16,3,5,8,178.09,8,5,36,0
53250,0,12,Mobile Phone,1,9,Credit Card,Male,4,4,Mobile Phone,3,Divorced,8,1,14,1,2,2,155.57,2,2,36,3
53251,0,8,Mobile Phone,1,15,Debit Card,Female,3,4,Laptop & Accessory,5,Married,5,0,15,2,2,1,176.21,1,2,24,0
53252,0,26,Mobile Phone,3,10,E wallet,Male,3,5,Grocery,5,Divorced,3,0,15,2,2,17,293.56,17,2,78,0
53253,1,1,Mobile Phone,1,7,UPI,Male,4,4,Mobile Phone,2,Single,3,1,14,6,8,9,151.86,9,8,9,10
53254,0,1,Mobile Phone,3,33,Credit Card,Female,3,4,Laptop & Accessory,2,Single,3,0,24,1,2,5,186.8,5,2,3,0
53255,0,19,Mobile Phone,3,9,COD,Male,3,6,Laptop & Accessory,3,Single,2,0,14,1,4,2,191.32,2,4,95,0
53256,0,1,Mobile Phone,1,17,Credit Card,Male,4,3,Mobile Phone,3,Single,3,0,19,2,2,3,160.05,3,2,3,0
53257,1,11,Computer,3,34,Debit Card,Female,4,2,Laptop & Accessory,3,Single,6,1,13,2,2,4,188.97,4,2,33,5
53258,0,8,Mobile Phone,3,9,UPI,Male,3,4,Laptop & Accessory,2,Single,3,0,23,1,2,5,187.74,5,2,24,0
53259,1,19,Mobile Phone,1,9,Credit Card,Male,4,4,Others,5,Divorced,7,1,14,2,2,5,323.59,5,2,57,6
53260,0,10,Computer,3,15,Debit Card,Male,4,5,Fashion,5,Single,3,0,16,1,2,10,200.87,10,2,30,0
53261,0,26,Computer,1,26,Credit Card,Male,3,4,Mobile Phone,2,Divorced,2,0,19,2,2,3,167.58,3,2,78,0
53262,0,1,Computer,1,7,Debit Card,Female,4,6,Mobile Phone,2,Married,5,0,15,3,3,1,168.64,1,3,4,0
53263,0,3,Mobile Phone,1,34,Credit Card,Female,4,4,Laptop & Accessory,3,Divorced,6,0,13,2,2,2,168.35,2,2,9,0
53264,1,1,Mobile Phone,3,15,COD,Male,3,5,Laptop & Accessory,5,Single,8,0,18,2,2,3,178.26,3,2,3,0
53265,0,8,Mobile Phone,1,7,Debit Card,Female,4,2,Mobile Phone,2,Single,4,0,17,1,2,4,157.8,4,2,24,0
53266,0,28,Mobile Phone,1,26,Credit Card,Female,4,4,Laptop & Accessory,5,Married,11,1,12,1,2,5,179.85,5,2,84,6
53267,0,3,Computer,3,6,E wallet,Male,3,4,Laptop & Accessory,2,Divorced,2,0,20,1,2,2,168.42,2,2,9,0
53268,0,11,Mobile Phone,1,17,Debit Card,Female,3,4,Mobile Phone,5,Married,2,1,14,4,5,4,152.82,4,5,66,5
53269,0,12,Computer,1,9,Debit Card,Female,4,2,Laptop & Accessory,5,Single,8,1,13,5,5,13,184.8,13,5,72,14
53270,0,8,Mobile Phone,1,9,Credit Card,Female,3,5,Mobile Phone,5,Single,3,0,12,2,2,4,168.81,4,2,24,0
53271,0,9,Mobile Phone,3,15,Debit Card,Female,4,4,Mobile Phone,2,Divorced,3,0,17,1,2,3,150.72,3,2,27,0
53272,0,4,Mobile Phone,1,7,Debit Card,Male,3,6,Mobile Phone,3,Divorced,5,0,22,2,2,3,163.33,3,2,12,0
53273,0,14,Computer,1,9,Credit Card,Female,3,2,Laptop & Accessory,4,Divorced,3,0,25,1,4,8,167.44,8,4,70,0
53274,0,8,Mobile Phone,3,15,Debit Card,Female,4,4,Laptop & Accessory,5,Divorced,7,0,18,2,2,3,190.0,3,2,24,0
53275,0,16,Computer,1,15,Debit Card,Male,4,4,Others,2,Married,3,0,15,1,15,10,309.3,10,15,256,0
53276,1,1,Phone,1,13,Debit Card,Male,4,2,Mobile Phone,5,Divorced,3,1,22,2,2,1,141.01,1,2,3,2
53277,0,1,Computer,1,16,Debit Card,Male,3,5,Mobile Phone,4,Married,3,0,12,2,2,1,151.94,1,2,3,0
53278,0,26,Mobile Phone,1,18,Debit Card,Female,3,4,Laptop & Accessory,3,Divorced,10,0,21,2,2,5,156.49,5,2,78,0
53279,0,24,Mobile Phone,1,9,Credit Card,Male,4,4,Grocery,3,Divorced,7,0,15,1,2,4,301.39,4,2,72,0
53280,1,1,Phone,1,7,Debit Card,Female,3,5,Mobile Phone,5,Divorced,3,1,12,1,2,1,148.19,1,2,3,2
53281,0,7,Mobile Phone,1,14,Credit Card,Male,3,4,Fashion,3,Divorced,2,0,12,1,2,8,241.91,8,2,21,0
53282,1,1,Mobile Phone,3,23,E wallet,Female,4,4,Laptop & Accessory,5,Single,7,0,16,2,2,3,178.24,3,2,3,0
53283,0,21,Mobile Phone,1,9,UPI,Female,3,4,Grocery,2,Divorced,3,1,15,4,4,1,292.52,1,4,105,2
53284,0,10,Mobile Phone,1,7,UPI,Female,3,4,Laptop & Accessory,4,Divorced,2,0,16,1,2,6,177.28,6,2,30,0
53285,0,3,Mobile Phone,1,30,Debit Card,Male,3,2,Mobile Phone,3,Divorced,3,0,25,2,2,8,152.0,8,2,9,0
53286,1,21,Mobile Phone,1,9,Debit Card,Male,3,4,Others,4,Single,9,1,15,6,14,9,317.46,9,14,315,10
53287,0,9,Mobile Phone,1,7,Debit Card,Female,3,2,Mobile Phone,3,Single,5,0,14,1,3,3,150.06,3,3,36,0
53288,0,16,Mobile Phone,1,7,Debit Card,Female,3,5,Laptop & Accessory,2,Divorced,11,1,14,1,2,3,185.62,3,2,48,4
53289,1,1,Mobile Phone,1,9,Credit Card,Male,3,4,Mobile Phone,3,Single,8,0,18,1,3,2,168.82,2,3,4,0
53290,0,10,Phone,2,20,UPI,Male,3,4,Mobile Phone,4,Divorced,5,0,14,2,2,5,146.43,5,2,30,0
53291,0,6,Mobile Phone,1,11,Debit Card,Female,4,5,Laptop & Accessory,3,Divorced,3,0,13,2,7,9,186.62,9,7,48,0
53292,0,14,Computer,1,23,Credit Card,Male,3,5,Laptop & Accessory,3,Single,8,0,15,2,2,1,175.94,1,2,42,0
53293,0,4,Mobile Phone,1,9,Credit Card,Female,3,5,Laptop & Accessory,2,Single,7,1,25,2,2,1,193.77,1,2,12,2
53294,0,19,Phone,1,9,Debit Card,Female,4,5,Mobile Phone,3,Single,3,0,15,2,2,1,147.74,1,2,57,0
53295,0,16,Mobile Phone,1,36,Debit Card,Male,4,4,Laptop & Accessory,4,Divorced,3,0,14,3,8,9,169.34,9,8,144,0
53296,0,12,Computer,1,19,Debit Card,Male,3,5,Laptop & Accessory,5,Married,4,0,16,2,2,3,187.88,3,2,36,0
53297,0,8,Computer,1,23,Debit Card,Female,4,5,Mobile Phone,2,Single,3,0,17,2,2,4,150.53,4,2,24,0
53298,1,13,Mobile Phone,3,18,E wallet,Female,3,4,Fashion,2,Divorced,3,0,19,1,8,8,201.54,8,8,117,0
53299,1,19,Mobile Phone,3,9,Credit Card,Male,3,4,Laptop & Accessory,2,Single,6,0,17,1,8,4,176.6,4,8,171,0
53300,0,17,Mobile Phone,1,21,Debit Card,Male,4,4,Grocery,5,Divorced,8,0,15,2,2,1,296.59,1,2,51,0
53301,0,1,Mobile Phone,1,12,Cash on Delivery,Male,3,5,Fashion,2,Married,3,1,17,1,2,9,253.08,9,2,3,10
53302,0,9,Mobile Phone,1,14,UPI,Male,3,4,Fashion,3,Single,5,0,22,1,2,3,227.21,3,2,27,0
53303,0,2,Mobile Phone,3,9,E wallet,Female,3,4,Laptop & Accessory,4,Divorced,3,1,21,8,8,6,172.79,6,8,18,7
53304,0,8,Mobile Phone,2,10,UPI,Male,3,4,Mobile Phone,2,Divorced,2,0,20,2,2,3,162.37,3,2,24,0
53305,1,1,Computer,1,12,Credit Card,Female,3,5,Mobile Phone,3,Divorced,3,1,15,1,2,8,148.66,8,2,3,9
53306,0,1,Computer,1,10,Credit Card,Male,3,4,Mobile Phone,2,Divorced,3,0,12,2,2,1,142.06,1,2,3,0
53307,0,25,Mobile Phone,3,33,E wallet,Female,4,4,Grocery,3,Divorced,4,0,15,1,5,18,288.07,18,5,150,0
53308,0,18,Mobile Phone,1,11,Credit Card,Male,3,4,Laptop & Accessory,4,Single,11,0,13,2,3,4,184.33,4,3,72,0
53309,0,1,Mobile Phone,1,9,Credit Card,Male,4,2,Mobile Phone,5,Single,9,0,14,2,2,2,159.24,2,2,3,0
53310,0,7,Mobile Phone,3,7,Credit Card,Male,3,2,Laptop & Accessory,5,Married,3,0,23,1,2,9,165.37,9,2,21,0
53311,0,9,Mobile Phone,1,34,Credit Card,Female,3,5,Mobile Phone,5,Single,3,0,12,2,2,2,150.59,2,2,27,0
53312,0,10,Mobile Phone,3,7,Debit Card,Male,3,4,Laptop & Accessory,2,Divorced,3,1,15,3,5,12,187.01,12,5,60,13
53313,0,6,Mobile Phone,3,20,Debit Card,Male,4,4,Laptop & Accessory,2,Married,4,0,12,1,2,4,169.03,4,2,18,0
53314,0,4,Computer,1,12,Debit Card,Male,4,5,Mobile Phone,2,Married,11,0,13,1,2,4,162.61,4,2,12,0
53315,0,27,Mobile Phone,3,14,E wallet,Female,4,5,Fashion,2,Divorced,9,1,19,1,2,5,234.34,5,2,81,6
53316,0,19,Mobile Phone,3,16,E wallet,Male,4,4,Fashion,5,Married,6,1,13,2,2,3,232.61,3,2,57,4
53317,0,6,Mobile Phone,1,15,Credit Card,Female,4,2,Laptop & Accessory,3,Divorced,7,0,13,2,2,4,176.75,4,2,18,0
53318,0,26,Computer,1,32,Credit Card,Female,3,5,Grocery,2,Divorced,5,0,23,1,2,1,263.26,1,2,78,0
53319,0,11,Mobile Phone,3,23,E wallet,Male,4,5,Laptop & Accessory,3,Married,6,0,20,2,2,1,188.34,1,2,33,0
53320,0,2,Mobile Phone,2,15,Credit Card,Male,4,5,Mobile Phone,2,Married,3,0,14,1,2,5,174.36,5,2,6,0
53321,0,1,Mobile Phone,1,7,Debit Card,Male,3,5,Laptop & Accessory,2,Divorced,8,0,23,3,3,3,172.75,3,3,4,0
53322,0,18,Mobile Phone,1,15,Debit Card,Male,4,2,Mobile Phone,2,Divorced,4,1,25,2,2,3,153.18,3,2,54,4
53323,0,16,Computer,1,9,Credit Card,Male,3,4,Mobile Phone,2,Single,7,1,15,1,3,3,150.15,3,3,64,4
53324,0,10,Phone,2,15,Debit Card,Male,4,5,Mobile Phone,5,Divorced,2,0,22,2,2,4,148.42,4,2,30,0
53325,0,1,Mobile Phone,3,10,UPI,Male,4,4,Laptop & Accessory,5,Divorced,3,1,19,2,2,4,166.94,4,2,3,5
53326,0,9,Mobile Phone,1,16,Debit Card,Female,4,5,Fashion,3,Divorced,3,1,21,3,2,16,231.85,16,2,27,17
53327,1,1,Computer,1,32,Debit Card,Female,4,4,Mobile Phone,4,Married,3,1,20,1,8,9,145.22,9,8,9,10
53328,0,6,Computer,1,7,Debit Card,Male,4,4,Mobile Phone,2,Married,2,0,13,1,2,3,148.14,3,2,18,0
53329,0,1,Mobile Phone,3,11,E wallet,Male,3,5,Laptop & Accessory,5,Divorced,3,0,13,2,2,4,167.56,4,2,3,0
53330,0,23,Mobile Phone,1,7,COD,Female,3,4,Mobile Phone,5,Divorced,4,0,17,2,2,3,160.8,3,2,69,0
53331,0,1,Computer,1,11,Debit Card,Male,3,5,Mobile Phone,2,Divorced,2,0,18,1,4,5,156.62,5,4,5,0
53332,0,6,Computer,3,12,Debit Card,Male,3,4,Laptop & Accessory,4,Divorced,3,0,15,3,6,4,190.24,4,6,42,0
53333,0,12,Mobile Phone,3,16,E wallet,Male,4,5,Mobile Phone,4,Divorced,2,0,20,1,2,3,153.99,3,2,36,0
53334,0,16,Mobile Phone,1,10,Debit Card,Female,4,2,Laptop & Accessory,2,Divorced,4,1,14,1,2,4,177.31,4,2,48,5
53335,0,5,Phone,1,18,Debit Card,Male,3,4,Mobile Phone,2,Divorced,5,1,20,2,2,3,148.56,3,2,15,4
53336,1,1,Mobile Phone,3,7,Credit Card,Female,3,5,Mobile Phone,3,Married,8,1,20,1,2,3,153.0,3,2,3,4
53337,0,27,Mobile Phone,3,15,E wallet,Male,4,4,Grocery,2,Divorced,7,0,15,1,2,3,243.36,3,2,81,0
53338,0,9,Mobile Phone,1,32,Cash on Delivery,Male,4,5,Fashion,4,Divorced,5,0,17,4,2,9,234.03,9,2,27,0
53339,0,11,Computer,3,28,Credit Card,Female,3,4,Mobile Phone,2,Divorced,7,0,16,2,2,1,154.73,1,2,33,0
53340,0,27,Mobile Phone,1,30,Debit Card,Female,4,4,Grocery,2,Single,8,0,19,1,4,9,267.75,9,4,135,0
53341,0,17,Computer,1,7,Debit Card,Female,3,4,Laptop & Accessory,2,Divorced,6,0,14,2,3,3,180.62,3,3,68,0
53342,0,21,Mobile Phone,3,9,E wallet,Female,3,4,Laptop & Accessory,2,Divorced,2,1,23,6,8,8,170.37,8,8,189,9
53343,0,11,Computer,3,26,Credit Card,Male,3,4,Fashion,4,Single,3,1,14,1,2,10,201.42,10,2,33,11
53344,0,24,Computer,1,9,Debit Card,Male,4,4,Grocery,5,Married,3,0,15,14,15,8,304.24,8,15,384,0
53345,0,13,Mobile Phone,2,9,Debit Card,Female,3,5,Laptop & Accessory,2,Divorced,10,0,12,1,2,5,177.04,5,2,39,0
53346,0,7,Phone,2,10,UPI,Male,3,4,Mobile Phone,4,Married,5,1,12,1,2,4,147.77,4,2,21,5
53347,1,1,Mobile Phone,1,32,Debit Card,Male,3,4,Mobile Phone,2,Single,3,1,25,2,2,2,152.95,2,2,3,3
53348,0,3,Mobile Phone,1,14,Credit Card,Female,4,5,Mobile Phone,2,Married,8,0,15,2,2,4,150.32,4,2,9,0
53349,0,18,Mobile Phone,1,16,Debit Card,Male,4,4,Mobile Phone,5,Divorced,3,1,14,3,8,2,150.59,2,8,162,3
53350,0,2,Mobile Phone,3,12,Credit Card,Male,4,4,Laptop & Accessory,2,Single,3,0,15,2,2,3,174.08,3,2,6,0
53351,1,21,Computer,1,9,Debit Card,Male,3,5,Mobile Phone,2,Married,11,1,15,1,2,1,148.8,1,2,63,2
53352,0,17,Mobile Phone,1,15,Debit Card,Female,3,4,Laptop & Accessory,4,Married,6,0,22,2,2,1,172.65,1,2,51,0
53353,1,1,Phone,3,9,Credit Card,Female,3,5,Mobile Phone,3,Single,3,0,14,1,2,3,145.44,3,2,3,0
53354,1,1,Mobile Phone,1,25,UPI,Female,4,4,Mobile Phone,2,Single,3,0,20,2,2,1,151.93,1,2,3,0
53355,0,10,Mobile Phone,1,21,Debit Card,Male,4,4,Laptop & Accessory,2,Divorced,2,1,18,5,5,12,190.86,12,5,60,13
53356,0,21,Mobile Phone,3,9,Debit Card,Female,4,5,Mobile Phone,2,Single,3,1,19,2,2,3,157.94,3,2,63,4
53357,1,1,Mobile Phone,1,10,Debit Card,Female,3,4,Laptop & Accessory,3,Divorced,2,1,20,2,2,3,166.71,3,2,3,4
53358,1,5,Mobile Phone,1,9,Debit Card,Female,3,6,Mobile Phone,2,Married,6,1,14,1,2,1,152.78,1,2,15,2
53359,0,2,Phone,1,16,Credit Card,Female,4,4,Mobile Phone,3,Married,7,0,19,3,3,3,148.77,3,3,8,0
53360,1,3,Phone,1,13,Credit Card,Male,4,4,Mobile Phone,5,Divorced,9,1,22,2,3,3,149.04,3,3,12,4
53361,0,1,Phone,1,11,Debit Card,Female,4,4,Mobile Phone,3,Single,3,0,20,2,2,1,148.18,1,2,3,0
53362,0,8,Phone,1,17,Debit Card,Male,3,4,Mobile Phone,4,Married,3,0,15,2,2,1,145.08,1,2,24,0
53363,0,16,Mobile Phone,3,21,Credit Card,Female,4,5,Laptop & Accessory,3,Single,9,0,18,1,2,4,187.44,4,2,48,0
53364,0,7,Mobile Phone,1,7,UPI,Male,4,5,Mobile Phone,5,Single,5,1,12,1,2,3,152.99,3,2,21,4
53365,0,31,Mobile Phone,1,12,Cash on Delivery,Female,3,5,Fashion,4,Married,4,1,14,2,2,3,230.52,3,2,93,4
53366,0,5,Phone,3,14,Debit Card,Male,3,5,Mobile Phone,3,Divorced,5,0,16,4,6,3,148.29,3,6,35,0
53367,0,9,Mobile Phone,1,28,Debit Card,Female,3,4,Laptop & Accessory,2,Divorced,3,1,26,1,2,8,165.14,8,2,27,9
53368,0,23,Mobile Phone,1,15,UPI,Female,3,4,Fashion,4,Divorced,6,0,12,1,2,8,199.03,8,2,69,0
53369,0,22,Phone,1,27,Credit Card,Male,3,4,Mobile Phone,3,Divorced,6,0,18,1,2,1,147.59,1,2,66,0
53370,0,5,Computer,3,27,E wallet,Female,3,4,Laptop & Accessory,3,Divorced,3,0,14,2,2,1,194.32,1,2,15,0
53371,0,10,Mobile Phone,1,14,UPI,Male,4,4,Mobile Phone,2,Single,4,0,19,1,2,2,171.78,2,2,30,0
53372,0,12,Mobile Phone,1,7,Cash on Delivery,Female,4,4,Fashion,5,Divorced,3,0,14,4,6,12,260.82,12,6,84,0
53373,0,6,Computer,1,7,Debit Card,Female,4,5,Mobile Phone,4,Divorced,8,0,21,2,2,3,148.32,3,2,18,0
53374,1,1,Phone,3,26,E wallet,Male,3,5,Mobile Phone,4,Divorced,3,1,19,1,2,1,149.13,1,2,3,2
53375,0,14,Mobile Phone,3,17,E wallet,Male,4,5,Fashion,4,Married,4,0,13,2,2,3,222.05,3,2,42,0
53376,0,1,Computer,3,7,Credit Card,Male,3,5,Laptop & Accessory,5,Single,3,0,13,2,2,8,167.94,8,2,3,0
53377,0,15,Mobile Phone,1,13,Credit Card,Male,3,4,Mobile Phone,5,Single,4,1,14,2,3,18,172.21,18,3,60,19
53378,0,10,Mobile Phone,1,9,Credit Card,Male,4,4,Mobile Phone,3,Single,6,0,22,3,4,10,150.19,10,4,50,0
53379,1,1,Phone,3,28,UPI,Male,3,5,Mobile Phone,4,Single,3,1,14,1,2,1,146.21,1,2,3,2
53380,1,1,Mobile Phone,1,11,COD,Male,3,4,Mobile Phone,5,Single,3,0,20,2,2,1,154.73,1,2,3,0
53381,0,5,Mobile Phone,1,19,Credit Card,Female,3,4,Laptop & Accessory,2,Divorced,2,1,12,1,9,6,183.55,6,9,50,7
53382,0,14,Computer,1,16,Credit Card,Male,3,4,Mobile Phone,4,Married,10,1,15,1,2,1,161.17,1,2,42,2
53383,0,6,Mobile Phone,1,10,Credit Card,Female,4,4,Laptop & Accessory,5,Divorced,3,0,13,7,7,4,192.25,4,7,48,0
53384,1,1,Mobile Phone,3,10,Debit Card,Male,3,5,Fashion,2,Divorced,3,1,12,4,4,3,228.25,3,4,5,4
53385,0,7,Mobile Phone,1,7,Debit Card,Female,3,5,Laptop & Accessory,2,Single,2,0,15,1,2,5,194.49,5,2,21,0
53386,1,1,Mobile Phone,3,7,Debit Card,Male,3,5,Fashion,3,Divorced,7,0,12,2,12,3,231.09,3,12,13,0
53387,0,19,Computer,1,11,Debit Card,Male,3,4,Laptop & Accessory,4,Divorced,3,0,13,2,2,9,169.47,9,2,57,0
53388,0,3,Computer,3,27,COD,Female,3,4,Mobile Phone,2,Divorced,3,0,16,1,2,3,146.57,3,2,9,0
53389,0,9,Mobile Phone,3,25,Credit Card,Female,3,4,Laptop & Accessory,3,Divorced,3,0,17,2,2,1,171.01,1,2,27,0
53390,0,26,Mobile Phone,1,7,Debit Card,Male,4,4,Grocery,2,Divorced,4,0,15,8,8,9,295.99,9,8,234,0
53391,1,21,Mobile Phone,1,9,COD,Male,3,4,Mobile Phone,3,Single,6,0,25,2,2,1,149.79,1,2,63,0
53392,0,27,Mobile Phone,3,9,Credit Card,Male,3,4,Grocery,3,Married,8,0,14,1,16,3,273.52,3,16,459,0
53393,0,4,Mobile Phone,3,15,UPI,Male,4,4,Fashion,3,Married,7,0,12,5,8,8,197.64,8,8,36,0
53394,0,12,Computer,3,17,COD,Female,3,4,Laptop & Accessory,2,Single,3,1,14,1,2,4,181.66,4,2,36,5
53395,0,9,Mobile Phone,3,10,Debit Card,Male,4,4,Fashion,2,Married,8,0,14,1,2,9,203.23,9,2,27,0
53396,0,13,Mobile Phone,3,9,Debit Card,Male,3,2,Fashion,3,Single,2,0,19,2,2,8,203.8,8,2,39,0
53397,1,4,Computer,3,31,Debit Card,Female,4,2,Grocery,4,Single,6,1,17,2,2,1,256.94,1,2,12,2
53398,0,21,Computer,1,23,Credit Card,Male,4,2,Laptop & Accessory,3,Married,3,1,20,1,3,8,175.67,8,3,84,9
53399,0,10,Computer,3,15,COD,Male,3,4,Laptop & Accessory,2,Married,6,0,14,2,2,8,175.79,8,2,30,0
53400,1,1,Computer,1,16,Credit Card,Male,3,5,Mobile Phone,5,Single,2,1,23,2,2,3,148.21,3,2,3,4
53401,0,7,Computer,3,24,Debit Card,Male,3,4,Grocery,3,Single,3,0,15,6,7,1,299.44,1,7,56,0
53402,1,1,Phone,1,17,Debit Card,Female,4,5,Mobile Phone,5,Single,8,1,21,2,2,1,149.04,1,2,3,2
53403,0,7,Mobile Phone,1,20,Debit Card,Female,3,4,Mobile Phone,2,Single,5,0,19,2,2,3,159.52,3,2,21,0
53404,0,19,Phone,1,7,Credit Card,Female,4,4,Mobile Phone,2,Married,5,0,15,1,2,3,147.7,3,2,57,0
53405,0,24,Mobile Phone,1,7,Credit Card,Male,4,4,Grocery,2,Married,11,0,15,1,2,4,298.99,4,2,72,0
53406,0,7,Computer,1,7,UPI,Female,3,2,Laptop & Accessory,4,Divorced,3,1,14,1,2,3,179.88,3,2,21,4
53407,0,15,Computer,1,16,Credit Card,Male,4,4,Others,3,Married,4,0,15,2,2,12,319.19,12,2,45,0
53408,0,1,Mobile Phone,1,23,COD,Female,3,4,Mobile Phone,4,Divorced,11,0,15,3,3,3,153.11,3,3,4,0
53409,0,19,Computer,1,30,Debit Card,Male,3,4,Laptop & Accessory,5,Divorced,3,1,16,2,2,9,161.33,9,2,57,10
53410,0,21,Mobile Phone,3,11,Debit Card,Female,3,4,Laptop & Accessory,2,Single,3,1,18,2,2,8,166.63,8,2,63,9
53411,1,1,Phone,1,29,Debit Card,Female,3,4,Mobile Phone,3,Divorced,6,1,12,1,2,2,146.32,2,2,3,3
53412,0,24,Mobile Phone,1,31,Debit Card,Male,4,4,Grocery,3,Divorced,5,1,19,1,2,6,264.73,6,2,72,7
53413,0,12,Computer,1,17,Credit Card,Male,4,4,Mobile Phone,3,Divorced,2,0,18,1,2,3,151.84,3,2,36,0
53414,0,20,Mobile Phone,1,14,Credit Card,Male,4,4,Fashion,3,Married,8,0,14,1,2,8,233.45,8,2,60,0
53415,0,1,Mobile Phone,1,24,Credit Card,Female,3,5,Laptop & Accessory,3,Married,3,0,16,3,4,3,168.77,3,4,5,0
53416,1,1,Mobile Phone,1,21,UPI,Male,3,5,Mobile Phone,4,Married,3,1,25,2,2,3,162.43,3,2,3,4
53417,0,5,Computer,1,7,Debit Card,Female,4,4,Laptop & Accessory,5,Divorced,3,0,13,2,2,4,166.48,4,2,15,0
53418,0,1,Computer,1,12,Debit Card,Male,4,4,Mobile,2,Single,3,0,16,2,2,1,135.51,1,2,3,0
53419,0,28,Mobile Phone,1,24,Cash on Delivery,Female,3,4,Fashion,3,Divorced,10,0,12,2,2,9,232.39,9,2,84,0
53420,0,9,Mobile Phone,1,32,Credit Card,Female,3,4,Fashion,3,Married,3,1,12,3,11,3,228.88,3,11,108,4
53421,0,4,Mobile Phone,1,15,Debit Card,Female,4,2,Fashion,5,Divorced,2,1,13,1,2,8,239.16,8,2,12,9
53422,1,1,Mobile Phone,1,18,Credit Card,Female,4,5,Mobile Phone,5,Single,3,1,16,1,2,1,151.0,1,2,3,2
53423,1,1,Computer,1,12,Credit Card,Female,3,4,Mobile Phone,4,Single,2,0,18,1,2,3,149.22,3,2,3,0
53424,0,1,Mobile Phone,1,9,Credit Card,Male,3,2,Laptop & Accessory,2,Divorced,3,0,13,2,2,4,179.72,4,2,3,0
53425,0,1,Phone,1,15,Debit Card,Male,4,6,Mobile Phone,5,Divorced,3,0,16,2,2,2,149.51,2,2,3,0
53426,0,22,Mobile Phone,1,13,Debit Card,Male,4,5,Laptop & Accessory,3,Single,4,0,14,1,3,3,167.4,3,3,88,0
53427,0,22,Mobile Phone,1,11,Debit Card,Male,4,5,Fashion,3,Single,9,0,15,2,2,9,234.99,9,2,66,0
53428,0,15,Mobile Phone,1,14,Credit Card,Female,3,4,Laptop & Accessory,3,Single,8,0,15,2,3,2,175.03,2,3,60,0
53429,0,13,Mobile Phone,1,7,Debit Card,Female,4,5,Grocery,2,Divorced,3,0,17,1,2,9,252.42,9,2,39,0
53430,0,1,Mobile Phone,1,9,Debit Card,Female,3,4,Laptop & Accessory,2,Divorced,2,0,19,1,3,3,167.27,3,3,4,0
53431,0,9,Mobile Phone,1,17,UPI,Male,3,4,Mobile Phone,2,Married,3,0,21,2,2,3,164.17,3,2,27,0
53432,0,16,Mobile Phone,3,12,E wallet,Male,3,4,Others,3,Divorced,8,0,15,1,2,1,308.03,1,2,48,0
53433,0,24,Phone,1,16,Debit Card,Male,4,4,Mobile Phone,2,Divorced,6,0,19,2,2,1,148.8,1,2,72,0
53434,0,31,Mobile Phone,1,9,Debit Card,Female,4,5,Grocery,2,Single,5,1,14,1,5,4,262.26,4,5,186,5
53435,1,1,Mobile Phone,1,18,Credit Card,Female,4,6,Laptop & Accessory,4,Divorced,7,0,16,2,2,1,172.77,1,2,3,0
53436,0,29,Computer,1,25,Credit Card,Male,4,4,Laptop & Accessory,4,Divorced,5,1,15,7,7,8,188.85,8,7,232,9
53437,0,15,Computer,1,14,Debit Card,Female,3,6,Others,3,Married,3,0,23,2,6,11,324.73,11,6,105,0
53438,0,12,Mobile Phone,3,10,Debit Card,Male,3,4,Laptop & Accessory,2,Single,10,1,13,2,2,1,193.61,1,2,36,2
53439,1,1,Computer,3,36,Credit Card,Male,4,6,Laptop & Accessory,5,Single,10,0,19,1,3,3,174.69,3,3,4,0
53440,1,16,Mobile Phone,3,9,E wallet,Female,3,6,Others,2,Divorced,3,0,16,6,7,10,323.45,10,7,128,0
53441,0,18,Mobile Phone,3,35,Credit Card,Female,3,2,Grocery,2,Divorced,5,1,19,2,2,12,258.2,12,2,54,13
53442,0,24,Computer,3,7,Debit Card,Female,4,4,Laptop & Accessory,3,Divorced,2,0,13,2,2,14,188.47,14,2,72,0
53443,1,1,Mobile Phone,1,23,Debit Card,Female,3,2,Mobile Phone,5,Single,3,0,17,16,16,15,152.43,15,16,17,0
53444,0,13,Computer,1,29,Credit Card,Female,3,4,Fashion,5,Single,3,1,14,2,2,9,233.8,9,2,39,10
53445,0,7,Computer,3,15,Debit Card,Female,3,5,Mobile Phone,2,Single,2,0,20,3,3,3,148.42,3,3,28,0
53446,0,19,Mobile Phone,3,18,Debit Card,Female,3,4,Grocery,2,Divorced,5,0,15,2,2,2,301.5,2,2,57,0
53447,0,6,Computer,1,36,Credit Card,Female,4,4,Mobile Phone,3,Single,11,0,13,6,8,8,165.25,8,8,54,0
53448,0,8,Mobile Phone,3,7,E wallet,Male,4,2,Laptop & Accessory,2,Married,2,0,12,2,2,3,222.25,3,2,24,0
53449,0,31,Mobile Phone,3,7,Cash on Delivery,Male,4,4,Fashion,2,Divorced,5,1,15,1,2,5,244.04,5,2,93,6
53450,0,19,Phone,2,31,Credit Card,Male,3,4,Mobile Phone,4,Single,3,0,17,1,2,5,146.77,5,2,57,0
53451,0,27,Computer,3,9,E wallet,Female,3,5,Fashion,4,Divorced,4,0,13,1,7,13,200.25,13,7,216,0
53452,1,1,Mobile Phone,1,22,UPI,Male,3,4,Laptop & Accessory,3,Married,9,0,15,1,2,1,173.34,1,2,3,0
53453,1,1,Computer,1,9,Debit Card,Male,3,4,Mobile Phone,5,Divorced,8,1,15,2,2,3,145.42,3,2,3,4
53454,0,8,Phone,3,17,Debit Card,Female,3,4,Mobile Phone,3,Divorced,3,1,20,1,2,1,147.2,1,2,24,2
53455,0,2,Phone,3,17,Credit Card,Male,4,4,Mobile Phone,4,Divorced,3,0,23,2,2,1,135.52,1,2,6,0
53456,0,12,Computer,1,10,UPI,Male,3,4,Mobile Phone,3,Divorced,5,0,17,3,3,3,153.21,3,3,48,0
53457,0,24,Mobile Phone,1,9,Credit Card,Male,4,4,Others,3,Divorced,4,1,15,8,8,8,317.37,8,8,216,9
53458,0,11,Mobile Phone,1,10,UPI,Female,3,4,Laptop & Accessory,4,Single,5,0,16,2,2,2,166.07,2,2,33,0
53459,0,14,Mobile Phone,3,33,E wallet,Male,4,4,Laptop & Accessory,5,Divorced,3,0,15,6,8,6,208.96,6,8,126,0
53460,0,1,Computer,1,7,Credit Card,Female,4,5,Mobile Phone,3,Married,3,0,14,2,2,4,145.07,4,2,3,0
53461,0,20,Mobile Phone,1,7,Credit Card,Male,3,4,Others,2,Married,11,0,15,2,3,3,321.27,3,3,80,0
53462,0,28,Mobile Phone,3,9,Debit Card,Female,3,5,Fashion,3,Divorced,8,0,12,7,2,1,231.86,1,2,84,0
53463,0,30,Computer,1,16,Credit Card,Female,4,4,Mobile Phone,3,Divorced,4,0,20,1,2,4,154.42,4,2,90,0
53464,0,10,Mobile Phone,1,19,Credit Card,Female,3,5,Fashion,2,Single,2,0,12,6,8,3,213.58,3,8,90,0
53465,0,29,Computer,1,9,Credit Card,Male,3,5,Grocery,5,Single,9,0,15,4,7,3,292.56,3,7,232,0
53466,0,17,Mobile Phone,3,32,Credit Card,Male,4,5,Fashion,2,Married,7,0,14,2,2,1,259.0,1,2,51,0
53467,1,1,Computer,3,16,E wallet,Female,3,4,Mobile Phone,2,Single,3,1,15,1,2,3,148.23,3,2,3,4
53468,1,1,Phone,1,17,Debit Card,Female,3,5,Mobile Phone,5,Single,3,0,14,2,2,1,139.16,1,2,3,0
53469,0,20,Mobile Phone,1,15,Debit Card,Female,4,5,Laptop & Accessory,5,Married,10,1,24,2,2,8,171.15,8,2,60,9
53470,1,15,Mobile Phone,1,11,Debit Card,Male,3,4,Mobile Phone,3,Divorced,11,1,13,2,3,8,149.61,8,3,60,9
53471,1,1,Computer,1,31,Cash on Delivery,Male,4,5,Fashion,5,Single,3,0,13,1,2,3,212.22,3,2,3,0
53472,0,1,Mobile Phone,1,7,Credit Card,Male,3,5,Mobile Phone,5,Divorced,3,0,17,1,2,4,164.55,4,2,3,0
53473,0,4,Mobile Phone,1,27,UPI,Male,3,4,Laptop & Accessory,5,Divorced,2,0,16,2,2,3,224.57,3,2,12,0
53474,0,15,Mobile Phone,1,14,COD,Female,3,2,Mobile Phone,3,Divorced,3,0,14,2,2,9,158.76,9,2,45,0
53475,0,12,Mobile Phone,1,24,Debit Card,Female,4,5,Fashion,3,Divorced,2,0,19,1,2,3,213.23,3,2,36,0
53476,0,14,Mobile Phone,1,27,Cash on Delivery,Male,4,4,Fashion,2,Divorced,6,0,21,5,12,3,228.22,3,12,182,0
53477,0,1,Computer,1,15,Debit Card,Male,3,6,Mobile Phone,3,Divorced,3,0,20,2,2,3,171.21,3,2,3,0
53478,0,29,Computer,1,9,Debit Card,Male,4,4,Fashion,4,Divorced,5,0,19,2,2,3,234.76,3,2,87,0
53479,0,2,Mobile Phone,1,17,UPI,Female,3,4,Laptop & Accessory,3,Single,5,0,14,2,2,8,161.6,8,2,6,0
53480,1,8,Mobile Phone,2,7,Credit Card,Male,4,5,Fashion,5,Divorced,11,0,15,3,4,3,229.82,3,4,40,0
53481,0,7,Mobile Phone,1,12,Debit Card,Male,3,5,Fashion,2,Married,6,0,16,1,2,3,196.19,3,2,21,0
53482,1,1,Mobile Phone,3,11,Cash on Delivery,Male,3,4,Fashion,5,Single,2,1,23,4,5,3,220.82,3,5,6,4
53483,1,1,Computer,1,36,Credit Card,Female,3,5,Laptop & Accessory,3,Single,3,0,23,4,4,9,170.08,9,4,5,0
53484,0,2,Phone,1,22,Debit Card,Male,3,4,Mobile Phone,3,Married,3,0,17,3,3,3,147.07,3,3,8,0
53485,0,8,Computer,1,10,Debit Card,Male,3,4,Laptop & Accessory,2,Single,2,0,18,2,2,5,202.56,5,2,24,0
53486,0,11,Mobile Phone,3,17,Debit Card,Female,3,5,Laptop & Accessory,2,Married,4,1,15,1,2,1,191.94,1,2,33,2
53487,1,1,Mobile Phone,1,11,COD,Male,3,4,Mobile Phone,2,Divorced,3,1,16,6,6,7,161.91,7,6,7,8
53488,1,1,Phone,1,28,Credit Card,Male,3,4,Mobile Phone,3,Married,3,0,21,2,2,1,148.77,1,2,3,0
53489,1,1,Phone,1,32,Credit Card,Male,3,5,Mobile Phone,4,Single,6,1,21,1,3,3,148.13,3,3,4,4
53490,0,16,Mobile Phone,1,9,Credit Card,Male,3,4,Grocery,5,Divorced,2,0,15,6,14,8,301.65,8,14,240,0
53491,1,1,Computer,1,5,Credit Card,Male,3,5,Mobile Phone,4,Married,3,0,16,1,2,1,150.96,1,2,3,0
53492,1,14,Computer,3,7,UPI,Male,3,4,Laptop & Accessory,3,Single,5,1,15,1,2,1,172.28,1,2,42,2
53493,0,7,Computer,3,14,Debit Card,Female,2,4,Laptop & Accessory,4,Divorced,2,0,18,2,2,3,168.02,3,2,21,0
53494,0,8,Computer,1,10,Debit Card,Male,3,5,Mobile Phone,2,Divorced,5,0,18,2,2,1,154.79,1,2,24,0
53495,0,22,Computer,1,7,Credit Card,Male,3,2,Grocery,2,Single,4,0,15,1,3,2,293.85,2,3,88,0
53496,0,19,Computer,3,16,Debit Card,Female,4,5,Laptop & Accessory,3,Divorced,3,0,14,1,5,13,180.93,13,5,114,0
53497,0,26,Mobile Phone,1,14,Debit Card,Male,3,4,Fashion,4,Single,9,0,20,4,5,3,229.45,3,5,156,0
53498,0,12,Mobile Phone,3,17,E wallet,Male,4,5,Fashion,3,Married,2,1,15,3,3,3,212.4,3,3,48,4
53499,0,3,Mobile Phone,1,35,Debit Card,Female,4,4,Mobile Phone,2,Married,6,0,23,1,2,8,150.14,8,2,9,0
53500,0,2,Mobile Phone,1,10,Credit Card,Female,4,4,Fashion,4,Married,2,0,18,1,2,8,201.55,8,2,6,0
53501,0,20,Mobile Phone,3,10,E wallet,Male,3,4,Grocery,3,Divorced,5,0,15,2,5,10,299.65,10,5,120,0
53502,0,12,Mobile Phone,3,9,E wallet,Male,3,4,Fashion,4,Single,9,0,17,2,2,1,198.51,1,2,36,0
53503,0,17,Computer,1,34,Debit Card,Female,3,4,Fashion,5,Divorced,10,0,12,1,2,2,233.2,2,2,51,0
53504,1,3,Computer,1,9,Debit Card,Male,3,4,Grocery,2,Married,9,0,12,8,2,6,246.69,6,2,9,0
53505,0,14,Mobile Phone,1,21,Credit Card,Male,3,5,Others,3,Single,3,0,15,5,5,10,321.26,10,5,84,0
53506,0,1,Phone,1,7,COD,Female,4,5,Mobile Phone,4,Single,3,1,12,1,3,3,145.7,3,3,4,4
53507,0,13,Computer,1,16,Debit Card,Male,4,4,Laptop & Accessory,4,Single,22,0,16,2,2,4,192.82,4,2,39,0
53508,0,10,Computer,1,25,Debit Card,Male,4,4,Laptop & Accessory,2,Single,4,0,21,2,2,10,202.79,10,2,30,0
53509,0,5,Computer,3,27,Debit Card,Male,4,2,Mobile Phone,2,Divorced,2,0,13,2,3,3,152.91,3,3,20,0
53510,0,2,Mobile Phone,1,9,Debit Card,Male,4,5,Mobile Phone,4,Divorced,2,0,18,1,2,5,157.01,5,2,6,0
53511,0,9,Computer,3,18,E wallet,Male,3,4,Laptop & Accessory,2,Married,3,0,12,1,2,3,174.68,3,2,27,0
53512,0,23,Mobile Phone,3,15,Cash on Delivery,Male,3,5,Grocery,4,Divorced,8,0,18,2,2,4,256.2,4,2,69,0
53513,0,8,Computer,1,9,Debit Card,Male,4,4,Laptop & Accessory,3,Single,4,0,12,2,2,3,165.33,3,2,24,0
53514,0,3,Computer,1,17,Debit Card,Female,4,4,Mobile Phone,4,Married,2,0,15,2,2,2,157.91,2,2,9,0
53515,0,16,Mobile Phone,1,36,Credit Card,Male,3,6,Laptop & Accessory,2,Single,6,0,20,2,2,1,167.72,1,2,48,0
53516,0,3,Mobile Phone,1,15,Credit Card,Male,4,5,Laptop & Accessory,2,Divorced,3,1,14,1,2,3,175.56,3,2,9,4
53517,0,12,Mobile Phone,2,7,UPI,Male,3,2,Mobile Phone,3,Divorced,3,0,14,2,6,1,153.44,1,6,84,0
53518,0,5,Computer,1,13,Debit Card,Male,3,5,Mobile Phone,3,Married,3,1,15,2,2,3,152.03,3,2,15,4
53519,1,1,Computer,1,15,Credit Card,Male,4,4,Mobile Phone,3,Single,3,0,13,1,2,1,144.04,1,2,3,0
53520,1,1,Mobile Phone,3,16,E wallet,Female,4,4,Laptop & Accessory,5,Single,2,1,18,1,2,4,207.24,4,2,3,5
53521,0,15,Mobile Phone,1,19,Debit Card,Male,3,4,Mobile Phone,2,Divorced,5,1,12,2,2,1,172.66,1,2,45,2
53522,1,1,Computer,1,22,Credit Card,Male,4,4,Mobile Phone,3,Divorced,3,0,13,3,3,3,151.1,3,3,4,0
53523,0,11,Mobile Phone,1,32,Credit Card,Female,3,5,Laptop & Accessory,2,Married,9,0,14,1,2,4,182.31,4,2,33,0
53524,0,1,Mobile Phone,1,13,Debit Card,Male,3,5,Mobile Phone,3,Divorced,3,0,14,3,3,3,150.39,3,3,4,0
53525,0,8,Mobile Phone,3,16,Debit Card,Female,4,4,Laptop & Accessory,3,Divorced,3,0,21,2,2,4,182.14,4,2,24,0
53526,0,9,Mobile Phone,2,15,COD,Male,4,4,Mobile Phone,3,Single,3,0,18,1,2,5,168.23,5,2,27,0
53527,1,1,Mobile Phone,3,30,Debit Card,Female,3,5,Fashion,5,Divorced,3,0,14,1,4,11,198.36,11,4,5,0
53528,0,14,Computer,1,16,Credit Card,Female,3,4,Fashion,3,Single,11,0,18,1,2,14,259.99,14,2,42,0
53529,1,6,Computer,3,19,Debit Card,Male,3,4,Grocery,5,Single,2,1,13,1,14,15,262.58,15,14,90,16
53530,0,16,Mobile Phone,3,11,E wallet,Male,3,4,Laptop & Accessory,5,Single,9,0,14,2,2,6,176.55,6,2,48,0
53531,0,9,Phone,1,7,Credit Card,Male,3,5,Mobile Phone,3,Divorced,8,0,13,2,2,8,147.58,8,2,27,0
53532,0,1,Mobile Phone,1,31,Credit Card,Male,3,4,Mobile Phone,4,Single,10,0,23,2,2,3,160.97,3,2,3,0
53533,1,1,Mobile Phone,1,19,Debit Card,Female,4,4,Mobile Phone,2,Divorced,3,1,12,2,2,1,150.15,1,2,3,2
53534,0,1,Mobile Phone,1,10,Credit Card,Male,3,2,Mobile Phone,2,Divorced,3,0,23,2,2,8,169.2,8,2,3,0
53535,0,4,Mobile Phone,3,17,E wallet,Male,4,5,Laptop & Accessory,3,Divorced,3,0,19,2,2,5,190.78,5,2,12,0
53536,0,14,Computer,1,33,Credit Card,Female,4,5,Laptop & Accessory,2,Divorced,5,1,14,2,2,1,169.22,1,2,42,2
53537,0,9,Mobile Phone,1,9,Debit Card,Male,3,5,Fashion,4,Married,4,0,19,7,7,3,227.74,3,7,72,0
53538,0,8,Computer,1,7,Credit Card,Male,4,5,Laptop & Accessory,5,Single,2,0,21,2,5,10,178.43,10,5,48,0
53539,0,9,Computer,1,11,UPI,Male,3,5,Mobile Phone,2,Divorced,3,0,14,3,3,3,148.76,3,3,36,0
53540,1,7,Mobile Phone,3,16,E wallet,Female,3,6,Laptop & Accessory,3,Single,10,0,14,2,2,4,178.46,4,2,21,0
53541,0,6,Computer,3,9,Debit Card,Female,4,4,Mobile Phone,5,Married,3,0,13,1,2,1,153.27,1,2,18,0
53542,0,30,Mobile Phone,1,11,Cash on Delivery,Female,4,4,Others,5,Married,6,0,14,1,5,3,324.43,3,5,180,0
53543,0,3,Mobile Phone,1,13,Credit Card,Female,3,4,Mobile Phone,2,Divorced,3,0,14,1,2,9,156.31,9,2,9,0
53544,0,1,Mobile Phone,1,16,Debit Card,Male,3,4,Mobile Phone,5,Single,3,0,26,1,2,1,150.52,1,2,3,0
53545,0,19,Mobile Phone,1,14,Credit Card,Female,3,4,Mobile Phone,3,Divorced,6,1,20,2,2,3,169.77,3,2,57,4
53546,0,11,Mobile Phone,1,7,Debit Card,Female,3,5,Laptop & Accessory,2,Divorced,3,0,14,4,4,12,189.74,12,4,55,0
53547,0,1,Mobile Phone,1,10,Debit Card,Male,3,5,Mobile Phone,3,Single,3,0,13,1,2,3,155.33,3,2,3,0
53548,1,8,Mobile Phone,1,17,Debit Card,Male,4,4,Mobile Phone,3,Single,3,1,12,2,2,3,154.36,3,2,24,4
53549,0,27,Mobile Phone,1,14,Credit Card,Female,3,4,Others,3,Married,5,0,15,5,5,8,311.06,8,5,162,0
53550,0,3,Phone,1,22,Debit Card,Female,4,6,Mobile Phone,2,Divorced,2,1,19,2,2,4,146.68,4,2,9,5
53551,1,1,Computer,1,10,Debit Card,Male,3,5,Mobile Phone,2,Divorced,2,1,12,1,2,1,153.53,1,2,3,2
53552,0,20,Mobile Phone,3,9,E wallet,Female,4,4,Grocery,5,Divorced,10,0,15,13,16,10,295.48,10,16,340,0
53553,0,18,Computer,1,24,Debit Card,Male,4,6,Mobile Phone,3,Single,4,0,14,2,2,1,147.9,1,2,54,0
53554,0,7,Mobile Phone,2,9,UPI,Male,3,4,Mobile Phone,3,Divorced,3,0,14,1,2,5,161.0,5,2,21,0
53555,1,5,Computer,1,12,Debit Card,Male,4,5,Mobile Phone,5,Married,8,0,18,2,2,1,146.07,1,2,15,0
53556,0,4,Mobile Phone,3,36,Debit Card,Male,4,4,Laptop & Accessory,5,Married,10,0,20,2,2,4,166.15,4,2,12,0
53557,0,14,Computer,3,9,Credit Card,Male,4,4,Laptop & Accessory,4,Divorced,7,0,13,2,2,1,168.27,1,2,42,0
53558,0,24,Computer,1,9,Credit Card,Female,2,4,Grocery,5,Divorced,4,0,15,3,3,3,303.56,3,3,96,0
53559,0,2,Mobile Phone,1,26,Credit Card,Male,4,5,Mobile Phone,5,Divorced,3,0,13,2,4,4,156.96,4,4,10,0
53560,0,20,Mobile Phone,1,22,Debit Card,Male,3,4,Others,4,Divorced,7,0,15,2,2,4,315.81,4,2,60,0
53561,0,9,Mobile Phone,3,24,Debit Card,Male,4,4,Laptop & Accessory,5,Divorced,5,1,16,2,2,3,214.66,3,2,27,4
53562,1,1,Phone,1,24,Debit Card,Female,4,4,Mobile Phone,4,Divorced,3,0,14,1,2,1,147.1,1,2,3,0
53563,0,7,Computer,3,32,Credit Card,Female,3,4,Laptop & Accessory,3,Divorced,3,0,13,1,2,2,170.39,2,2,21,0
53564,0,10,Mobile Phone,1,13,Debit Card,Male,3,6,Mobile Phone,3,Married,3,0,15,1,2,8,152.41,8,2,30,0
53565,0,4,Mobile Phone,1,14,Debit Card,Male,3,4,Laptop & Accessory,3,Married,3,0,14,9,9,10,159.91,10,9,40,0
53566,0,18,Mobile Phone,1,36,UPI,Male,3,4,Laptop & Accessory,2,Single,3,0,26,2,2,18,170.41,18,2,54,0
53567,0,1,Mobile Phone,3,28,E wallet,Male,3,2,Mobile Phone,2,Single,3,0,18,1,3,3,151.78,3,3,4,0
53568,0,20,Mobile Phone,1,9,Cash on Delivery,Male,3,4,Laptop & Accessory,2,Married,4,0,12,2,2,5,198.79,5,2,60,0
53569,0,16,Computer,2,9,Credit Card,Male,4,2,Laptop & Accessory,5,Divorced,9,0,17,1,2,4,187.72,4,2,48,0
53570,0,31,Mobile Phone,3,14,E wallet,Male,3,2,Laptop & Accessory,2,Married,2,1,19,1,2,10,177.2,10,2,93,11
53571,0,6,Computer,1,20,UPI,Female,4,5,Mobile Phone,4,Divorced,3,0,21,1,3,3,152.43,3,3,24,0
53572,0,6,Computer,1,9,Debit Card,Female,3,4,Laptop & Accessory,3,Single,6,1,15,2,2,8,174.98,8,2,18,9
53573,0,10,Mobile Phone,1,7,Cash on Delivery,Female,4,6,Fashion,5,Married,4,1,22,6,8,3,227.52,3,8,90,4
53574,0,7,Mobile Phone,1,16,Credit Card,Male,3,4,Mobile Phone,2,Divorced,2,0,14,2,5,11,152.81,11,5,42,0
53575,0,14,Mobile Phone,3,17,Cash on Delivery,Female,3,5,Laptop & Accessory,4,Married,9,0,13,2,2,4,193.52,4,2,42,0
53576,0,1,Mobile Phone,3,17,Debit Card,Male,3,4,Laptop & Accessory,2,Single,2,0,15,1,2,2,174.5,2,2,3,0
53577,0,4,Mobile Phone,1,7,Credit Card,Male,4,4,Mobile Phone,4,Divorced,2,1,22,2,6,8,160.79,8,6,28,9
53578,0,16,Computer,1,33,Credit Card,Female,3,4,Fashion,5,Divorced,5,1,18,1,2,1,256.91,1,2,48,2
53579,0,9,Computer,3,15,E wallet,Female,4,5,Fashion,2,Divorced,6,1,12,3,5,3,228.77,3,5,54,4
53580,0,1,Phone,1,21,Debit Card,Male,3,4,Mobile Phone,5,Divorced,3,1,15,3,7,9,147.35,9,7,8,10
53581,0,28,Computer,1,7,Debit Card,Female,3,4,Fashion,3,Married,9,0,18,2,2,3,230.02,3,2,84,0
53582,0,18,Phone,1,9,Debit Card,Female,4,2,Mobile Phone,2,Divorced,3,0,14,7,8,8,145.11,8,8,162,0
53583,1,1,Computer,1,17,Credit Card,Female,4,5,Mobile Phone,4,Single,3,1,26,2,2,1,143.59,1,2,3,2
53584,0,3,Mobile Phone,1,7,Debit Card,Female,4,4,Mobile Phone,2,Married,3,0,16,1,2,3,162.6,3,2,9,0
53585,0,28,Mobile Phone,1,10,Debit Card,Male,3,4,Grocery,2,Divorced,5,0,15,2,2,10,302.79,10,2,84,0
53586,0,5,Mobile Phone,1,18,Credit Card,Male,4,4,Laptop & Accessory,5,Divorced,3,1,13,1,2,2,193.33,2,2,15,3
53587,0,5,Mobile Phone,1,31,Credit Card,Female,4,5,Laptop & Accessory,5,Single,3,0,20,1,2,9,193.12,9,2,15,0
53588,0,31,Mobile Phone,3,10,Debit Card,Female,3,5,Laptop & Accessory,2,Single,7,0,18,1,2,6,176.71,6,2,93,0
53589,0,17,Mobile Phone,1,10,Debit Card,Male,4,6,Others,2,Divorced,5,0,15,2,2,8,322.4,8,2,51,0
53590,0,23,Mobile Phone,1,11,Credit Card,Male,3,5,Others,3,Divorced,4,0,15,1,2,1,312.11,1,2,69,0
53591,0,10,Computer,1,10,COD,Male,3,4,Mobile Phone,4,Divorced,3,0,13,2,2,8,161.92,8,2,30,0
53592,0,22,Mobile Phone,1,9,COD,Male,4,2,Mobile Phone,4,Single,7,0,12,1,2,1,150.59,1,2,66,0
53593,0,1,Mobile Phone,1,11,Debit Card,Male,4,4,Mobile Phone,3,Married,3,0,12,2,2,4,150.17,4,2,3,0
53594,0,3,Mobile Phone,1,14,Debit Card,Male,3,4,Laptop & Accessory,2,Married,3,1,12,1,2,1,191.23,1,2,9,2
53595,0,22,Mobile Phone,1,7,Debit Card,Male,4,5,Others,2,Single,8,0,15,2,2,1,307.65,1,2,66,0
53596,0,3,Mobile Phone,1,7,Debit Card,Female,3,5,Grocery,2,Married,5,0,15,1,2,8,286.24,8,2,9,0
53597,0,8,Mobile Phone,1,27,COD,Female,3,2,Mobile Phone,3,Divorced,2,0,18,2,2,1,150.85,1,2,24,0
53598,0,18,Mobile Phone,3,12,E wallet,Male,3,4,Others,4,Divorced,9,0,15,2,4,11,307.13,11,4,90,0
53599,0,7,Mobile Phone,3,17,E wallet,Male,3,2,Fashion,3,Married,2,1,15,2,2,9,208.8,9,2,21,10
53600,0,1,Mobile Phone,1,32,Debit Card,Female,3,2,Mobile Phone,2,Single,3,1,13,2,2,2,154.94,2,2,3,3
53601,0,1,Phone,1,7,Debit Card,Male,3,4,Mobile Phone,3,Divorced,3,0,23,1,2,2,137.23,2,2,3,0
53602,1,1,Computer,3,31,Debit Card,Male,4,6,Mobile Phone,2,Single,3,1,15,2,2,1,136.18,1,2,3,2
53603,0,1,Mobile Phone,1,11,Debit Card,Male,3,4,Mobile Phone,2,Single,3,1,21,1,3,3,153.75,3,3,4,4
53604,1,9,Mobile Phone,3,9,E wallet,Female,4,6,Others,4,Single,4,1,15,1,2,12,313.24,12,2,27,13
53605,0,29,Computer,1,15,Credit Card,Male,3,5,Grocery,4,Married,3,1,16,4,16,1,260.77,1,16,493,2
53606,1,1,Computer,1,17,Debit Card,Female,3,5,Mobile Phone,3,Single,3,0,21,3,3,3,151.25,3,3,4,0
53607,0,20,Mobile Phone,3,11,E wallet,Female,3,5,Others,4,Divorced,4,0,15,2,2,9,312.89,9,2,60,0
53608,0,8,Mobile Phone,3,9,E wallet,Female,3,4,Laptop & Accessory,5,Single,2,1,13,2,2,3,170.38,3,2,24,4
53609,0,25,Computer,3,16,Debit Card,Male,3,4,Others,4,Married,6,1,25,3,12,11,323.47,11,12,325,12
53610,0,31,Mobile Phone,1,25,Credit Card,Male,4,4,Fashion,2,Single,8,0,13,2,6,3,230.12,3,6,217,0
53611,0,8,Computer,1,26,Credit Card,Female,3,4,Laptop & Accessory,4,Married,6,0,14,4,6,11,169.44,11,6,56,0
53612,0,2,Computer,1,7,Credit Card,Male,3,4,Mobile Phone,3,Single,2,1,12,1,2,3,146.54,3,2,6,4
53613,0,18,Mobile Phone,1,11,Debit Card,Male,4,2,Others,5,Married,3,0,15,2,15,14,316.9,14,15,288,0
53614,0,8,Computer,2,18,Debit Card,Male,3,5,Laptop & Accessory,4,Divorced,6,0,12,1,2,9,169.9,9,2,24,0
53615,0,9,Mobile Phone,1,13,Debit Card,Male,4,4,Mobile Phone,3,Divorced,2,1,15,2,3,3,160.06,3,3,36,4
53616,0,16,Phone,1,14,Credit Card,Female,4,2,Laptop & Accessory,4,Divorced,8,1,17,1,2,1,148.72,1,2,48,2
53617,0,17,Mobile Phone,3,11,E wallet,Female,3,5,Fashion,2,Single,5,0,15,11,16,3,227.31,3,16,289,0
53618,0,10,Mobile Phone,1,9,Debit Card,Female,3,4,Laptop & Accessory,4,Single,11,1,12,5,6,13,179.1,13,6,70,14
53619,1,8,Mobile Phone,1,22,Credit Card,Female,4,4,Fashion,2,Divorced,3,0,12,1,2,6,204.78,6,2,24,0
53620,0,2,Computer,1,9,Debit Card,Male,3,5,Mobile Phone,2,Divorced,3,1,13,3,3,3,163.67,3,3,8,4
53621,0,25,Computer,1,13,Credit Card,Female,3,5,Mobile Phone,3,Single,2,0,15,8,8,8,153.38,8,8,225,0
53622,0,4,Computer,1,16,Credit Card,Female,4,4,Laptop & Accessory,3,Single,9,1,19,2,2,8,171.95,8,2,12,9
53623,1,1,Mobile Phone,1,14,COD,Female,3,4,Mobile Phone,3,Married,5,1,14,2,8,8,158.39,8,8,9,9
53624,0,2,Phone,1,7,COD,Male,3,4,Mobile Phone,5,Single,4,0,12,1,2,3,145.8,3,2,6,0
53625,0,1,Phone,1,7,Credit Card,Female,3,4,Mobile Phone,4,Single,3,0,19,2,3,2,145.96,2,3,4,0
53626,0,6,Mobile Phone,3,15,Credit Card,Male,3,2,Laptop & Accessory,2,Divorced,3,0,16,1,2,9,187.09,9,2,18,0
53627,0,19,Computer,1,32,Credit Card,Female,3,4,Others,4,Single,5,0,15,2,2,1,305.61,1,2,57,0
53628,0,13,Mobile Phone,1,20,Credit Card,Female,4,5,Grocery,4,Married,8,1,15,14,16,3,296.23,3,16,221,4
53629,0,31,Phone,1,30,Debit Card,Male,3,4,Mobile Phone,3,Married,3,0,13,3,3,3,148.72,3,3,124,0
53630,1,1,Mobile Phone,1,14,Debit Card,Male,4,4,Laptop & Accessory,3,Divorced,3,0,19,2,2,2,173.83,2,2,3,0
53631,1,3,Mobile Phone,1,30,Credit Card,Male,4,4,Mobile Phone,5,Single,2,0,14,1,2,4,164.04,4,2,9,0
53632,0,4,Mobile Phone,1,13,COD,Female,3,5,Laptop & Accessory,2,Divorced,2,0,13,6,7,8,171.27,8,7,32,0
53633,0,10,Mobile Phone,1,17,Cash on Delivery,Female,4,4,Fashion,3,Divorced,5,0,13,1,2,8,195.94,8,2,30,0
53634,0,20,Mobile Phone,2,7,Debit Card,Female,3,4,Mobile Phone,5,Single,8,0,13,4,6,8,159.23,8,6,140,0
53635,0,2,Computer,1,7,Debit Card,Female,3,6,Laptop & Accessory,2,Divorced,2,0,12,8,8,6,191.74,6,8,18,0
53636,0,24,Mobile Phone,1,35,Debit Card,Female,3,4,Grocery,5,Divorced,6,1,15,1,2,3,293.8,3,2,72,4
53637,1,4,Mobile Phone,3,32,E wallet,Male,3,5,Fashion,4,Single,4,1,13,1,2,3,215.94,3,2,12,4
53638,1,16,Mobile Phone,3,12,Debit Card,Male,4,4,Fashion,4,Single,11,1,20,6,8,3,209.46,3,8,144,4
53639,0,4,Mobile Phone,1,24,Credit Card,Female,4,4,Fashion,5,Divorced,3,1,24,1,2,9,244.16,9,2,12,10
53640,0,13,Mobile Phone,1,25,Debit Card,Male,3,4,Laptop & Accessory,3,Single,2,0,12,1,2,8,170.34,8,2,39,0
53641,0,5,Computer,3,9,Debit Card,Female,3,4,Fashion,3,Married,3,1,20,4,10,3,223.52,3,10,55,4
53642,0,15,Computer,3,17,Credit Card,Male,3,6,Laptop & Accessory,4,Single,3,0,14,4,12,10,186.51,10,12,195,0
53643,1,1,Computer,3,7,Debit Card,Female,3,4,Mobile Phone,4,Single,3,1,12,2,3,3,148.02,3,3,4,4
53644,1,8,Phone,1,10,Debit Card,Male,3,4,Mobile Phone,5,Divorced,6,0,13,2,2,3,148.62,3,2,24,0
53645,0,16,Computer,1,9,Debit Card,Male,3,4,Grocery,3,Divorced,2,1,15,1,3,11,303.61,11,3,64,12
53646,0,29,Mobile Phone,1,9,Credit Card,Female,3,6,Others,3,Divorced,6,0,15,6,10,12,316.87,12,10,319,0
53647,0,30,Mobile Phone,2,15,Debit Card,Male,3,4,Others,4,Single,8,0,15,2,8,8,322.17,8,8,270,0
53648,0,14,Computer,1,23,Debit Card,Male,4,4,Mobile Phone,3,Married,11,0,17,2,2,1,160.44,1,2,42,0
53649,0,8,Mobile Phone,1,16,Debit Card,Male,3,4,Fashion,2,Married,2,0,12,2,2,3,210.0,3,2,24,0
53650,0,14,Mobile Phone,1,9,Debit Card,Male,4,4,Laptop & Accessory,2,Single,3,0,14,4,9,9,171.61,9,9,140,0
53651,0,15,Computer,3,7,E wallet,Female,4,4,Laptop & Accessory,5,Married,2,0,18,1,2,8,166.03,8,2,45,0
53652,0,9,Computer,1,11,Debit Card,Male,3,4,Laptop & Accessory,3,Single,3,1,12,2,2,2,167.49,2,2,27,3
53653,0,25,Mobile Phone,2,12,Debit Card,Male,3,4,Grocery,4,Married,3,1,12,1,2,11,265.26,11,2,75,12
53654,0,12,Mobile Phone,3,9,Debit Card,Female,3,4,Laptop & Accessory,5,Married,5,0,16,1,2,8,193.93,8,2,36,0
53655,0,8,Mobile Phone,3,22,Credit Card,Female,4,4,Laptop & Accessory,5,Single,3,0,13,2,10,7,186.25,7,10,88,0
53656,0,1,Mobile Phone,1,26,Credit Card,Male,4,4,Mobile Phone,2,Divorced,5,0,12,2,2,3,161.69,3,2,3,0
53657,1,21,Mobile Phone,1,14,Credit Card,Female,3,5,Fashion,5,Divorced,9,1,15,5,6,3,225.08,3,6,147,4
53658,0,14,Phone,1,7,Debit Card,Male,3,4,Mobile Phone,4,Divorced,5,0,23,2,2,4,148.87,4,2,42,0
53659,0,10,Computer,3,14,E wallet,Female,3,2,Laptop & Accessory,5,Divorced,4,0,17,6,7,14,171.39,14,7,80,0
53660,0,22,Mobile Phone,1,11,Debit Card,Male,3,4,Fashion,2,Single,3,0,12,2,2,9,203.98,9,2,66,0
53661,0,1,Mobile Phone,3,18,Credit Card,Female,4,2,Mobile Phone,2,Divorced,10,0,15,2,2,1,150.34,1,2,3,0
53662,0,25,Mobile Phone,1,18,Cash on Delivery,Female,3,5,Grocery,4,Single,5,0,17,1,2,4,256.42,4,2,75,0
53663,0,1,Computer,1,7,Debit Card,Female,4,4,Mobile Phone,2,Single,3,0,16,2,2,1,141.11,1,2,3,0
53664,0,9,Mobile Phone,1,7,Credit Card,Female,3,5,Laptop & Accessory,2,Divorced,2,0,13,2,2,1,178.63,1,2,27,0
53665,0,1,Computer,3,9,Debit Card,Male,3,6,Laptop & Accessory,2,Single,5,0,21,2,2,1,175.71,1,2,3,0
53666,1,19,Mobile Phone,3,20,E wallet,Male,3,2,Grocery,3,Single,8,1,18,1,4,9,261.95,9,4,95,10
53667,0,30,Mobile Phone,1,30,Debit Card,Male,4,4,Grocery,4,Divorced,6,1,13,12,2,10,259.02,10,2,90,11
53668,0,8,Computer,1,33,COD,Female,4,5,Mobile Phone,3,Married,3,0,21,2,2,1,145.29,1,2,24,0
53669,0,14,Mobile Phone,1,9,Credit Card,Female,3,2,Laptop & Accessory,3,Married,7,0,21,6,12,9,188.77,9,12,182,0
53670,0,8,Mobile Phone,1,36,Credit Card,Male,3,4,Laptop & Accessory,3,Divorced,6,0,14,1,8,8,179.29,8,8,72,0
53671,1,1,Computer,3,9,Debit Card,Female,3,5,Mobile Phone,2,Single,9,0,15,1,2,1,152.85,1,2,3,0
53672,1,1,Computer,3,25,E wallet,Female,4,4,Laptop & Accessory,3,Divorced,2,1,19,4,4,3,171.14,3,4,5,4
53673,0,12,Computer,1,14,Debit Card,Male,3,2,Mobile Phone,3,Married,3,0,12,1,2,4,151.1,4,2,36,0
53674,0,8,Mobile Phone,1,9,COD,Female,4,4,Laptop & Accessory,2,Single,3,0,12,2,5,12,191.87,12,5,48,0
53675,0,2,Mobile Phone,3,33,Debit Card,Male,3,5,Laptop & Accessory,5,Divorced,3,0,12,2,2,5,172.24,5,2,6,0
53676,1,1,Mobile Phone,1,29,Credit Card,Male,4,4,Laptop & Accessory,3,Divorced,3,1,16,4,7,8,186.79,8,7,8,9
53677,0,13,Mobile Phone,3,28,Debit Card,Male,3,5,Laptop & Accessory,2,Divorced,5,1,13,1,2,5,186.2,5,2,39,6
53678,0,25,Computer,3,9,E wallet,Male,3,4,Fashion,4,Divorced,4,0,12,1,4,3,230.96,3,4,125,0
53679,0,15,Computer,1,29,Debit Card,Female,4,4,Laptop & Accessory,2,Married,5,1,15,1,4,4,179.67,4,4,75,5
53680,0,11,Mobile Phone,1,11,Debit Card,Male,3,4,Mobile Phone,3,Divorced,9,1,16,2,2,4,154.96,4,2,33,5
53681,0,7,Computer,3,12,Debit Card,Male,4,4,Laptop & Accessory,2,Divorced,8,0,14,2,2,3,224.98,3,2,21,0
53682,0,6,Mobile Phone,3,9,E wallet,Male,3,4,Laptop & Accessory,4,Divorced,2,1,14,1,2,3,165.78,3,2,18,4
53683,0,13,Computer,1,32,Debit Card,Male,4,4,Fashion,3,Divorced,5,0,22,1,2,6,234.2,6,2,39,0
53684,0,1,Mobile Phone,3,25,Debit Card,Male,4,2,Laptop & Accessory,3,Divorced,4,0,12,1,2,3,187.32,3,2,3,0
53685,0,26,Computer,1,35,Credit Card,Female,3,2,Grocery,3,Divorced,4,1,12,1,2,3,257.47,3,2,78,4
53686,0,17,Mobile Phone,1,13,Credit Card,Female,4,5,Laptop & Accessory,3,Single,3,1,15,2,2,9,165.81,9,2,51,10
53687,0,1,Mobile Phone,3,17,E wallet,Female,4,5,Laptop & Accessory,2,Divorced,3,1,12,3,5,5,182.69,5,5,6,6
53688,1,1,Phone,1,24,Debit Card,Female,3,4,Mobile Phone,3,Single,3,1,14,4,8,8,148.94,8,8,9,9
53689,0,1,Mobile Phone,1,9,Credit Card,Male,3,5,Mobile Phone,2,Single,2,0,13,1,2,2,164.04,2,2,3,0
53690,0,16,Mobile Phone,2,17,UPI,Female,3,4,Grocery,5,Divorced,2,0,15,1,2,10,292.99,10,2,48,0
53691,0,26,Mobile Phone,1,15,UPI,Female,3,4,Mobile Phone,5,Divorced,11,0,14,2,2,5,154.5,5,2,78,0
53692,0,11,Mobile Phone,1,18,Credit Card,Female,4,4,Mobile Phone,3,Single,6,0,19,1,2,3,161.29,3,2,33,0
53693,0,9,Computer,1,25,Debit Card,Male,3,4,Fashion,2,Single,4,0,12,1,3,3,218.62,3,3,36,0
53694,0,1,Mobile Phone,1,7,COD,Male,3,4,Mobile Phone,2,Divorced,6,0,12,2,2,3,157.29,3,2,3,0
53695,0,1,Mobile Phone,1,14,UPI,Male,4,2,Mobile Phone,5,Single,2,0,13,2,2,8,160.78,8,2,3,0
53696,0,3,Mobile Phone,2,24,UPI,Male,3,5,Fashion,5,Single,3,0,14,1,2,10,204.88,10,2,9,0
53697,1,1,Computer,1,35,Debit Card,Male,4,5,Laptop & Accessory,5,Single,5,0,21,1,2,4,167.84,4,2,3,0
53698,1,1,Computer,1,21,UPI,Female,3,4,Fashion,2,Single,2,1,13,3,8,8,200.53,8,8,9,9
53699,0,28,Mobile Phone,1,7,Credit Card,Female,3,4,Grocery,2,Single,8,0,15,6,13,8,298.28,8,13,392,0
53700,0,31,Mobile Phone,1,7,Credit Card,Female,4,4,Others,5,Divorced,5,1,15,2,2,6,322.01,6,2,93,7
53701,0,29,Mobile Phone,1,7,Credit Card,Male,3,2,Grocery,2,Married,4,0,14,1,2,1,272.32,1,2,87,0
53702,0,10,Mobile Phone,3,10,E wallet,Female,3,4,Laptop & Accessory,4,Single,5,1,17,1,2,3,217.78,3,2,30,4
53703,1,1,Computer,3,7,Debit Card,Female,3,6,Mobile Phone,3,Single,3,0,13,2,2,1,138.59,1,2,3,0
53704,0,4,Mobile Phone,3,14,E wallet,Female,4,4,Laptop & Accessory,5,Married,9,0,15,2,2,3,172.79,3,2,12,0
53705,0,5,Mobile Phone,1,15,Debit Card,Female,4,4,Grocery,4,Single,5,0,12,1,2,1,289.22,1,2,15,0
53706,0,8,Computer,1,7,UPI,Male,4,4,Mobile Phone,5,Married,7,0,15,2,2,4,154.96,4,2,24,0
53707,1,1,Phone,1,15,Debit Card,Female,3,5,Mobile Phone,4,Single,3,0,13,1,2,1,137.61,1,2,3,0
53708,0,1,Phone,1,18,Debit Card,Male,4,4,Mobile Phone,5,Divorced,2,0,15,2,2,5,145.99,5,2,3,0
53709,0,10,Mobile Phone,1,11,Debit Card,Male,3,5,Laptop & Accessory,2,Single,3,0,17,2,2,9,183.1,9,2,30,0
53710,0,10,Mobile Phone,3,23,E wallet,Female,4,5,Laptop & Accessory,5,Divorced,6,0,14,2,2,3,181.47,3,2,30,0
53711,0,21,Mobile Phone,1,7,COD,Male,4,4,Mobile Phone,2,Divorced,9,0,13,2,2,3,159.2,3,2,63,0
53712,1,1,Mobile Phone,3,16,Debit Card,Male,4,5,Mobile Phone,5,Divorced,5,0,13,2,3,3,169.0,3,3,4,0
53713,0,11,Computer,1,12,COD,Male,3,2,Mobile Phone,3,Single,2,0,15,2,2,4,160.0,4,2,33,0
53714,0,30,Phone,1,7,Debit Card,Female,3,4,Mobile Phone,5,Divorced,4,0,23,2,2,1,145.66,1,2,90,0
53715,0,21,Mobile Phone,1,9,Credit Card,Female,3,4,Grocery,3,Divorced,5,0,15,4,6,7,296.69,7,6,147,0
53716,0,1,Mobile Phone,3,11,Credit Card,Female,3,4,Laptop & Accessory,3,Divorced,3,1,13,2,2,4,166.62,4,2,3,5
53717,0,6,Mobile Phone,3,14,E wallet,Male,4,4,Laptop & Accessory,2,Divorced,6,0,13,2,2,3,217.04,3,2,18,0
53718,0,8,Mobile Phone,1,7,Debit Card,Female,3,5,Mobile Phone,4,Divorced,7,0,18,2,2,3,157.94,3,2,24,0
53719,0,15,Phone,1,12,Credit Card,Male,3,2,Mobile Phone,3,Divorced,4,1,13,2,2,4,146.27,4,2,45,5
53720,0,14,Computer,1,16,UPI,Male,3,4,Laptop & Accessory,3,Married,5,0,12,2,2,8,164.75,8,2,42,0
53721,0,5,Mobile Phone,3,15,Debit Card,Male,3,4,Fashion,2,Married,3,0,19,3,2,10,232.93,10,2,15,0
53722,1,10,Mobile Phone,3,16,E wallet,Male,3,4,Fashion,1,Married,6,0,12,1,5,3,225.96,3,5,60,0
53723,1,3,Computer,1,9,Debit Card,Female,3,5,Mobile Phone,5,Single,4,1,24,1,2,1,161.46,1,2,9,2
53724,1,1,Computer,1,7,Debit Card,Female,4,2,Fashion,4,Single,3,0,12,4,5,8,199.46,8,5,6,0
53725,0,19,Mobile Phone,1,27,Credit Card,Male,4,6,Fashion,5,Married,4,1,19,1,2,8,233.51,8,2,57,9
53726,0,5,Phone,2,15,Credit Card,Female,4,2,Mobile Phone,4,Single,11,0,19,1,2,3,146.09,3,2,15,0
53727,1,1,Computer,1,9,Debit Card,Male,4,4,Mobile Phone,1,Divorced,8,1,14,3,3,3,162.22,3,3,4,4
53728,0,19,Mobile Phone,1,36,Cash on Delivery,Male,3,4,Fashion,1,Divorced,6,1,19,2,2,3,218.8,3,2,57,4
53729,0,22,Mobile Phone,3,14,E wallet,Male,4,4,Laptop & Accessory,5,Married,6,0,12,2,3,3,179.86,3,3,88,0
53730,1,1,Mobile Phone,2,16,COD,Female,3,4,Mobile Phone,3,Divorced,3,0,16,2,3,3,152.42,3,3,4,0
53731,0,14,Computer,1,15,Credit Card,Male,3,5,Fashion,4,Married,4,0,12,1,5,9,262.57,9,5,84,0
53732,0,2,Mobile Phone,3,12,Credit Card,Male,3,4,Laptop & Accessory,5,Single,2,0,19,2,2,3,209.63,3,2,6,0
53733,0,18,Computer,1,12,Debit Card,Male,3,5,Mobile Phone,3,Single,5,0,15,1,2,4,156.62,4,2,54,0
53734,0,27,Mobile Phone,1,9,Credit Card,Male,3,2,Grocery,4,Single,6,0,13,1,9,9,290.98,9,9,270,0
53735,0,23,Mobile Phone,1,12,COD,Male,4,4,Laptop & Accessory,3,Divorced,4,0,15,1,2,3,191.51,3,2,69,0
53736,0,14,Phone,1,9,Credit Card,Male,4,4,Mobile Phone,3,Married,4,0,15,1,2,3,148.45,3,2,42,0
53737,0,18,Mobile Phone,1,27,Debit Card,Male,3,4,Mobile Phone,4,Single,3,0,14,2,2,4,159.2,4,2,54,0
53738,0,7,Computer,3,14,Credit Card,Male,3,4,Laptop & Accessory,5,Divorced,2,0,15,1,2,4,168.73,4,2,21,0
53739,0,8,Mobile Phone,3,10,UPI,Male,3,6,Laptop & Accessory,5,Single,5,0,19,3,4,13,172.59,13,4,40,0
53740,0,4,Mobile Phone,3,23,Debit Card,Male,4,4,Laptop & Accessory,3,Divorced,10,0,16,1,3,3,178.01,3,3,16,0
53741,0,16,Computer,1,16,Credit Card,Female,4,4,Mobile Phone,1,Single,3,0,14,5,6,9,161.73,9,6,112,0
53742,0,18,Computer,3,7,E wallet,Female,4,4,Laptop & Accessory,3,Divorced,9,0,13,2,2,1,172.68,1,2,54,0
53743,0,4,Computer,1,14,COD,Male,4,4,Mobile Phone,3,Married,3,0,14,1,2,1,137.74,1,2,12,0
53744,0,51,Mobile Phone,1,7,Debit Card,Male,4,2,Laptop & Accessory,3,Divorced,2,0,25,2,3,9,174.0,9,3,204,0
53745,0,23,Mobile Phone,1,14,Debit Card,Male,3,4,Fashion,4,Married,5,0,15,1,2,3,229.66,3,2,69,0
53746,0,8,Computer,1,22,Credit Card,Male,4,4,Grocery,5,Married,9,0,15,3,7,10,295.07,10,7,64,0
53747,1,1,Computer,3,7,COD,Male,4,4,Mobile Phone,3,Divorced,5,0,16,2,2,3,154.09,3,2,3,0
53748,1,1,Computer,3,20,COD,Female,3,4,Laptop & Accessory,4,Single,7,0,12,1,2,1,182.65,1,2,3,0
53749,1,1,Mobile Phone,3,31,Credit Card,Female,3,5,Laptop & Accessory,4,Single,2,1,24,3,11,11,170.99,11,11,12,12
53750,0,9,Phone,3,14,Debit Card,Male,4,4,Mobile Phone,3,Divorced,3,0,14,2,2,1,149.04,1,2,27,0
53751,1,1,Computer,1,16,Credit Card,Male,3,4,Mobile Phone,5,Single,4,1,12,1,2,1,156.72,1,2,3,2
53752,0,1,Computer,3,20,Debit Card,Female,4,4,Mobile Phone,4,Divorced,3,0,14,1,2,1,145.33,1,2,3,0
53753,0,18,Computer,1,9,Credit Card,Male,3,4,Fashion,3,Single,7,1,19,1,3,3,227.09,3,3,72,4
53754,0,3,Mobile Phone,3,26,Debit Card,Male,4,5,Laptop & Accessory,3,Married,3,0,15,2,2,3,211.2,3,2,9,0
53755,0,4,Phone,2,7,Debit Card,Male,3,4,Mobile Phone,3,Married,2,0,22,1,2,4,145.64,4,2,12,0
53756,0,29,Mobile Phone,1,11,Debit Card,Male,2,4,Laptop & Accessory,3,Divorced,2,1,17,1,2,3,165.35,3,2,87,4
53757,0,7,Mobile Phone,1,11,Credit Card,Female,3,5,Mobile Phone,4,Divorced,10,0,12,1,2,3,163.38,3,2,21,0
53758,0,21,Mobile Phone,3,21,Credit Card,Female,4,4,Laptop & Accessory,3,Divorced,5,1,18,2,2,3,170.91,3,2,63,4
53759,1,1,Computer,1,9,Credit Card,Male,3,5,Mobile Phone,5,Single,9,0,12,1,2,1,150.61,1,2,3,0
53760,0,2,Phone,1,7,Debit Card,Male,4,5,Mobile Phone,3,Married,3,0,15,1,2,1,140.63,1,2,6,0
53761,0,2,Computer,3,14,Debit Card,Male,3,4,Laptop & Accessory,5,Single,2,0,15,2,2,4,173.98,4,2,6,0
53762,0,23,Mobile Phone,1,10,Credit Card,Female,3,5,Laptop & Accessory,5,Divorced,6,0,26,2,2,3,172.89,3,2,69,0
53763,0,3,Computer,1,9,Debit Card,Female,4,4,Mobile Phone,4,Divorced,2,0,14,1,2,3,156.8,3,2,9,0
53764,0,2,Mobile Phone,1,36,Debit Card,Male,4,6,Laptop & Accessory,4,Divorced,3,0,15,2,2,8,190.49,8,2,6,0
53765,0,7,Mobile Phone,1,15,Debit Card,Male,4,4,Laptop & Accessory,3,Single,4,1,18,1,2,1,188.88,1,2,21,2
53766,0,6,Mobile Phone,1,17,Credit Card,Male,1,4,Fashion,1,Single,4,0,26,1,2,1,237.44,1,2,18,0
53767,0,28,Computer,1,18,Credit Card,Female,3,4,Grocery,1,Married,5,0,21,1,2,13,285.32,13,2,84,0
53768,1,1,Phone,1,7,COD,Male,4,5,Mobile Phone,5,Single,8,0,14,1,2,8,148.62,8,2,3,0
53769,0,18,Mobile Phone,1,35,Debit Card,Male,3,4,Grocery,5,Divorced,5,0,14,1,15,18,288.28,18,15,288,0
53770,0,13,Mobile Phone,1,13,Debit Card,Female,3,4,Fashion,4,Single,6,0,19,1,3,3,208.76,3,3,52,0
53771,0,20,Mobile Phone,3,10,Debit Card,Female,3,4,Grocery,4,Divorced,10,0,13,1,6,2,291.06,2,6,140,0
53772,0,9,Mobile Phone,1,23,Debit Card,Female,4,5,Fashion,4,Single,3,0,20,2,4,3,211.06,3,4,45,0
53773,0,1,Phone,1,27,Debit Card,Male,4,4,Laptop & Accessory,3,Single,2,0,15,2,2,3,147.72,3,2,3,0
53774,1,4,Phone,1,16,Debit Card,Male,3,4,Mobile Phone,5,Single,5,0,15,2,2,1,145.18,1,2,12,0
53775,0,8,Mobile Phone,3,7,Cash on Delivery,Male,4,5,Fashion,3,Divorced,3,1,15,8,9,7,195.83,7,9,80,8
53776,1,1,Computer,1,10,Debit Card,Female,3,4,Mobile Phone,3,Single,3,0,13,7,8,8,165.84,8,8,9,0
53777,0,24,Computer,1,29,Credit Card,Male,3,6,Grocery,1,Single,3,1,14,1,14,10,269.11,10,14,360,11
53778,0,8,Phone,3,14,COD,Male,3,4,Mobile Phone,3,Married,2,1,26,1,6,8,148.08,8,6,56,9
53779,0,16,Mobile Phone,1,9,Credit Card,Male,4,5,Mobile Phone,4,Married,6,0,15,2,2,1,173.41,1,2,48,0
53780,0,11,Mobile Phone,1,20,Credit Card,Male,3,4,Laptop & Accessory,1,Married,3,0,18,1,4,8,167.85,8,4,55,0
53781,0,3,Mobile Phone,1,15,UPI,Female,3,6,Laptop & Accessory,5,Married,5,0,14,1,2,3,222.15,3,2,9,0
53782,0,7,Mobile Phone,1,32,Debit Card,Male,3,5,Laptop & Accessory,4,Single,3,0,14,1,2,3,168.2,3,2,21,0
53783,0,19,Phone,1,35,COD,Male,4,4,Mobile Phone,1,Married,6,0,21,2,2,4,146.32,4,2,57,0
53784,0,16,Computer,1,9,Debit Card,Male,3,4,Fashion,1,Married,4,1,15,13,14,3,226.24,3,14,240,4
53785,0,14,Mobile Phone,3,16,Credit Card,Male,3,4,Laptop & Accessory,5,Married,2,0,13,3,8,2,179.73,2,8,126,0
53786,0,7,Mobile Phone,1,35,Debit Card,Male,4,4,Laptop & Accessory,3,Married,3,1,13,2,6,8,177.07,8,6,49,9
53787,0,14,Mobile Phone,2,13,Credit Card,Male,3,4,Grocery,1,Single,3,1,22,1,8,8,289.37,8,8,126,9
53788,0,1,Phone,1,28,COD,Male,3,5,Mobile Phone,5,Married,2,0,15,1,2,1,147.96,1,2,3,0
53789,0,14,Computer,1,15,Debit Card,Male,4,4,Laptop & Accessory,1,Married,5,1,19,3,3,3,165.69,3,3,56,4
53790,0,19,Mobile Phone,1,7,Cash on Delivery,Male,4,4,Fashion,4,Married,3,0,13,7,8,8,199.41,8,8,171,0
53791,0,9,Phone,3,7,Debit Card,Female,4,5,Mobile Phone,3,Married,2,0,24,3,5,3,149.3,3,5,54,0
53792,0,6,Mobile Phone,1,12,Debit Card,Female,4,5,Laptop & Accessory,4,Married,5,0,13,2,3,6,183.78,6,3,24,0
53793,0,10,Mobile Phone,3,9,Debit Card,Male,4,4,Mobile Phone,1,Single,5,1,22,1,2,3,151.44,3,2,30,4
53794,0,22,Mobile Phone,3,23,Debit Card,Female,4,4,Laptop & Accessory,3,Married,10,0,15,2,8,8,189.39,8,8,198,0
53795,0,3,Mobile Phone,1,16,Debit Card,Male,4,2,Mobile Phone,3,Married,8,0,19,2,2,1,149.51,1,2,9,0
53796,0,7,Mobile Phone,3,15,Debit Card,Male,3,4,Laptop & Accessory,5,Married,4,0,14,3,3,3,188.92,3,3,28,0
53797,1,1,Mobile Phone,3,7,Debit Card,Male,4,5,Laptop & Accessory,5,Married,3,0,12,4,7,3,222.14,3,7,8,0
53798,0,12,Computer,2,17,UPI,Male,4,4,Laptop & Accessory,3,Married,5,0,12,1,2,3,185.77,3,2,36,0
53799,0,9,Phone,1,7,Credit Card,Male,4,5,Mobile Phone,5,Single,3,0,20,1,2,3,149.5,3,2,27,0
53800,0,4,Mobile Phone,3,36,Cash on Delivery,Male,3,4,Fashion,4,Married,5,0,13,1,2,3,217.5,3,2,12,0
53801,1,1,Phone,1,9,Debit Card,Female,4,4,Mobile Phone,5,Married,3,1,13,2,2,1,145.74,1,2,3,2
53802,1,17,Mobile Phone,1,9,Cash on Delivery,Female,4,5,Fashion,1,Married,2,0,17,2,2,3,226.69,3,2,51,0
53803,1,2,Mobile Phone,1,9,Credit Card,Male,3,4,Laptop & Accessory,4,Married,6,0,12,1,2,5,173.55,5,2,6,0
53804,0,6,Computer,1,7,COD,Male,4,4,Laptop & Accessory,5,Married,6,0,15,2,2,3,165.87,3,2,18,0
53805,0,22,Phone,1,22,UPI,Female,4,4,Mobile Phone,5,Married,10,0,13,8,8,7,148.67,7,8,198,0
53806,0,8,Mobile Phone,1,14,Credit Card,Male,3,4,Mobile Phone,1,Single,3,0,14,1,2,1,154.72,1,2,24,0
53807,0,29,Mobile Phone,3,33,E wallet,Male,3,5,Others,1,Married,3,0,15,3,3,14,320.86,14,3,116,0
53808,0,8,Mobile Phone,1,7,Debit Card,Male,3,4,Laptop & Accessory,1,Married,11,0,18,2,3,2,179.84,2,3,32,0
53809,0,1,Phone,1,10,Debit Card,Female,3,4,Mobile Phone,1,Married,3,0,22,2,2,1,145.61,1,2,3,0
53810,0,12,Mobile Phone,3,21,Debit Card,Male,4,4,Laptop & Accessory,4,Married,2,0,12,6,8,3,224.24,3,8,108,0
53811,0,12,Mobile Phone,3,23,Debit Card,Female,3,4,Laptop & Accessory,4,Single,4,0,13,1,2,3,166.98,3,2,36,0
53812,0,10,Mobile Phone,3,7,Debit Card,Female,4,4,Laptop & Accessory,3,Single,8,0,14,2,2,1,193.15,1,2,30,0
53813,0,3,Mobile Phone,1,10,Credit Card,Male,3,4,Mobile Phone,5,Single,3,1,19,1,2,6,172.23,6,2,9,7
53814,0,9,Mobile Phone,1,17,Credit Card,Female,3,4,Laptop & Accessory,3,Single,5,1,17,2,2,5,186.42,5,2,27,6
53815,0,13,Mobile Phone,3,13,Credit Card,Male,3,2,Fashion,3,Married,4,0,12,5,8,7,207.37,7,8,117,0
53816,0,3,Computer,1,9,Debit Card,Male,3,4,Laptop & Accessory,1,Married,3,0,20,1,2,3,213.53,3,2,9,0
53817,0,24,Mobile Phone,3,6,E wallet,Male,3,4,Others,3,Married,6,1,15,1,2,1,318.31,1,2,72,2
53818,0,1,Phone,1,17,COD,Male,3,2,Mobile Phone,3,Married,4,0,17,3,3,3,145.73,3,3,4,0
53819,0,10,Computer,1,13,Debit Card,Male,4,2,Laptop & Accessory,5,Married,5,1,14,2,2,3,180.62,3,2,30,4
53820,0,16,Mobile Phone,1,16,UPI,Male,4,5,Others,1,Single,10,0,15,2,2,2,321.13,2,2,48,0
53821,0,9,Mobile Phone,1,35,Debit Card,Male,3,2,Laptop & Accessory,3,Married,3,0,18,6,7,9,159.07,9,7,72,0
53822,0,8,Computer,1,17,COD,Male,4,5,Laptop & Accessory,3,Married,3,0,15,3,8,8,175.63,8,8,72,0
53823,0,14,Mobile Phone,3,21,Debit Card,Female,3,4,Laptop & Accessory,5,Married,3,0,16,1,2,3,171.39,3,2,42,0
53824,0,17,Mobile Phone,1,34,COD,Male,3,2,Mobile Phone,4,Married,7,0,13,2,2,3,173.76,3,2,51,0
53825,0,9,Mobile Phone,1,14,Debit Card,Male,4,5,Mobile Phone,1,Married,3,0,19,2,2,2,151.9,2,2,27,0
53826,0,20,Mobile Phone,3,7,Debit Card,Male,3,2,Grocery,5,Single,3,0,15,2,2,13,300.67,13,2,60,0
53827,1,1,Phone,1,31,Credit Card,Male,3,4,Mobile Phone,4,Married,3,1,18,1,2,1,149.08,1,2,3,2
53828,0,1,Computer,1,33,UPI,Female,3,5,Mobile Phone,3,Married,3,1,15,1,2,4,153.14,4,2,3,5
53829,0,24,Computer,1,27,Credit Card,Male,3,4,Grocery,3,Married,4,1,16,4,2,14,237.45,14,2,72,15
53830,0,6,Mobile Phone,1,12,UPI,Female,3,2,Mobile Phone,1,Married,5,0,18,2,2,3,158.12,3,2,18,0
53831,0,18,Mobile Phone,1,14,Credit Card,Female,3,4,Others,1,Married,2,1,15,2,2,11,315.49,11,2,54,12
53832,0,4,Phone,1,14,Credit Card,Male,3,5,Mobile Phone,4,Married,3,0,13,1,2,2,146.41,2,2,12,0
53833,0,19,Mobile Phone,1,12,Credit Card,Female,3,6,Laptop & Accessory,5,Single,3,1,15,2,2,5,182.69,5,2,57,6
53834,0,19,Computer,3,33,E wallet,Male,3,5,Laptop & Accessory,5,Married,3,0,16,1,5,6,168.85,6,5,114,0
53835,0,5,Computer,3,9,UPI,Male,3,4,Laptop & Accessory,5,Single,9,0,14,1,2,4,178.32,4,2,15,0
53836,0,10,Mobile Phone,1,19,Debit Card,Female,4,4,Laptop & Accessory,3,Married,11,1,13,1,2,2,171.63,2,2,30,3
53837,0,8,Computer,1,17,Debit Card,Male,3,2,Laptop & Accessory,1,Married,3,0,14,6,8,3,172.24,3,8,72,0
53838,0,23,Mobile Phone,1,32,Debit Card,Female,3,4,Mobile Phone,5,Married,3,0,15,1,2,5,157.11,5,2,69,0
53839,0,13,Mobile Phone,1,17,Credit Card,Male,4,4,Laptop & Accessory,5,Married,4,0,14,5,8,8,178.77,8,8,117,0
53840,0,1,Mobile Phone,1,26,UPI,Male,4,5,Mobile Phone,5,Married,3,0,12,1,2,8,165.66,8,2,3,0
53841,0,9,Mobile Phone,1,25,Debit Card,Male,3,2,Laptop & Accessory,5,Married,3,0,12,1,2,11,177.08,11,2,27,0
53842,0,2,Mobile Phone,1,34,Credit Card,Female,3,6,Laptop & Accessory,5,Married,2,0,22,2,2,1,25.0,1,2,6,0
53843,0,1,Mobile Phone,1,12,Credit Card,Male,4,4,Mobile Phone,1,Single,3,0,19,2,3,3,156.17,3,3,4,0
53844,1,1,Computer,3,10,Credit Card,Female,4,4,Mobile Phone,1,Single,3,1,13,1,2,1,140.69,1,2,3,2
53845,0,21,Mobile Phone,2,33,Debit Card,Female,4,4,Others,3,Married,5,0,15,2,2,1,321.58,1,2,63,0
53846,0,13,Mobile Phone,1,10,Credit Card,Male,4,5,Laptop & Accessory,3,Married,2,0,16,1,2,8,155.69,8,2,39,0
53847,0,14,Mobile Phone,1,22,Debit Card,Female,4,5,Fashion,3,Married,3,0,14,2,15,3,229.35,3,15,224,0
53848,0,9,Computer,1,15,Debit Card,Female,3,4,Laptop & Accessory,3,Married,3,0,13,3,3,10,166.48,10,3,36,0
53849,0,11,Mobile Phone,1,26,Debit Card,Male,3,4,Laptop & Accessory,3,Married,5,0,18,1,2,3,182.68,3,2,33,0
53850,0,13,Computer,1,11,Credit Card,Female,3,4,Laptop & Accessory,3,Single,2,0,14,4,4,9,175.42,9,4,65,0
53851,0,19,Mobile Phone,1,9,UPI,Female,3,5,Laptop & Accessory,1,Married,3,0,20,3,4,10,182.7,10,4,95,0
53852,0,12,Mobile Phone,1,9,Credit Card,Female,3,5,Fashion,3,Married,5,1,20,2,2,3,202.56,3,2,36,4
53853,1,1,Mobile Phone,3,17,Credit Card,Male,3,5,Fashion,5,Married,11,0,18,5,7,3,228.06,3,7,8,0
53854,0,11,Mobile Phone,1,17,Credit Card,Female,4,4,Mobile Phone,4,Married,3,0,12,2,8,8,164.36,8,8,99,0
53855,0,14,Mobile Phone,1,23,Debit Card,Female,3,4,Fashion,1,Single,8,1,16,2,4,4,204.45,4,4,70,5
53856,0,18,Computer,2,7,UPI,Male,3,4,Laptop & Accessory,1,Married,6,1,12,2,2,3,182.43,3,2,54,4
53857,0,22,Computer,1,11,Credit Card,Male,3,5,Grocery,1,Married,4,0,26,1,3,3,277.02,3,3,88,0
53858,1,1,Mobile Phone,3,22,Credit Card,Male,3,6,Laptop & Accessory,1,Married,8,1,15,2,3,3,179.4,3,3,4,4
53859,0,1,Computer,1,9,COD,Female,3,4,Mobile Phone,1,Single,3,1,14,2,2,4,162.6,4,2,3,5
53860,0,1,Mobile Phone,1,15,Credit Card,Female,3,2,Mobile Phone,3,Married,9,0,18,1,2,3,160.17,3,2,3,0
53861,0,1,Computer,1,9,Credit Card,Male,3,4,Mobile Phone,1,Single,4,0,14,1,2,3,150.8,3,2,3,0
53862,1,4,Phone,1,14,Debit Card,Male,4,4,Mobile Phone,5,Single,5,1,15,1,2,4,146.66,4,2,12,5
53863,0,3,Mobile Phone,3,17,Credit Card,Male,3,5,Laptop & Accessory,3,Single,11,0,12,2,2,5,183.69,5,2,9,0
53864,0,10,Mobile Phone,1,12,Debit Card,Female,3,4,Fashion,5,Married,6,0,13,2,2,3,205.08,3,2,30,0
53865,0,1,Computer,1,9,Debit Card,Male,4,2,Laptop & Accessory,3,Married,3,0,18,1,2,8,177.06,8,2,3,0
53866,0,13,Mobile Phone,1,19,Credit Card,Male,4,4,Laptop & Accessory,4,Married,6,0,22,2,2,1,177.95,1,2,39,0
53867,0,23,Mobile Phone,1,29,UPI,Female,4,4,Grocery,4,Married,5,0,17,1,2,3,289.13,3,2,69,0
53868,0,24,Mobile Phone,1,24,Debit Card,Female,3,5,Fashion,5,Married,7,0,16,2,2,12,257.69,12,2,72,0
53869,0,1,Mobile Phone,3,9,Credit Card,Female,3,4,Mobile Phone,3,Single,3,0,20,1,3,3,152.83,3,3,4,0
53870,0,8,Mobile Phone,1,10,Debit Card,Female,4,4,Laptop & Accessory,4,Married,3,0,13,8,8,10,179.33,10,8,72,0
53871,0,10,Phone,1,14,Debit Card,Male,4,4,Mobile Phone,4,Single,4,0,12,1,2,4,145.13,4,2,30,0
53872,0,23,Mobile Phone,1,13,Debit Card,Female,3,5,Grocery,3,Married,4,1,20,1,3,13,264.66,13,3,92,14
53873,0,10,Computer,1,7,Credit Card,Female,3,5,Laptop & Accessory,3,Married,2,0,16,2,2,3,168.74,3,2,30,0
53874,0,10,Mobile Phone,1,10,Debit Card,Male,4,2,Laptop & Accessory,5,Married,8,0,21,2,2,5,193.42,5,2,30,0
53875,0,28,Mobile Phone,1,29,Credit Card,Female,4,4,Grocery,3,Married,5,0,15,3,5,8,299.26,8,5,168,0
53876,0,17,Mobile Phone,1,22,Debit Card,Male,4,5,Grocery,3,Married,3,0,15,5,7,12,301.03,12,7,136,0
53877,1,1,Computer,3,19,UPI,Male,3,4,Laptop & Accessory,1,Single,5,1,25,4,7,8,170.81,8,7,8,9
53878,0,12,Computer,1,7,Debit Card,Male,3,4,Laptop & Accessory,1,Married,9,0,16,3,3,10,172.35,10,3,48,0
53879,0,3,Mobile Phone,3,12,Credit Card,Male,3,5,Laptop & Accessory,4,Married,3,1,14,1,2,10,166.87,10,2,9,11
53880,0,7,Mobile Phone,3,9,Credit Card,Male,4,4,Laptop & Accessory,1,Married,3,0,15,2,2,5,180.05,5,2,21,0
53881,0,6,Mobile Phone,1,9,Credit Card,Male,3,4,Laptop & Accessory,4,Married,2,0,14,1,2,7,179.7,7,2,18,0
53882,0,5,Mobile Phone,3,12,Debit Card,Female,4,4,Laptop & Accessory,1,Married,3,0,12,1,2,3,179.76,3,2,15,0
53883,0,23,Mobile Phone,1,23,Credit Card,Female,4,4,Mobile Phone,5,Married,6,1,17,2,3,3,150.87,3,3,92,4
53884,0,12,Computer,1,9,Credit Card,Female,3,5,Mobile Phone,4,Single,3,0,23,2,4,4,149.4,4,4,60,0
53885,0,21,Mobile Phone,3,9,Debit Card,Female,3,2,Grocery,4,Married,8,0,15,1,2,3,284.72,3,2,63,0
53886,0,23,Mobile Phone,1,7,Debit Card,Male,3,4,Grocery,3,Single,6,0,15,1,2,1,278.79,1,2,69,0
53887,0,15,Mobile Phone,3,30,Debit Card,Male,4,4,Fashion,3,Single,5,1,17,1,2,3,195.82,3,2,45,4
53888,0,1,Mobile Phone,3,16,Debit Card,Male,3,4,Mobile Phone,5,Single,3,0,12,1,2,3,152.28,3,2,3,0
53889,0,7,Computer,3,23,Debit Card,Female,3,4,Laptop & Accessory,1,Married,3,1,26,1,2,3,178.68,3,2,21,4
53890,0,10,Mobile Phone,1,33,Debit Card,Male,4,4,Laptop & Accessory,3,Married,8,0,15,2,2,3,178.47,3,2,30,0
53891,0,18,Mobile Phone,2,7,Debit Card,Female,3,4,Mobile Phone,1,Married,6,1,19,3,3,3,156.95,3,3,72,4
53892,1,1,Mobile Phone,1,15,Credit Card,Male,4,5,Mobile Phone,3,Single,3,1,12,2,2,3,164.89,3,2,3,4
53893,0,12,Mobile Phone,1,11,Credit Card,Female,3,4,Mobile Phone,3,Married,9,0,20,1,2,1,158.06,1,2,36,0
53894,0,27,Mobile Phone,1,31,Credit Card,Male,3,2,Fashion,1,Married,5,0,16,1,2,3,195.05,3,2,81,0
53895,1,12,Computer,3,14,Credit Card,Female,4,4,Mobile Phone,3,Married,4,1,12,5,8,8,151.55,8,8,108,9
53896,1,1,Phone,1,9,Debit Card,Male,4,4,Mobile Phone,4,Single,3,0,13,2,2,1,138.93,1,2,3,0
53897,0,1,Computer,1,14,Credit Card,Male,4,4,Mobile Phone,1,Single,3,0,21,6,6,8,150.7,8,6,7,0
53898,0,29,Mobile Phone,1,29,COD,Male,4,5,Mobile Phone,4,Married,7,0,13,2,2,3,160.37,3,2,87,0
53899,0,8,Mobile Phone,1,12,Credit Card,Male,3,5,Laptop & Accessory,1,Married,3,0,15,5,5,14,164.86,14,5,48,0
53900,0,31,Mobile Phone,1,7,Credit Card,Male,4,6,Fashion,1,Married,5,0,21,1,2,1,233.83,1,2,93,0
53901,0,7,Phone,1,28,Credit Card,Male,4,2,Mobile Phone,4,Married,3,0,19,3,3,14,145.28,14,3,28,0
53902,0,11,Computer,3,7,Credit Card,Male,3,6,Laptop & Accessory,1,Married,3,0,15,1,2,3,220.25,3,2,33,0
53903,0,8,Mobile Phone,1,26,Debit Card,Female,3,5,Mobile Phone,1,Married,3,0,13,4,9,8,154.29,8,9,80,0
53904,1,1,Phone,3,14,Debit Card,Male,3,4,Mobile Phone,1,Married,3,1,22,2,2,3,147.75,3,2,3,4
53905,0,18,Mobile Phone,1,9,Debit Card,Female,4,2,Fashion,1,Married,3,1,20,7,7,8,203.79,8,7,144,9
53906,0,9,Computer,1,9,Credit Card,Male,4,5,Mobile Phone,1,Single,2,1,15,2,2,5,174.3,5,2,27,6
53907,0,17,Mobile Phone,3,9,Credit Card,Male,4,4,Laptop & Accessory,1,Married,3,1,18,1,9,9,203.47,9,9,170,10
53908,0,1,Mobile Phone,1,16,Credit Card,Male,4,2,Mobile Phone,3,Married,3,0,17,1,2,5,169.01,5,2,3,0
53909,0,15,Mobile Phone,3,13,E wallet,Male,3,4,Fashion,3,Single,3,0,13,7,9,3,217.41,3,9,150,0
53910,0,3,Mobile Phone,1,16,Credit Card,Female,3,4,Mobile Phone,3,Married,11,0,18,2,2,3,154.74,3,2,9,0
53911,0,10,Mobile Phone,3,9,Debit Card,Female,3,4,Laptop & Accessory,1,Single,5,0,16,4,7,8,170.02,8,7,80,0
53912,0,19,Computer,1,7,Debit Card,Male,4,5,Fashion,3,Married,5,0,24,4,2,5,232.48,5,2,57,0
53913,1,1,Phone,2,29,UPI,Male,3,6,Mobile Phone,3,Married,3,0,12,1,2,1,140.55,1,2,3,0
53914,1,11,Computer,3,16,Debit Card,Male,3,6,Grocery,3,Married,9,0,12,2,2,11,254.36,11,2,33,0
53915,0,1,Phone,1,24,Credit Card,Male,4,6,Mobile Phone,3,Married,3,0,16,1,2,3,148.05,3,2,3,0
53916,0,19,Mobile Phone,1,35,Cash on Delivery,Female,3,5,Grocery,4,Single,3,0,15,4,9,7,292.04,7,9,190,0
53917,0,6,Computer,1,17,Debit Card,Male,3,4,Mobile Phone,3,Married,8,0,14,1,2,4,159.33,4,2,18,0
53918,0,5,Mobile Phone,1,9,Debit Card,Male,4,4,Mobile Phone,3,Married,3,0,15,1,2,4,159.77,4,2,15,0
53919,0,15,Computer,2,11,UPI,Male,3,6,Laptop & Accessory,4,Married,8,0,20,1,2,3,189.3,3,2,45,0
53920,0,14,Mobile Phone,1,15,Debit Card,Female,4,4,Laptop & Accessory,5,Married,4,1,17,1,2,1,190.16,1,2,42,2
53921,0,1,Mobile Phone,1,36,Credit Card,Male,4,4,Mobile Phone,5,Married,3,0,14,2,2,3,164.07,3,2,3,0
53922,0,20,Mobile Phone,1,20,Debit Card,Male,3,4,Laptop & Accessory,4,Single,8,0,15,2,2,10,180.62,10,2,60,0
53923,0,9,Mobile Phone,1,34,Debit Card,Male,3,4,Laptop & Accessory,3,Married,4,0,17,1,2,8,193.83,8,2,27,0
53924,0,4,Mobile Phone,1,23,Debit Card,Male,3,4,Mobile Phone,1,Married,3,0,13,1,2,9,153.62,9,2,12,0
53925,0,21,Computer,3,9,E wallet,Male,3,4,Laptop & Accessory,4,Married,9,0,12,1,2,1,174.78,1,2,63,0
53926,0,20,Mobile Phone,3,9,Debit Card,Male,4,4,Fashion,1,Married,6,1,13,1,2,3,228.68,3,2,60,4
53927,1,1,Mobile Phone,3,20,E wallet,Male,4,5,Laptop & Accessory,5,Married,7,1,14,3,3,3,186.34,3,3,4,4
53928,1,1,Mobile Phone,3,7,Debit Card,Male,3,6,Laptop & Accessory,4,Single,8,0,16,1,2,1,192.35,1,2,3,0
53929,0,1,Mobile Phone,1,11,Credit Card,Female,3,4,Mobile Phone,4,Single,3,0,14,2,2,3,157.95,3,2,3,0
53930,0,5,Computer,1,31,COD,Female,2,4,Laptop & Accessory,1,Single,4,0,21,2,2,5,177.38,5,2,15,0
53931,0,13,Computer,1,7,Debit Card,Male,4,4,Laptop & Accessory,1,Married,3,1,16,4,6,9,189.72,9,6,91,10
53932,0,6,Mobile Phone,3,26,Debit Card,Male,4,6,Fashion,3,Married,5,0,14,2,2,3,221.1,3,2,18,0
53933,0,14,Mobile Phone,3,14,Credit Card,Male,3,4,Others,4,Single,3,0,15,2,13,9,323.33,9,13,196,0
53934,0,19,Mobile Phone,2,11,Debit Card,Female,3,6,Fashion,3,Married,6,0,22,2,2,3,222.56,3,2,57,0
53935,0,4,Computer,1,9,COD,Female,4,5,Mobile Phone,5,Single,2,0,17,1,2,8,174.68,8,2,12,0
53936,0,1,Computer,2,17,Credit Card,Male,3,4,Mobile Phone,1,Married,2,0,15,2,3,2,146.45,2,3,4,0
53937,1,1,Computer,2,15,UPI,Female,4,5,Mobile Phone,1,Married,8,0,12,2,2,3,146.8,3,2,3,0
53938,0,5,Mobile Phone,3,12,Cash on Delivery,Male,3,4,Laptop & Accessory,3,Married,3,0,20,1,2,3,208.46,3,2,15,0
53939,0,1,Mobile Phone,1,15,Credit Card,Female,4,4,Mobile Phone,1,Single,3,0,12,2,2,5,159.45,5,2,3,0
53940,1,1,Mobile Phone,3,16,E wallet,Female,3,6,Mobile Phone,4,Single,3,0,14,2,3,3,152.6,3,3,4,0
53941,0,3,Computer,1,7,Debit Card,Male,4,2,Laptop & Accessory,3,Single,10,1,13,1,2,3,187.94,3,2,9,4
53942,0,4,Mobile Phone,3,22,E wallet,Male,4,5,Fashion,5,Married,4,0,12,1,2,8,196.4,8,2,12,0
53943,0,8,Mobile Phone,1,9,Credit Card,Male,4,2,Mobile Phone,1,Married,2,1,15,1,2,3,154.32,3,2,24,4
53944,0,7,Computer,3,9,E wallet,Female,4,4,Laptop & Accessory,4,Single,10,0,16,1,2,8,176.47,8,2,21,0
53945,0,23,Mobile Phone,3,18,E wallet,Female,4,4,Laptop & Accessory,1,Single,5,0,13,1,2,5,170.07,5,2,69,0
53946,1,1,Mobile Phone,3,23,Debit Card,Female,4,4,Fashion,5,Single,4,1,21,1,2,3,210.64,3,2,3,4
53947,0,12,Computer,1,9,Credit Card,Female,4,5,Mobile Phone,4,Married,6,0,15,1,2,6,149.68,6,2,36,0
53948,1,1,Mobile Phone,3,23,E wallet,Male,4,4,Fashion,3,Married,4,0,14,2,2,1,206.61,1,2,3,0
53949,0,3,Phone,1,11,COD,Female,4,5,Mobile Phone,5,Married,3,0,14,1,2,1,146.09,1,2,9,0
53950,0,1,Mobile Phone,1,23,Debit Card,Male,3,2,Laptop & Accessory,3,Married,5,0,17,2,2,8,177.94,8,2,3,0
53951,0,6,Computer,1,12,COD,Male,4,4,Mobile Phone,4,Single,4,0,15,2,2,8,152.18,8,2,18,0
53952,0,12,Mobile Phone,1,25,Credit Card,Male,3,6,Laptop & Accessory,1,Married,5,1,17,1,2,1,183.11,1,2,36,2
53953,1,7,Computer,1,24,COD,Male,3,5,Mobile Phone,3,Married,11,1,17,2,2,1,149.37,1,2,21,2
53954,0,16,Mobile Phone,1,19,Credit Card,Male,3,4,Mobile Phone,4,Married,10,0,23,2,2,5,152.66,5,2,48,0
53955,0,29,Mobile Phone,1,9,Credit Card,Male,3,5,Others,5,Married,10,0,15,1,2,1,315.38,1,2,87,0
53956,0,7,Computer,1,11,COD,Male,3,4,Laptop & Accessory,4,Married,7,0,16,1,2,8,155.55,8,2,21,0
53957,0,15,Phone,1,16,Debit Card,Male,4,4,Mobile Phone,5,Married,3,0,21,2,2,5,147.89,5,2,45,0
53958,0,8,Computer,3,17,Debit Card,Male,3,4,Laptop & Accessory,3,Married,3,1,15,2,2,8,165.01,8,2,24,9
53959,0,27,Computer,1,7,Credit Card,Female,3,5,Grocery,3,Married,6,1,21,1,2,3,254.65,3,2,81,4
53960,0,17,Mobile Phone,2,9,Debit Card,Male,4,4,Mobile Phone,1,Single,2,0,14,1,2,9,160.39,9,2,51,0
53961,0,8,Mobile Phone,3,10,Debit Card,Female,3,6,Laptop & Accessory,1,Single,7,0,13,2,3,3,185.29,3,3,32,0
53962,1,1,Mobile Phone,3,14,E wallet,Male,3,4,Mobile Phone,4,Single,3,0,14,2,2,1,151.79,1,2,3,0
53963,0,12,Mobile Phone,1,13,UPI,Female,3,5,Mobile Phone,3,Married,3,0,12,1,2,5,162.02,5,2,36,0
53964,1,1,Phone,1,15,Credit Card,Female,4,4,Mobile Phone,5,Married,3,1,18,1,2,1,148.98,1,2,3,2
53965,0,5,Mobile Phone,3,36,E wallet,Female,4,5,Laptop & Accessory,1,Married,3,0,15,3,6,8,179.68,8,6,35,0
53966,0,25,Mobile Phone,1,10,Cash on Delivery,Female,3,4,Fashion,3,Married,4,0,12,3,2,3,256.16,3,2,75,0
53967,0,11,Mobile Phone,3,16,E wallet,Male,3,5,Laptop & Accessory,4,Married,3,0,15,1,2,4,166.89,4,2,33,0
53968,0,20,Mobile Phone,1,9,Credit Card,Male,3,4,Others,1,Married,9,1,15,2,3,3,318.28,3,3,80,4
53969,0,10,Mobile Phone,1,17,Debit Card,Male,3,4,Fashion,5,Married,9,1,14,2,6,8,208.21,8,6,70,9
53970,1,8,Computer,1,7,Credit Card,Male,3,4,Mobile Phone,4,Married,3,1,13,2,3,4,148.42,4,3,32,5
53971,0,11,Mobile Phone,2,15,UPI,Male,3,4,Laptop & Accessory,4,Married,4,0,14,5,5,8,165.71,8,5,66,0
53972,1,1,Mobile Phone,3,34,Debit Card,Male,3,4,Laptop & Accessory,1,Single,3,1,19,1,8,8,183.13,8,8,9,9
53973,0,7,Mobile Phone,1,15,Debit Card,Male,3,2,Mobile Phone,5,Married,8,0,20,7,8,7,156.43,7,8,63,0
53974,0,2,Phone,1,7,Debit Card,Male,3,4,Mobile Phone,1,Married,3,0,12,1,2,4,145.44,4,2,6,0
53975,0,13,Mobile Phone,1,17,Credit Card,Male,4,4,Fashion,3,Single,9,0,22,3,2,3,259.64,3,2,39,0
53976,0,20,Computer,3,33,Debit Card,Male,4,5,Laptop & Accessory,4,Single,10,0,16,3,3,3,204.91,3,3,80,0
53977,0,14,Mobile Phone,1,9,Debit Card,Female,3,4,Mobile Phone,5,Married,6,0,18,2,2,3,158.77,3,2,42,0
53978,0,16,Mobile Phone,1,20,Credit Card,Male,4,2,Laptop & Accessory,5,Married,7,0,19,2,2,1,180.38,1,2,48,0
53979,0,9,Computer,1,9,Credit Card,Male,3,4,Laptop & Accessory,1,Married,4,0,15,1,2,8,182.62,8,2,27,0
53980,0,12,Computer,2,9,UPI,Male,4,4,Mobile Phone,4,Married,7,0,14,4,4,9,150.92,9,4,60,0
53981,1,1,Computer,1,16,Debit Card,Male,4,4,Laptop & Accessory,5,Married,6,0,18,1,2,8,178.46,8,2,3,0
53982,1,1,Mobile Phone,1,17,Credit Card,Male,3,4,Laptop & Accessory,5,Single,3,0,16,1,2,9,167.13,9,2,3,0
53983,0,13,Computer,3,27,Debit Card,Male,3,4,Laptop & Accessory,1,Married,4,0,19,2,3,3,166.27,3,3,52,0
53984,0,17,Computer,1,16,Debit Card,Male,3,4,Mobile Phone,3,Single,6,0,14,1,2,3,149.38,3,2,51,0
53985,0,15,Mobile Phone,1,12,Debit Card,Male,3,2,Laptop & Accessory,4,Single,5,0,13,2,2,3,193.7,3,2,45,0
53986,0,15,Mobile Phone,3,11,E wallet,Female,3,4,Fashion,3,Married,2,1,14,1,14,3,229.47,3,14,225,4
53987,0,4,Mobile Phone,1,17,Credit Card,Female,4,4,Fashion,3,Single,11,0,15,1,2,3,221.67,3,2,12,0
53988,1,1,Phone,2,27,Credit Card,Female,4,4,Mobile Phone,4,Married,2,1,12,1,2,5,146.48,5,2,3,6
53989,1,10,Mobile Phone,1,28,Credit Card,Female,4,4,Laptop & Accessory,4,Married,6,0,23,2,4,3,214.26,3,4,50,0
53990,0,14,Mobile Phone,1,7,Debit Card,Female,3,4,Laptop & Accessory,1,Married,6,0,18,1,2,4,190.13,4,2,42,0
53991,0,8,Mobile Phone,3,15,Cash on Delivery,Male,4,2,Laptop & Accessory,3,Married,3,0,22,1,5,9,192.99,9,5,48,0
53992,0,31,Computer,3,9,Credit Card,Male,3,4,Grocery,4,Married,6,0,23,11,15,15,25.0,15,15,496,0
53993,0,9,Mobile Phone,1,30,Credit Card,Male,4,6,Mobile Phone,3,Married,2,0,17,2,2,4,152.05,4,2,27,0
53994,0,21,Mobile Phone,1,11,Debit Card,Female,4,5,Fashion,4,Married,10,1,13,3,15,3,228.33,3,15,336,4
53995,0,14,Mobile Phone,1,19,Debit Card,Female,3,4,Laptop & Accessory,5,Married,4,0,13,8,8,8,169.48,8,8,126,0
53996,0,28,Mobile Phone,1,14,Credit Card,Female,4,4,Laptop & Accessory,1,Married,6,0,16,2,2,8,193.54,8,2,84,0
53997,0,5,Computer,3,14,E wallet,Female,4,4,Fashion,5,Married,4,0,15,3,3,3,221.37,3,3,20,0
53998,0,2,Mobile Phone,1,7,Credit Card,Female,4,4,Mobile Phone,5,Married,3,0,26,2,2,3,160.91,3,2,6,0
53999,0,12,Mobile Phone,3,9,E wallet,Female,4,6,Laptop & Accessory,1,Married,4,1,21,1,2,4,179.05,4,2,36,5
54000,0,1,Mobile Phone,3,17,Credit Card,Male,3,4,Laptop & Accessory,1,Single,3,0,14,1,2,3,171.84,3,2,3,0
54001,0,31,Computer,1,22,Debit Card,Male,3,4,Grocery,3,Married,4,1,15,1,3,3,282.87,3,3,124,4
54002,0,1,Computer,1,21,Credit Card,Female,3,4,Mobile Phone,3,Single,3,0,17,2,2,1,140.14,1,2,3,0
54003,1,1,Mobile Phone,2,25,UPI,Male,3,2,Mobile Phone,5,Married,2,0,18,2,2,1,154.56,1,2,3,0
54004,1,1,Phone,2,20,UPI,Male,3,5,Mobile Phone,5,Married,6,1,16,2,3,1,148.35,1,3,4,2
54005,0,19,Computer,3,9,Debit Card,Female,4,4,Laptop & Accessory,3,Married,6,0,23,4,6,8,176.54,8,6,133,0
54006,0,10,Mobile Phone,1,9,UPI,Female,4,4,Laptop & Accessory,4,Married,6,1,23,1,2,1,194.62,1,2,30,2
54007,0,17,Computer,3,9,Debit Card,Male,4,4,Laptop & Accessory,1,Married,3,0,21,6,8,8,181.75,8,8,153,0
54008,0,1,Computer,1,12,Debit Card,Female,3,4,Mobile Phone,1,Single,2,1,15,2,2,3,148.79,3,2,3,4
54009,0,3,Computer,1,27,Credit Card,Male,3,4,Mobile Phone,1,Married,3,0,14,2,4,11,163.12,11,4,15,0
54010,0,6,Computer,3,17,E wallet,Male,4,4,Laptop & Accessory,1,Single,10,0,14,2,2,1,171.48,1,2,18,0
54011,0,16,Computer,1,17,COD,Male,3,4,Mobile Phone,3,Married,5,0,23,2,4,4,154.36,4,4,80,0
54012,0,21,Phone,1,16,Debit Card,Female,4,4,Mobile Phone,3,Single,6,0,13,2,3,1,146.05,1,3,84,0
54013,0,20,Mobile Phone,1,9,Debit Card,Male,3,4,Fashion,1,Married,5,0,15,2,5,3,210.78,3,5,120,0
54014,0,2,Computer,2,7,Debit Card,Male,3,4,Mobile Phone,1,Married,3,0,16,1,3,3,152.06,3,3,8,0
54015,0,3,Mobile Phone,1,36,Debit Card,Male,4,6,Laptop & Accessory,3,Married,10,0,18,2,2,7,188.84,7,2,9,0
54016,0,16,Mobile Phone,1,15,Debit Card,Male,3,4,Mobile Phone,3,Single,6,0,14,2,2,1,164.68,1,2,48,0
54017,1,1,Mobile Phone,3,9,E wallet,Male,3,5,Laptop & Accessory,4,Single,9,1,13,3,3,3,224.07,3,3,4,4
54018,0,20,Mobile Phone,3,10,Cash on Delivery,Female,3,2,Grocery,5,Married,4,0,13,2,2,9,257.25,9,2,60,0
54019,0,1,Mobile Phone,3,30,Credit Card,Female,3,5,Laptop & Accessory,3,Married,3,0,22,5,6,9,160.4,9,6,7,0
54020,0,3,Mobile Phone,2,13,Credit Card,Male,3,5,Mobile Phone,4,Married,3,0,12,2,2,1,153.04,1,2,9,0
54021,0,17,Mobile Phone,1,13,Credit Card,Female,3,5,Others,3,Married,9,0,15,4,7,15,318.92,15,7,136,0
54022,0,22,Mobile Phone,1,17,Debit Card,Male,4,5,Others,4,Married,6,0,15,4,13,10,321.65,10,13,308,0
54023,1,1,Computer,1,31,Debit Card,Male,4,5,Mobile Phone,1,Single,3,1,25,2,2,1,149.39,1,2,3,2
54024,1,10,Mobile Phone,3,17,Debit Card,Female,4,4,Fashion,4,Married,7,0,22,1,2,8,198.14,8,2,30,0
54025,0,1,Computer,1,22,Debit Card,Female,4,5,Mobile Phone,5,Married,2,0,20,8,8,4,172.74,4,8,9,0
54026,0,13,Mobile Phone,1,26,UPI,Male,3,4,Laptop & Accessory,1,Married,10,0,15,2,3,3,164.02,3,3,52,0
54027,0,29,Mobile Phone,1,9,COD,Male,4,5,Mobile Phone,1,Married,10,0,21,1,2,5,151.62,5,2,87,0
54028,0,2,Mobile Phone,3,10,Credit Card,Female,4,4,Mobile Phone,4,Married,3,0,20,2,2,1,153.56,1,2,6,0
54029,1,1,Phone,3,16,Credit Card,Male,3,4,Mobile Phone,1,Single,3,0,14,1,2,1,135.81,1,2,3,0
54030,1,1,Mobile Phone,1,14,Debit Card,Male,4,4,Mobile Phone,4,Single,3,1,24,2,2,1,149.72,1,2,3,2
54031,0,10,Mobile Phone,3,17,COD,Female,4,5,Laptop & Accessory,3,Married,3,1,14,2,2,8,181.73,8,2,30,9
54032,0,5,Mobile Phone,1,27,Debit Card,Male,3,4,Laptop & Accessory,3,Married,3,0,12,1,2,3,166.97,3,2,15,0
54033,0,8,Mobile Phone,3,11,Debit Card,Male,4,4,Fashion,1,Married,4,1,14,1,2,3,222.13,3,2,24,4
54034,0,3,Phone,1,14,Debit Card,Male,3,4,Mobile Phone,5,Single,5,0,15,1,2,3,145.62,3,2,9,0
54035,0,11,Mobile Phone,1,14,Credit Card,Male,4,4,Laptop & Accessory,5,Married,7,1,23,1,2,5,167.84,5,2,33,6
54036,0,9,Mobile Phone,1,23,UPI,Female,3,5,Laptop & Accessory,4,Married,2,1,12,2,2,3,172.88,3,2,27,4
54037,0,19,Mobile Phone,1,32,Debit Card,Female,4,5,Laptop & Accessory,1,Married,2,0,14,1,4,9,184.06,9,4,95,0
54038,0,10,Computer,2,9,UPI,Male,4,5,Laptop & Accessory,1,Single,3,0,22,2,2,9,163.86,9,2,30,0
54039,0,14,Mobile Phone,1,7,Debit Card,Male,4,4,Grocery,5,Married,4,0,15,10,12,17,293.23,17,12,182,0
54040,0,1,Mobile Phone,1,7,Debit Card,Female,3,5,Mobile Phone,3,Married,3,1,14,1,2,1,154.33,1,2,3,2
54041,0,1,Mobile Phone,3,9,Credit Card,Female,3,2,Laptop & Accessory,3,Single,2,0,15,1,2,8,190.0,8,2,3,0
54042,0,22,Computer,1,29,Credit Card,Female,3,4,Grocery,1,Married,5,0,15,1,5,8,296.74,8,5,132,0
54043,0,18,Mobile Phone,1,7,Debit Card,Male,4,2,Laptop & Accessory,5,Married,4,0,16,3,3,3,175.33,3,3,72,0
54044,1,1,Computer,1,23,COD,Male,3,6,Mobile Phone,5,Married,3,1,24,4,4,1,148.07,1,4,5,2
54045,1,20,Mobile Phone,1,31,Debit Card,Male,4,4,Mobile Phone,1,Single,3,0,17,1,2,1,150.87,1,2,60,0
54046,0,10,Mobile Phone,3,24,E wallet,Male,3,5,Laptop & Accessory,4,Married,4,0,17,2,2,4,180.07,4,2,30,0
54047,0,15,Mobile Phone,3,15,E wallet,Female,3,4,Laptop & Accessory,4,Married,7,0,22,2,2,5,168.93,5,2,45,0
54048,0,16,Mobile Phone,1,13,Credit Card,Male,3,4,Fashion,5,Married,11,0,14,4,2,8,258.48,8,2,48,0
54049,0,5,Mobile Phone,3,17,Credit Card,Female,3,4,Laptop & Accessory,1,Married,4,1,12,1,2,5,190.83,5,2,15,6
54050,0,8,Mobile Phone,3,10,Credit Card,Female,4,5,Laptop & Accessory,1,Married,5,1,13,1,2,2,206.03,2,2,24,3
54051,0,5,Mobile Phone,1,11,Credit Card,Female,4,2,Mobile Phone,3,Married,10,0,13,3,3,3,164.78,3,3,20,0
54052,0,1,Computer,1,13,UPI,Male,4,2,Mobile Phone,1,Married,2,0,19,3,8,8,150.44,8,8,9,0
54053,0,19,Computer,1,7,Credit Card,Male,3,4,Laptop & Accessory,3,Single,6,0,13,2,2,4,178.99,4,2,57,0
54054,0,7,Mobile Phone,3,17,E wallet,Male,3,4,Laptop & Accessory,3,Single,3,0,15,1,2,10,179.87,10,2,21,0
54055,0,2,Computer,3,7,Debit Card,Male,3,5,Laptop & Accessory,1,Married,3,1,13,1,2,8,193.34,8,2,6,9
54056,1,1,Computer,3,31,COD,Male,3,2,Mobile Phone,5,Single,3,0,18,2,2,1,135.91,1,2,3,0
54057,0,13,Computer,3,28,Debit Card,Female,3,6,Laptop & Accessory,3,Married,8,0,20,1,2,3,182.36,3,2,39,0
54058,0,1,Phone,1,9,COD,Male,3,4,Mobile Phone,4,Married,3,0,12,2,2,3,147.26,3,2,3,0
54059,0,8,Computer,1,29,UPI,Male,3,5,Laptop & Accessory,1,Married,3,1,16,4,7,12,182.47,12,7,64,13
54060,1,1,Mobile Phone,3,20,E wallet,Female,3,4,Laptop & Accessory,3,Single,5,1,12,3,3,3,223.54,3,3,4,4
54061,0,21,Computer,1,21,COD,Male,4,4,Laptop & Accessory,4,Married,10,0,19,1,2,8,179.67,8,2,63,0
54062,0,30,Mobile Phone,3,18,E wallet,Female,3,5,Laptop & Accessory,5,Married,6,0,17,1,2,1,178.8,1,2,90,0
54063,0,13,Mobile Phone,1,16,Credit Card,Male,3,4,Laptop & Accessory,5,Married,3,0,26,5,8,10,176.51,10,8,117,0
54064,0,12,Computer,1,15,Credit Card,Female,3,5,Laptop & Accessory,4,Married,3,1,17,2,2,8,146.33,8,2,36,9
54065,0,31,Mobile Phone,3,28,Debit Card,Female,4,4,Grocery,1,Married,6,1,15,2,2,1,303.75,1,2,93,2
54066,1,1,Computer,1,12,Debit Card,Female,3,2,Mobile Phone,3,Single,5,1,15,1,2,4,149.32,4,2,3,5
54067,0,12,Mobile Phone,1,16,Debit Card,Male,4,4,Mobile Phone,1,Married,4,0,20,2,2,4,172.71,4,2,36,0
54068,0,23,Computer,1,9,Debit Card,Male,3,4,Others,1,Married,5,0,15,3,5,4,316.61,4,5,138,0
54069,0,16,Mobile Phone,3,19,E wallet,Male,4,4,Laptop & Accessory,1,Married,5,1,13,1,2,1,175.87,1,2,48,2
54070,1,1,Computer,2,29,UPI,Female,3,5,Mobile Phone,4,Married,3,0,13,2,2,1,153.63,1,2,3,0
54071,0,9,Mobile Phone,3,25,Credit Card,Male,4,4,Laptop & Accessory,5,Married,2,0,17,1,2,5,25.0,5,2,27,0
54072,0,2,Computer,1,23,Credit Card,Male,3,4,Mobile Phone,3,Single,3,0,15,1,2,5,146.44,5,2,6,0
54073,0,5,Computer,1,10,Credit Card,Male,3,4,Mobile Phone,5,Married,3,1,14,1,3,4,155.65,4,3,20,5
54074,0,10,Computer,1,16,Debit Card,Male,4,2,Mobile Phone,4,Married,3,0,23,2,2,3,153.1,3,2,30,0
54075,0,8,Mobile Phone,3,7,E wallet,Male,3,4,Fashion,1,Single,3,0,22,2,3,3,223.88,3,3,32,0
54076,0,8,Mobile Phone,3,20,Credit Card,Male,3,4,Fashion,3,Married,3,0,19,2,2,3,211.28,3,2,24,0
54077,0,1,Mobile Phone,1,7,Credit Card,Male,4,4,Mobile Phone,5,Single,2,0,14,4,8,7,153.67,7,8,9,0
54078,0,3,Mobile Phone,1,7,Debit Card,Male,3,4,Laptop & Accessory,5,Married,2,0,13,2,2,3,178.73,3,2,9,0
54079,0,6,Computer,1,22,Credit Card,Female,3,4,Laptop & Accessory,1,Married,7,0,19,1,2,3,191.67,3,2,18,0
54080,0,5,Computer,1,7,Debit Card,Male,3,6,Laptop & Accessory,5,Married,3,0,22,2,9,8,175.03,8,9,50,0
54081,1,1,Phone,1,24,COD,Male,3,5,Mobile Phone,1,Married,7,0,13,1,2,4,148.67,4,2,3,0
54082,0,12,Mobile Phone,3,7,Debit Card,Male,3,5,Mobile Phone,5,Single,6,0,15,1,2,1,153.58,1,2,36,0
54083,0,9,Mobile Phone,3,14,Debit Card,Female,3,4,Laptop & Accessory,1,Married,3,1,12,2,2,10,177.04,10,2,27,11
54084,0,1,Mobile Phone,3,16,E wallet,Male,3,4,Laptop & Accessory,1,Single,3,0,15,1,2,8,166.05,8,2,3,0
54085,0,6,Mobile Phone,1,12,Debit Card,Male,3,5,Laptop & Accessory,1,Single,10,0,25,1,2,3,221.79,3,2,18,0
54086,1,1,Computer,3,33,E wallet,Male,4,4,Laptop & Accessory,1,Married,3,1,12,1,2,9,181.17,9,2,3,10
54087,1,17,Mobile Phone,3,31,Debit Card,Male,4,4,Fashion,5,Single,8,1,14,3,3,3,229.48,3,3,68,4
54088,0,28,Mobile Phone,1,16,Debit Card,Female,4,4,Laptop & Accessory,3,Married,5,0,12,1,3,4,153.97,4,3,112,0
54089,0,7,Computer,1,14,Debit Card,Male,3,4,Laptop & Accessory,3,Married,3,0,21,3,3,9,184.68,9,3,28,0
54090,0,17,Mobile Phone,1,18,Debit Card,Male,2,4,Fashion,3,Married,3,0,18,2,2,10,200.1,10,2,51,0
54091,0,12,Computer,2,7,UPI,Male,3,4,Mobile Phone,4,Married,2,1,12,2,2,3,154.91,3,2,36,4
54092,0,29,Mobile Phone,2,33,UPI,Male,4,2,Others,4,Married,6,1,15,2,2,5,321.36,5,2,87,6
54093,0,5,Phone,1,9,Credit Card,Female,3,6,Mobile Phone,1,Married,3,1,12,2,2,1,136.29,1,2,15,2
54094,0,13,Mobile Phone,3,22,E wallet,Male,4,4,Grocery,5,Single,2,0,13,5,2,11,258.41,11,2,39,0
54095,0,16,Computer,1,30,Debit Card,Male,3,5,Laptop & Accessory,3,Single,3,0,13,3,4,8,168.32,8,4,80,0
54096,0,5,Computer,1,17,Credit Card,Female,3,4,Fashion,3,Married,6,0,21,4,2,9,235.31,9,2,15,0
54097,0,28,Mobile Phone,1,17,Credit Card,Female,4,4,Laptop & Accessory,5,Single,8,1,20,1,2,5,169.4,5,2,84,6
54098,0,1,Mobile Phone,1,7,Debit Card,Male,3,5,Laptop & Accessory,3,Single,3,0,13,2,2,3,171.17,3,2,3,0
54099,0,1,Mobile Phone,1,19,UPI,Male,4,4,Mobile Phone,1,Single,3,0,14,2,2,5,151.47,5,2,3,0
54100,0,14,Computer,1,18,COD,Female,4,4,Laptop & Accessory,3,Married,3,0,12,3,10,5,188.23,5,10,154,0
54101,0,14,Mobile Phone,3,9,E wallet,Female,4,4,Laptop & Accessory,4,Married,5,0,15,2,6,11,181.77,11,6,98,0
54102,0,1,Phone,2,9,UPI,Female,3,4,Mobile Phone,4,Married,6,0,15,1,2,3,146.87,3,2,3,0
54103,0,4,Mobile Phone,1,7,Credit Card,Male,4,4,Mobile Phone,4,Married,3,0,14,1,2,8,162.48,8,2,12,0
54104,0,1,Mobile Phone,1,9,UPI,Male,3,4,Mobile Phone,3,Married,8,1,20,1,2,3,164.77,3,2,3,4
54105,0,21,Mobile Phone,1,32,Credit Card,Male,3,4,Fashion,3,Single,4,0,24,2,13,3,211.33,3,13,294,0
54106,0,7,Computer,1,7,Credit Card,Male,3,5,Mobile Phone,3,Married,3,0,13,1,2,1,145.08,1,2,21,0
54107,0,12,Mobile Phone,3,7,Debit Card,Male,3,4,Laptop & Accessory,4,Married,2,0,16,5,6,9,169.4,9,6,84,0
54108,0,5,Mobile Phone,3,9,Debit Card,Male,3,4,Mobile Phone,3,Married,2,0,20,2,2,3,155.67,3,2,15,0
54109,0,12,Computer,1,13,Debit Card,Male,4,5,Laptop & Accessory,3,Married,4,0,12,3,8,8,178.21,8,8,108,0
54110,0,16,Mobile Phone,1,25,Debit Card,Male,3,4,Laptop & Accessory,5,Married,8,1,18,1,2,3,179.1,3,2,48,4
54111,0,15,Mobile Phone,1,7,Debit Card,Male,4,4,Mobile Phone,1,Married,5,0,23,1,2,1,152.82,1,2,45,0
54112,0,21,Computer,1,7,Credit Card,Female,4,4,Fashion,4,Married,2,0,19,1,2,13,244.57,13,2,63,0
54113,0,9,Mobile Phone,1,18,Credit Card,Male,3,4,Mobile Phone,3,Married,9,1,12,1,3,3,151.6,3,3,36,4
54114,0,1,Mobile Phone,1,7,Debit Card,Male,4,4,Mobile Phone,3,Single,2,0,13,1,2,3,158.75,3,2,3,0
54115,0,9,Mobile Phone,1,16,Credit Card,Male,3,4,Laptop & Accessory,3,Single,3,0,20,1,2,9,175.98,9,2,27,0
54116,0,7,Mobile Phone,1,22,Credit Card,Female,4,4,Laptop & Accessory,1,Married,2,1,14,6,9,2,37.0,2,9,70,3
54117,0,6,Mobile Phone,1,36,Debit Card,Female,3,5,Mobile Phone,4,Single,3,0,14,4,5,2,153.37,2,5,36,0
54118,0,14,Phone,1,7,Debit Card,Male,3,4,Mobile Phone,1,Married,10,0,20,1,2,1,149.06,1,2,42,0
54119,0,6,Phone,3,7,Credit Card,Male,4,5,Mobile Phone,4,Married,2,0,15,1,3,3,147.69,3,3,24,0
54120,0,13,Mobile Phone,1,31,Debit Card,Male,3,4,Laptop & Accessory,1,Single,9,0,14,2,2,8,166.08,8,2,39,0
54121,0,12,Mobile Phone,1,17,Credit Card,Female,3,6,Fashion,3,Married,5,0,13,2,2,12,257.06,12,2,36,0
54122,0,6,Mobile Phone,3,7,E wallet,Female,3,4,Fashion,1,Married,3,0,20,4,6,3,229.22,3,6,42,0
54123,0,11,Mobile Phone,1,17,Debit Card,Female,3,2,Fashion,1,Married,3,1,26,1,7,9,262.44,9,7,88,10
54124,0,1,Mobile Phone,3,15,UPI,Female,3,4,Laptop & Accessory,3,Married,2,1,23,2,2,5,174.07,5,2,3,6
54125,0,26,Computer,3,127,Debit Card,Male,3,4,Mobile Phone,1,Married,4,0,16,2,2,1,159.82,1,2,78,0
54126,0,18,Phone,1,7,Credit Card,Male,3,4,Mobile Phone,1,Single,8,1,13,1,2,3,149.36,3,2,54,4
54127,0,1,Phone,3,12,Credit Card,Male,3,4,Mobile Phone,5,Single,3,1,12,2,2,3,148.8,3,2,3,4
54128,0,13,Computer,1,16,Debit Card,Male,3,4,Others,1,Single,4,0,15,1,2,4,319.31,4,2,39,0
54129,1,1,Computer,3,16,E wallet,Male,3,4,Mobile Phone,5,Married,3,0,20,2,2,1,142.9,1,2,3,0
54130,0,10,Mobile Phone,3,10,Credit Card,Female,4,5,Fashion,1,Married,2,0,20,4,4,5,201.44,5,4,50,0
54131,0,10,Computer,1,11,Debit Card,Female,4,4,Laptop & Accessory,4,Married,9,0,14,2,2,3,176.31,3,2,30,0
54132,0,30,Computer,1,7,Debit Card,Male,3,4,Laptop & Accessory,3,Married,3,0,22,1,2,10,188.06,10,2,90,0
54133,1,1,Mobile Phone,1,7,Credit Card,Male,3,4,Mobile Phone,1,Married,11,1,15,3,3,3,172.87,3,3,4,4
54134,0,16,Mobile Phone,1,9,Debit Card,Male,3,4,Others,3,Married,7,0,15,2,5,15,313.8,15,5,96,0
54135,1,20,Phone,1,14,COD,Male,4,4,Mobile Phone,3,Married,10,0,12,7,10,9,148.39,9,10,220,0
54136,0,15,Mobile Phone,1,35,Debit Card,Female,3,5,Grocery,4,Married,2,0,24,2,2,11,260.7,11,2,45,0
54137,0,8,Mobile Phone,3,35,E wallet,Female,4,5,Laptop & Accessory,3,Married,3,0,22,2,2,8,192.12,8,2,24,0
54138,0,10,Computer,3,22,E wallet,Male,3,6,Laptop & Accessory,1,Married,3,0,25,5,12,12,179.06,12,12,130,0
54139,0,15,Mobile Phone,3,10,Debit Card,Male,3,5,Laptop & Accessory,4,Married,4,0,12,1,2,3,214.38,3,2,45,0
54140,0,6,Phone,1,9,COD,Male,4,4,Mobile Phone,5,Single,3,0,15,2,2,3,149.39,3,2,18,0
54141,0,9,Mobile Phone,2,33,Debit Card,Female,3,4,Fashion,1,Single,3,1,17,2,2,3,213.37,3,2,27,4
54142,0,12,Mobile Phone,3,17,Debit Card,Female,4,4,Laptop & Accessory,1,Married,3,0,12,1,2,10,178.43,10,2,36,0
54143,1,14,Computer,3,7,Debit Card,Male,4,4,Laptop & Accessory,3,Married,9,0,13,2,2,2,192.28,2,2,42,0
54144,0,10,Mobile Phone,3,18,E wallet,Female,4,5,Laptop & Accessory,1,Married,6,0,14,2,2,1,191.52,1,2,30,0
54145,0,19,Mobile Phone,3,27,Debit Card,Female,3,4,Laptop & Accessory,3,Single,10,0,16,2,2,2,173.5,2,2,57,0
54146,0,14,Mobile Phone,1,9,Debit Card,Male,3,5,Mobile Phone,3,Single,4,0,15,1,3,3,153.09,3,3,56,0
54147,0,9,Computer,1,25,Debit Card,Male,4,4,Laptop & Accessory,3,Married,3,1,15,2,2,3,181.89,3,2,27,4
54148,0,14,Phone,1,9,Credit Card,Female,4,4,Mobile Phone,3,Married,4,0,15,2,2,3,145.01,3,2,42,0
54149,0,9,Mobile Phone,1,7,Debit Card,Female,4,6,Mobile Phone,1,Married,3,0,13,1,2,2,154.77,2,2,27,0
54150,0,3,Mobile Phone,1,20,UPI,Male,3,5,Laptop & Accessory,4,Married,6,1,14,2,2,4,165.25,4,2,9,5
54151,0,3,Mobile Phone,1,35,Credit Card,Female,4,5,Mobile Phone,5,Single,3,0,15,1,2,5,162.85,5,2,9,0
54152,1,14,Mobile Phone,3,35,E wallet,Male,3,5,Fashion,5,Married,6,1,14,1,2,1,233.54,1,2,42,2
54153,0,13,Mobile Phone,3,31,E wallet,Female,3,5,Grocery,1,Married,2,0,12,2,2,7,245.31,7,2,39,0
54154,0,5,Computer,1,12,Credit Card,Male,4,4,Laptop & Accessory,5,Single,2,0,20,1,2,3,224.36,3,2,15,0
54155,0,1,Mobile Phone,3,12,UPI,Female,2,5,Mobile Phone,3,Single,2,0,19,1,2,1,154.66,1,2,3,0
54156,0,10,Computer,1,30,Credit Card,Male,3,2,Laptop & Accessory,1,Married,6,0,18,1,2,4,150.71,4,2,30,0
54157,0,13,Mobile Phone,1,13,Credit Card,Male,3,5,Fashion,5,Married,6,0,16,2,2,3,224.91,3,2,39,0
54158,0,1,Mobile Phone,1,11,Debit Card,Male,3,2,Laptop & Accessory,4,Married,3,1,21,2,2,4,186.42,4,2,3,5
54159,0,23,Computer,3,9,Credit Card,Male,4,5,Laptop & Accessory,4,Married,4,0,15,2,2,9,178.9,9,2,69,0
54160,0,8,Mobile Phone,1,15,Credit Card,Male,3,2,Laptop & Accessory,3,Married,4,0,13,1,2,3,169.04,3,2,24,0
54161,1,5,Mobile Phone,3,7,Debit Card,Female,4,4,Laptop & Accessory,1,Single,10,1,12,1,2,6,184.93,6,2,15,7
54162,0,23,Computer,1,15,Debit Card,Male,4,5,Laptop & Accessory,4,Married,3,0,24,1,2,8,176.3,8,2,69,0
54163,1,1,Phone,1,9,UPI,Male,4,5,Mobile Phone,3,Single,8,1,16,1,2,1,145.9,1,2,3,2
54164,0,7,Computer,1,10,Debit Card,Female,3,4,Mobile Phone,3,Married,3,1,12,3,4,1,154.09,1,4,35,2
54165,0,1,Mobile Phone,1,9,Credit Card,Male,3,4,Mobile Phone,4,Married,11,0,13,2,3,3,159.68,3,3,4,0
54166,0,6,Computer,1,9,Debit Card,Male,4,4,Mobile Phone,1,Single,2,0,14,2,4,7,155.68,7,4,30,0
54167,0,31,Mobile Phone,1,10,Credit Card,Female,3,2,Mobile Phone,5,Married,6,1,21,1,2,1,151.7,1,2,93,2
54168,0,4,Mobile Phone,1,31,Debit Card,Male,4,4,Mobile Phone,3,Married,3,0,23,2,2,1,151.93,1,2,12,0
54169,0,12,Computer,1,30,Debit Card,Male,3,5,Fashion,3,Single,2,0,22,2,2,3,220.26,3,2,36,0
54170,0,10,Mobile Phone,1,34,Credit Card,Male,4,4,Laptop & Accessory,3,Married,8,0,14,1,8,8,177.37,8,8,90,0
54171,0,9,Phone,1,23,Credit Card,Male,3,2,Mobile Phone,4,Married,2,0,14,2,2,4,149.26,4,2,27,0
54172,0,3,Mobile Phone,1,22,Debit Card,Female,3,5,Laptop & Accessory,3,Single,2,1,13,2,2,9,166.93,9,2,9,10
54173,0,5,Mobile Phone,1,33,Debit Card,Male,3,4,Mobile Phone,3,Married,3,0,18,4,5,4,154.11,4,5,30,0
54174,0,8,Mobile Phone,1,26,Credit Card,Male,4,4,Mobile Phone,1,Married,2,0,12,1,2,3,151.61,3,2,24,0
54175,1,1,Phone,1,31,Debit Card,Male,3,5,Mobile Phone,3,Single,7,1,15,1,2,4,145.28,4,2,3,5
54176,0,3,Mobile Phone,1,28,Debit Card,Female,3,2,Fashion,5,Married,3,0,12,7,9,3,224.8,3,9,30,0
54177,0,6,Mobile Phone,1,12,Debit Card,Male,4,2,Mobile Phone,4,Married,2,1,13,2,2,6,157.98,6,2,18,7
54178,0,1,Computer,1,23,Credit Card,Male,4,2,Mobile Phone,1,Married,3,1,14,1,2,1,154.35,1,2,3,2
54179,0,27,Mobile Phone,3,9,Debit Card,Female,4,5,Grocery,1,Married,4,0,17,1,4,8,279.27,8,4,135,0
54180,0,12,Mobile Phone,1,9,Debit Card,Male,3,4,Mobile Phone,1,Single,7,1,12,1,2,3,164.44,3,2,36,4
54181,0,1,Computer,1,18,UPI,Female,4,2,Laptop & Accessory,3,Married,2,0,19,1,2,4,165.11,4,2,3,0
54182,1,1,Mobile Phone,3,16,Debit Card,Male,3,5,Mobile Phone,5,Single,9,0,24,1,2,4,159.07,4,2,3,0
54183,0,8,Mobile Phone,1,14,Debit Card,Female,3,4,Fashion,4,Single,2,0,12,1,2,12,244.94,12,2,24,0
54184,0,1,Phone,1,22,Debit Card,Male,4,4,Mobile Phone,1,Single,3,0,15,2,2,1,137.32,1,2,3,0
54185,1,1,Mobile Phone,1,13,Credit Card,Male,3,4,Mobile Phone,5,Single,4,0,12,1,2,4,154.6,4,2,3,0
54186,0,27,Mobile Phone,1,12,UPI,Female,3,4,Others,3,Married,6,0,15,2,5,9,315.94,9,5,162,0
54187,1,1,Computer,1,23,Debit Card,Female,4,6,Mobile Phone,5,Single,3,1,23,1,7,8,164.19,8,7,8,9
54188,0,16,Mobile Phone,3,15,E wallet,Male,3,4,Laptop & Accessory,4,Married,2,0,12,3,5,3,193.25,3,5,96,0
54189,0,18,Mobile Phone,1,14,Credit Card,Female,3,5,Fashion,1,Married,5,0,15,1,6,3,227.48,3,6,126,0
54190,0,20,Mobile Phone,3,9,E wallet,Female,3,4,Others,5,Single,5,0,15,3,3,2,314.47,2,3,80,0
54191,0,7,Mobile Phone,1,9,Credit Card,Male,4,4,Mobile Phone,1,Single,6,0,12,1,2,1,149.96,1,2,21,0
54192,0,18,Mobile Phone,1,17,UPI,Male,3,4,Laptop & Accessory,1,Married,4,1,14,1,2,4,189.65,4,2,54,5
54193,0,4,Phone,1,16,Credit Card,Male,3,5,Mobile Phone,3,Single,3,0,14,1,2,9,147.06,9,2,12,0
54194,1,3,Phone,3,12,COD,Male,3,4,Laptop & Accessory,1,Married,5,0,15,1,2,1,145.86,1,2,9,0
54195,1,1,Phone,1,7,Credit Card,Male,4,4,Mobile Phone,1,Married,4,1,17,1,3,1,147.93,1,3,4,2
54196,0,17,Mobile Phone,1,9,Credit Card,Female,4,2,Mobile Phone,3,Married,3,0,13,2,2,5,151.45,5,2,51,0
54197,1,14,Mobile Phone,3,10,E wallet,Male,3,5,Mobile Phone,3,Married,3,1,15,2,2,3,151.83,3,2,42,4
54198,0,9,Phone,3,9,E wallet,Female,4,4,Mobile Phone,1,Married,3,0,14,3,3,3,145.14,3,3,36,0
54199,0,10,Mobile Phone,1,12,Debit Card,Female,3,5,Mobile Phone,5,Married,11,1,15,2,2,1,159.19,1,2,30,2
54200,0,7,Computer,3,7,Debit Card,Female,3,2,Laptop & Accessory,5,Married,4,0,20,1,2,4,178.76,4,2,21,0
54201,0,9,Phone,1,11,UPI,Male,4,4,Mobile Phone,1,Married,3,0,13,2,2,1,144.51,1,2,27,0
54202,0,1,Phone,1,9,Debit Card,Female,3,4,Mobile Phone,5,Married,3,0,14,2,2,1,148.41,1,2,3,0
54203,1,1,Phone,1,32,Debit Card,Male,3,6,Mobile Phone,3,Single,3,0,13,1,2,2,147.93,2,2,3,0
54204,0,1,Computer,3,15,Debit Card,Male,3,4,Fashion,3,Single,3,0,16,2,2,3,212.26,3,2,3,0
54205,0,4,Computer,1,7,Credit Card,Female,3,4,Laptop & Accessory,1,Single,3,0,24,2,4,8,165.11,8,4,20,0
54206,1,5,Mobile Phone,1,19,Cash on Delivery,Female,3,4,Others,3,Married,3,0,15,2,16,9,320.45,9,16,85,0
54207,0,8,Computer,3,30,E wallet,Male,4,4,Laptop & Accessory,3,Single,2,0,21,1,9,8,170.68,8,9,80,0
54208,0,11,Mobile Phone,1,26,Debit Card,Male,4,4,Mobile Phone,4,Married,6,0,22,1,2,1,155.22,1,2,33,0
54209,0,20,Computer,3,12,E wallet,Male,4,4,Laptop & Accessory,1,Single,6,1,22,2,2,9,182.72,9,2,60,10
54210,0,9,Phone,1,15,Debit Card,Male,3,2,Mobile Phone,1,Married,3,0,20,2,2,2,147.69,2,2,27,0
54211,1,12,Mobile Phone,1,7,Debit Card,Male,4,5,Fashion,3,Single,11,1,14,1,2,1,178.81,1,2,36,2
54212,1,1,Mobile Phone,1,12,COD,Male,3,4,Mobile Phone,3,Single,3,1,14,1,3,3,159.41,3,3,4,4
54213,0,18,Mobile Phone,3,7,E wallet,Female,4,4,Laptop & Accessory,5,Married,7,1,22,2,2,4,179.54,4,2,54,5
54214,0,9,Computer,1,18,Credit Card,Male,4,5,Fashion,5,Married,4,1,14,2,3,3,223.84,3,3,36,4
54215,0,1,Mobile Phone,3,30,E wallet,Female,3,5,Laptop & Accessory,1,Married,9,1,20,1,2,1,166.57,1,2,3,2
54216,0,7,Computer,1,30,Debit Card,Female,4,4,Fashion,1,Single,3,1,13,4,2,13,259.58,13,2,21,14
54217,0,9,Computer,3,6,Debit Card,Male,4,4,Fashion,5,Married,3,0,23,1,2,3,215.69,3,2,27,0
54218,0,9,Mobile Phone,1,30,Credit Card,Female,2,4,Mobile Phone,5,Married,5,1,16,1,3,3,165.14,3,3,36,4
54219,0,5,Mobile Phone,1,14,Debit Card,Male,3,4,Laptop & Accessory,1,Married,5,0,23,1,2,8,184.15,8,2,15,0
54220,0,11,Mobile Phone,1,7,Debit Card,Male,3,5,Laptop & Accessory,3,Married,3,0,19,1,2,8,184.93,8,2,33,0
54221,0,6,Mobile Phone,1,7,Credit Card,Male,3,4,Laptop & Accessory,1,Married,3,1,23,6,8,9,186.62,9,8,54,10
54222,0,12,Computer,1,36,Debit Card,Female,3,4,Laptop & Accessory,1,Single,3,0,12,7,10,10,149.06,10,10,132,0
54223,0,24,Mobile Phone,1,14,Credit Card,Female,3,5,Others,3,Married,7,1,15,5,14,9,312.4,9,14,360,10
54224,0,31,Mobile Phone,3,32,Debit Card,Female,5,4,Fashion,5,Single,9,0,12,7,8,10,201.37,10,8,279,0
54225,0,10,Mobile Phone,1,15,Cash on Delivery,Female,3,4,Fashion,3,Married,3,0,14,8,13,3,225.96,3,13,140,0
54226,0,29,Mobile Phone,1,15,Credit Card,Female,3,4,Grocery,3,Married,4,1,15,1,2,3,272.56,3,2,87,4
54227,0,10,Computer,1,18,Debit Card,Male,4,5,Laptop & Accessory,4,Single,3,0,14,2,2,4,189.99,4,2,30,0
54228,0,19,Mobile Phone,1,14,Debit Card,Male,3,4,Fashion,5,Married,4,0,18,1,2,3,222.24,3,2,57,0
54229,0,9,Computer,1,7,Credit Card,Male,4,4,Mobile Phone,5,Married,6,0,14,1,2,3,146.94,3,2,27,0
54230,1,1,Mobile Phone,1,16,Credit Card,Male,4,5,Mobile Phone,3,Married,2,1,18,2,2,1,158.88,1,2,3,2
54231,0,31,Computer,3,7,Debit Card,Female,3,5,Laptop & Accessory,3,Single,9,0,12,2,2,4,179.73,4,2,93,0
54232,0,3,Mobile Phone,1,9,Debit Card,Male,4,4,Mobile Phone,4,Married,2,0,24,2,2,5,152.03,5,2,9,0
54233,0,5,Mobile Phone,1,7,Credit Card,Male,3,4,Mobile Phone,4,Single,3,0,18,2,2,1,150.01,1,2,15,0
54234,0,6,Mobile Phone,1,7,Debit Card,Male,4,4,Laptop & Accessory,4,Married,3,0,18,2,2,10,187.2,10,2,18,0
54235,0,10,Mobile Phone,1,13,Debit Card,Female,3,2,Mobile Phone,1,Married,5,0,13,1,2,1,155.38,1,2,30,0
54236,0,5,Mobile Phone,1,15,Debit Card,Female,4,4,Laptop & Accessory,1,Single,3,0,24,2,2,9,169.24,9,2,15,0
54237,0,9,Mobile Phone,3,7,E wallet,Male,3,5,Laptop & Accessory,5,Single,2,0,15,2,3,9,168.12,9,3,36,0
54238,0,19,Mobile Phone,1,13,UPI,Male,3,4,Fashion,5,Married,6,1,15,2,2,1,257.45,1,2,57,2
54239,0,11,Mobile Phone,1,14,Credit Card,Male,2,4,Fashion,3,Single,6,0,14,1,2,3,261.64,3,2,33,0
54240,0,20,Mobile Phone,2,12,Credit Card,Male,4,4,Laptop & Accessory,4,Married,3,1,23,2,2,3,175.21,3,2,60,4
54241,0,4,Mobile Phone,1,7,Debit Card,Male,3,5,Laptop & Accessory,1,Married,3,1,13,2,4,1,176.26,1,4,20,2
54242,0,9,Mobile Phone,1,7,Credit Card,Male,2,5,Mobile Phone,3,Single,3,0,19,2,2,5,153.59,5,2,27,0
54243,0,29,Mobile Phone,3,7,Debit Card,Male,4,4,Fashion,1,Married,5,0,15,1,2,3,227.39,3,2,87,0
54244,0,12,Computer,1,13,Credit Card,Female,4,6,Laptop & Accessory,1,Married,9,1,13,1,2,10,178.29,10,2,36,11
54245,0,8,Mobile Phone,1,7,Credit Card,Male,4,4,Laptop & Accessory,4,Married,3,0,16,2,2,4,168.25,4,2,24,0
54246,0,30,Mobile Phone,1,14,Debit Card,Male,3,6,Fashion,1,Single,6,0,12,1,2,3,197.6,3,2,90,0
54247,0,1,Phone,3,9,COD,Male,4,4,Mobile Phone,5,Married,5,0,14,2,2,1,148.22,1,2,3,0
54248,0,25,Phone,1,16,Debit Card,Male,4,4,Mobile Phone,1,Married,5,0,24,2,2,4,145.75,4,2,75,0
54249,0,4,Mobile Phone,1,9,Debit Card,Male,5,5,Laptop & Accessory,1,Married,3,0,20,4,11,9,166.52,9,11,48,0
54250,1,10,Mobile Phone,3,16,Credit Card,Male,4,5,Fashion,1,Single,3,0,17,4,5,3,221.19,3,5,60,0
54251,0,14,Computer,1,7,Debit Card,Male,4,5,Grocery,4,Married,3,0,23,6,2,12,260.03,12,2,42,0
54252,0,25,Mobile Phone,3,28,E wallet,Male,4,4,Laptop & Accessory,1,Single,2,1,23,1,2,1,179.41,1,2,75,2
54253,0,4,Mobile Phone,3,11,Credit Card,Female,4,5,Laptop & Accessory,4,Married,3,1,13,3,3,8,177.09,8,3,16,9
54254,0,20,Computer,1,7,Credit Card,Male,3,5,Fashion,5,Married,4,1,14,5,2,6,231.73,6,2,60,7
54255,0,6,Mobile Phone,3,13,Credit Card,Male,3,4,Laptop & Accessory,3,Single,3,0,17,6,6,8,175.1,8,6,42,0
54256,0,28,Mobile Phone,1,9,Cash on Delivery,Female,3,4,Fashion,3,Married,11,0,13,1,2,4,260.49,4,2,84,0
54257,0,1,Mobile Phone,3,10,UPI,Female,3,4,Laptop & Accessory,3,Married,2,0,22,1,2,3,174.99,3,2,3,0
54258,0,2,Computer,3,11,Credit Card,Male,3,4,Laptop & Accessory,3,Married,3,0,16,1,2,5,167.21,5,2,6,0
54259,0,31,Mobile Phone,3,17,Credit Card,Male,3,4,Grocery,3,Single,2,0,14,1,2,9,263.72,9,2,93,0
54260,0,18,Computer,1,30,Credit Card,Male,4,4,Laptop & Accessory,4,Married,6,0,13,1,2,3,145.42,3,2,54,0
54261,1,1,Phone,2,13,UPI,Male,4,4,Mobile Phone,5,Married,6,1,23,1,2,3,145.73,3,2,3,4
54262,0,6,Mobile Phone,1,7,Debit Card,Male,4,4,Mobile Phone,5,Single,3,0,14,1,2,1,154.56,1,2,18,0
54263,1,1,Computer,1,13,Debit Card,Female,4,5,Mobile Phone,1,Single,3,1,19,1,2,1,154.26,1,2,3,2
54264,0,8,Mobile Phone,1,13,UPI,Female,3,4,Laptop & Accessory,3,Single,3,0,15,1,3,11,173.09,11,3,32,0
54265,0,11,Computer,1,9,Debit Card,Male,4,5,Laptop & Accessory,1,Married,7,0,15,2,2,1,176.63,1,2,33,0
54266,0,31,Computer,2,9,UPI,Female,3,5,Others,1,Married,11,0,15,1,3,3,313.44,3,3,124,0
54267,0,24,Computer,1,7,Debit Card,Female,4,4,Others,4,Married,5,1,15,1,2,8,306.72,8,2,72,9
54268,1,1,Mobile Phone,3,12,E wallet,Male,3,5,Laptop & Accessory,3,Single,3,1,12,1,2,4,182.44,4,2,3,5
54269,0,1,Mobile Phone,1,14,Credit Card,Male,4,5,Mobile Phone,1,Married,3,0,12,1,3,2,153.89,2,3,4,0
54270,0,1,Mobile Phone,1,22,Credit Card,Female,3,4,Mobile Phone,1,Single,3,0,16,2,2,1,153.71,1,2,3,0
54271,0,25,Computer,1,7,Credit Card,Female,2,5,Fashion,5,Single,5,0,21,5,13,9,199.84,9,13,350,0
54272,1,1,Computer,1,14,Debit Card,Male,4,6,Laptop & Accessory,3,Single,3,1,25,2,2,7,185.74,7,2,3,8
54273,0,28,Computer,2,33,UPI,Female,2,2,Grocery,1,Single,4,1,15,3,5,5,298.28,5,5,168,6
54274,0,1,Mobile Phone,1,25,Debit Card,Male,3,4,Mobile Phone,3,Married,2,0,13,1,2,3,152.74,3,2,3,0
54275,0,8,Mobile Phone,1,13,Debit Card,Female,3,5,Laptop & Accessory,4,Married,8,0,16,2,2,1,170.05,1,2,24,0
54276,0,11,Mobile Phone,3,10,Debit Card,Male,3,4,Fashion,1,Single,4,0,13,1,2,4,199.28,4,2,33,0
54277,0,8,Mobile Phone,1,12,Credit Card,Female,3,5,Fashion,5,Single,4,0,13,3,2,9,241.31,9,2,24,0
54278,0,10,Computer,3,18,Cash on Delivery,Female,4,4,Fashion,1,Married,2,0,15,1,3,3,222.38,3,3,40,0
54279,0,10,Mobile Phone,1,10,Debit Card,Female,3,4,Mobile Phone,1,Married,7,0,23,1,2,1,153.35,1,2,30,0
54280,0,17,Computer,3,33,Debit Card,Male,4,4,Grocery,1,Married,3,1,15,2,5,13,294.59,13,5,102,14
54281,0,4,Computer,1,30,Debit Card,Male,4,6,Mobile Phone,3,Married,3,0,26,1,2,10,151.13,10,2,12,0
54282,0,7,Computer,3,29,E wallet,Male,4,4,Laptop & Accessory,4,Married,2,0,14,1,2,8,186.46,8,2,21,0
54283,1,20,Mobile Phone,1,21,Debit Card,Female,4,4,Mobile Phone,4,Married,11,1,19,4,5,4,174.63,4,5,120,5
54284,0,25,Mobile Phone,1,13,Debit Card,Male,3,4,Others,3,Single,9,0,15,9,16,16,320.37,16,16,425,0
54285,1,1,Mobile Phone,3,13,Debit Card,Male,4,6,Laptop & Accessory,3,Married,6,1,19,1,8,8,186.72,8,8,9,9
54286,0,1,Phone,1,13,UPI,Female,3,5,Mobile Phone,4,Married,3,0,20,3,5,4,148.68,4,5,6,0
54287,1,21,Mobile Phone,1,30,Credit Card,Female,4,4,Fashion,1,Married,3,0,13,8,16,3,228.12,3,16,357,0
54288,1,1,Phone,3,29,E wallet,Male,3,4,Mobile Phone,3,Single,3,1,20,2,2,1,141.75,1,2,3,2
54289,0,1,Mobile Phone,1,9,COD,Male,4,4,Mobile Phone,1,Married,2,0,15,3,3,2,150.23,2,3,4,0
54290,0,23,Mobile Phone,1,27,Credit Card,Female,4,4,Laptop & Accessory,5,Married,3,0,15,6,6,12,190.67,12,6,161,0
54291,0,17,Computer,1,35,Credit Card,Female,4,2,Mobile Phone,3,Single,6,0,13,1,2,3,172.39,3,2,51,0
54292,0,24,Computer,3,19,E wallet,Female,4,4,Fashion,1,Single,6,0,12,2,3,3,217.08,3,3,96,0
54293,1,1,Mobile Phone,3,27,Debit Card,Female,4,6,Laptop & Accessory,3,Married,5,1,12,1,3,3,170.59,3,3,4,4
54294,0,15,Mobile Phone,3,16,Debit Card,Male,4,4,Fashion,3,Married,5,1,14,1,2,8,206.89,8,2,45,9
54295,0,1,Mobile Phone,2,32,Debit Card,Female,4,4,Mobile Phone,3,Married,3,0,24,3,6,8,154.42,8,6,7,0
54296,0,10,Mobile Phone,1,13,Credit Card,Male,3,4,Laptop & Accessory,4,Married,8,0,21,1,2,2,174.41,2,2,30,0
54297,1,15,Computer,1,15,Debit Card,Male,3,6,Fashion,1,Single,4,0,16,2,2,4,231.5,4,2,45,0
54298,0,13,Mobile Phone,3,11,Debit Card,Female,3,5,Laptop & Accessory,3,Married,6,0,15,6,6,10,184.02,10,6,91,0
54299,0,1,Mobile Phone,3,35,Debit Card,Male,3,5,Laptop & Accessory,3,Married,4,0,19,2,3,3,211.39,3,3,4,0
54300,0,4,Mobile Phone,2,16,UPI,Male,3,4,Laptop & Accessory,1,Married,2,1,20,5,5,8,188.47,8,5,24,9
54301,1,1,Mobile Phone,1,16,Credit Card,Female,3,4,Mobile Phone,5,Single,9,0,23,2,2,5,167.0,5,2,3,0
54302,0,19,Mobile Phone,1,36,Credit Card,Male,3,4,Mobile Phone,1,Single,7,0,14,2,2,4,159.52,4,2,57,0
54303,0,12,Mobile Phone,1,10,COD,Female,3,4,Laptop & Accessory,3,Single,5,1,21,3,3,3,168.17,3,3,48,4
54304,0,4,Mobile Phone,1,25,Debit Card,Female,4,4,Mobile Phone,3,Single,3,0,15,2,2,5,151.32,5,2,12,0
54305,0,6,Computer,3,16,Credit Card,Male,3,6,Laptop & Accessory,1,Married,2,0,18,1,2,8,171.68,8,2,18,0
54306,0,4,Mobile Phone,1,12,COD,Female,3,4,Mobile Phone,5,Married,7,0,15,1,3,31,157.04,31,3,16,0
54307,0,4,Mobile Phone,1,9,Credit Card,Male,3,5,Mobile Phone,1,Single,2,0,14,1,2,3,152.2,3,2,12,0
54308,0,15,Computer,1,17,Debit Card,Male,4,5,Grocery,5,Married,6,0,15,3,8,8,296.81,8,8,135,0
54309,0,15,Phone,1,16,Debit Card,Male,4,4,Mobile Phone,5,Married,4,0,22,1,2,5,147.38,5,2,45,0
54310,0,1,Phone,1,10,Credit Card,Female,4,4,Mobile Phone,4,Single,3,0,15,2,2,1,139.83,1,2,3,0
54311,0,14,Computer,1,33,Credit Card,Female,3,4,Laptop & Accessory,4,Married,3,0,12,1,3,14,181.05,14,3,56,0
54312,0,9,Mobile Phone,3,7,E wallet,Male,4,4,Fashion,4,Married,3,0,14,1,2,7,197.95,7,2,27,0
54313,0,27,Phone,3,13,E wallet,Male,3,4,Laptop & Accessory,3,Married,4,1,21,1,5,6,148.06,6,5,162,7
54314,0,19,Phone,1,16,Debit Card,Male,3,4,Laptop & Accessory,4,Married,10,0,19,2,2,16,148.48,16,2,57,0
54315,0,6,Computer,3,15,E wallet,Female,3,4,Fashion,1,Single,3,0,15,3,4,3,214.98,3,4,30,0
54316,0,3,Computer,1,7,COD,Male,3,4,Laptop & Accessory,3,Married,3,0,14,1,2,10,168.19,10,2,9,0
54317,0,25,Mobile Phone,1,14,Credit Card,Male,3,5,Laptop & Accessory,3,Married,4,0,18,2,2,1,186.32,1,2,75,0
54318,0,31,Mobile Phone,1,16,Credit Card,Female,4,5,Mobile Phone,4,Married,6,1,21,2,2,1,158.46,1,2,93,2
54319,0,14,Mobile Phone,3,11,E wallet,Male,4,5,Fashion,1,Married,9,0,12,2,2,12,233.55,12,2,42,0
54320,0,8,Computer,3,9,E wallet,Female,4,4,Mobile Phone,3,Married,8,0,19,1,2,3,147.31,3,2,24,0
54321,0,1,Phone,1,26,Credit Card,Male,4,4,Mobile Phone,1,Married,3,0,25,3,3,3,148.23,3,3,4,0
54322,0,1,Computer,1,16,Credit Card,Male,3,4,Mobile Phone,4,Married,8,0,19,3,3,3,145.24,3,3,4,0
54323,0,2,Mobile Phone,1,28,Credit Card,Male,3,4,Mobile Phone,1,Married,3,0,12,1,2,3,152.13,3,2,6,0
54324,0,31,Mobile Phone,1,31,Debit Card,Male,3,2,Fashion,1,Married,5,1,17,2,2,3,219.39,3,2,93,4
54325,0,1,Computer,1,10,Credit Card,Male,4,5,Mobile Phone,3,Married,3,1,16,1,2,2,150.66,2,2,3,3
54326,0,24,Mobile Phone,1,18,Debit Card,Female,3,4,Others,4,Single,5,0,16,1,5,5,324.26,5,5,144,0
54327,0,15,Mobile Phone,1,21,Debit Card,Male,3,4,Mobile Phone,3,Married,6,0,13,2,2,9,149.51,9,2,45,0
54328,0,4,Mobile Phone,3,12,Debit Card,Female,3,4,Fashion,1,Married,4,0,13,2,8,3,219.19,3,8,36,0
54329,0,12,Mobile Phone,3,7,Debit Card,Female,3,5,Laptop & Accessory,1,Single,6,0,23,1,2,3,211.86,3,2,36,0
54330,0,6,Mobile Phone,1,13,Debit Card,Male,3,4,Mobile Phone,3,Single,5,0,21,1,2,5,155.38,5,2,18,0
54331,0,1,Mobile Phone,1,24,COD,Male,3,4,Mobile Phone,4,Married,2,1,17,1,2,2,155.58,2,2,3,3
54332,1,1,Computer,3,7,COD,Female,4,6,Mobile Phone,5,Single,2,0,22,2,2,1,148.25,1,2,3,0
54333,0,10,Computer,1,10,Credit Card,Male,2,4,Mobile Phone,4,Single,6,0,13,3,8,3,145.88,3,8,90,0
54334,0,4,Computer,1,16,Credit Card,Male,4,4,Laptop & Accessory,5,Married,3,0,12,6,7,11,155.72,11,7,32,0
54335,0,19,Mobile Phone,3,11,Debit Card,Female,2,4,Laptop & Accessory,5,Married,6,1,12,1,2,4,175.06,4,2,57,5
54336,0,30,Mobile Phone,1,15,Debit Card,Female,4,4,Mobile Phone,5,Married,6,1,19,3,3,3,167.57,3,3,120,4
54337,0,7,Mobile Phone,1,9,Debit Card,Male,3,4,Mobile Phone,1,Single,2,0,15,2,2,3,150.0,3,2,21,0
54338,1,1,Phone,1,9,Debit Card,Male,3,5,Mobile Phone,1,Single,3,0,23,2,2,1,136.02,1,2,3,0
54339,0,20,Mobile Phone,3,7,E wallet,Female,4,4,Fashion,5,Married,3,0,26,9,16,3,229.53,3,16,340,0
54340,0,12,Phone,1,16,Debit Card,Female,4,4,Mobile Phone,1,Single,3,0,13,2,3,2,147.88,2,3,48,0
54341,0,5,Mobile Phone,1,19,Credit Card,Female,4,4,Mobile Phone,1,Married,10,1,24,2,2,3,164.29,3,2,15,4
54342,0,8,Phone,1,34,Credit Card,Female,4,4,Mobile Phone,4,Single,4,0,16,1,2,3,148.11,3,2,24,0
54343,1,5,Mobile Phone,3,27,E wallet,Female,4,4,Mobile Phone,4,Single,3,1,23,1,2,3,156.4,3,2,15,4
54344,0,24,Mobile Phone,1,7,Credit Card,Male,3,5,Mobile Phone,3,Married,4,0,16,2,2,3,161.9,3,2,72,0
54345,0,27,Mobile Phone,1,20,Credit Card,Female,3,2,Laptop & Accessory,5,Married,3,0,12,2,2,4,169.5,4,2,81,0
54346,0,7,Mobile Phone,1,21,Credit Card,Female,4,4,Mobile Phone,4,Married,3,0,14,2,2,7,152.56,7,2,21,0
54347,0,14,Mobile Phone,1,11,Credit Card,Female,3,4,Others,3,Married,3,0,15,2,10,10,315.33,10,10,154,0
54348,0,29,Mobile Phone,1,21,Credit Card,Male,4,2,Others,4,Single,10,0,15,3,3,16,312.22,16,3,116,0
54349,0,8,Computer,1,9,Debit Card,Male,3,5,Laptop & Accessory,3,Married,3,0,18,1,2,3,220.47,3,2,24,0
54350,0,25,Mobile Phone,1,10,Credit Card,Female,4,4,Grocery,4,Single,5,0,19,1,2,1,262.34,1,2,75,0
54351,0,26,Mobile Phone,1,7,Debit Card,Male,4,5,Others,3,Married,2,0,15,8,12,10,324.99,10,12,338,0
54352,0,1,Phone,1,16,Credit Card,Female,5,4,Mobile Phone,4,Single,3,0,17,1,2,4,147.79,4,2,3,0
54353,1,1,Mobile Phone,1,30,Debit Card,Male,3,5,Laptop & Accessory,3,Married,5,1,14,2,2,2,184.16,2,2,3,3
54354,0,17,Computer,1,14,Credit Card,Male,3,2,Mobile Phone,1,Married,6,0,15,2,3,3,145.89,3,3,68,0
54355,0,19,Computer,1,9,Credit Card,Male,4,5,Grocery,1,Married,11,0,15,2,12,9,292.92,9,12,247,0
54356,0,11,Mobile Phone,1,28,Debit Card,Male,4,2,Mobile Phone,5,Married,3,1,13,2,2,8,160.64,8,2,33,9
54357,0,9,Computer,1,9,Credit Card,Female,3,4,Laptop & Accessory,4,Single,7,0,12,1,2,3,169.25,3,2,27,0
54358,0,16,Computer,1,28,Credit Card,Female,3,4,Laptop & Accessory,3,Married,4,0,17,1,2,3,177.65,3,2,48,0
54359,0,12,Mobile Phone,1,9,Debit Card,Male,3,4,Laptop & Accessory,3,Married,11,0,15,2,2,1,190.53,1,2,36,0
54360,0,12,Mobile Phone,1,36,COD,Male,3,4,Laptop & Accessory,1,Married,5,0,19,1,2,8,187.61,8,2,36,0
54361,0,1,Computer,1,7,COD,Male,3,5,Laptop & Accessory,5,Married,7,0,20,3,3,1,167.98,1,3,4,0
54362,0,23,Computer,1,25,Debit Card,Male,4,4,Laptop & Accessory,1,Married,3,1,16,1,2,8,193.04,8,2,69,9
54363,0,8,Computer,1,17,Credit Card,Male,3,4,Mobile Phone,3,Married,3,1,18,3,3,1,163.15,1,3,32,2
54364,0,14,Mobile Phone,1,26,Credit Card,Male,2,4,Laptop & Accessory,1,Married,10,1,16,4,4,8,152.41,8,4,70,9
54365,1,2,Mobile Phone,1,36,Credit Card,Male,4,4,Laptop & Accessory,5,Married,9,1,20,2,2,1,191.73,1,2,6,2
54366,1,1,Mobile Phone,3,34,E wallet,Female,3,4,Fashion,1,Married,3,0,23,1,2,10,201.39,10,2,3,0
54367,0,1,Phone,1,12,Debit Card,Male,3,2,Mobile Phone,4,Married,3,1,17,3,3,3,148.28,3,3,4,4
54368,0,10,Computer,1,25,Credit Card,Female,4,4,Mobile Phone,1,Single,3,0,14,1,2,8,146.53,8,2,30,0
54369,0,14,Computer,1,16,Debit Card,Male,4,5,Laptop & Accessory,1,Married,11,0,15,1,2,3,173.76,3,2,42,0
54370,0,20,Mobile Phone,1,7,Credit Card,Male,4,4,Fashion,5,Married,9,0,17,1,2,3,218.96,3,2,60,0
54371,1,1,Mobile Phone,3,11,Credit Card,Male,3,6,Fashion,1,Married,3,0,12,7,10,3,229.0,3,10,11,0
54372,0,4,Computer,1,7,Debit Card,Male,3,5,Fashion,3,Single,3,0,23,5,6,3,209.74,3,6,28,0
54373,0,1,Computer,3,27,Debit Card,Female,3,4,Laptop & Accessory,3,Single,3,0,15,2,2,3,224.81,3,2,3,0
54374,0,25,Mobile Phone,1,15,Debit Card,Male,3,5,Fashion,4,Married,7,0,17,3,2,8,249.9,8,2,75,0
54375,1,1,Mobile Phone,1,10,COD,Female,3,4,Mobile Phone,5,Single,7,1,12,1,2,5,151.57,5,2,3,6
54376,0,15,Mobile Phone,3,13,Debit Card,Female,4,4,Fashion,1,Single,5,1,19,1,2,1,260.91,1,2,45,2
54377,1,1,Computer,3,33,E wallet,Female,3,5,Laptop & Accessory,5,Single,7,0,16,2,2,2,191.96,2,2,3,0
54378,1,1,Phone,1,7,COD,Male,3,4,Mobile Phone,3,Single,2,0,15,1,2,6,145.58,6,2,3,0
54379,0,19,Computer,3,13,Credit Card,Female,3,5,Fashion,1,Single,8,0,13,6,13,3,213.65,3,13,266,0
54380,0,28,Mobile Phone,3,10,E wallet,Female,3,4,Laptop & Accessory,5,Married,4,0,15,2,2,6,184.4,6,2,84,0
54381,0,10,Mobile Phone,1,12,Debit Card,Male,4,4,Laptop & Accessory,4,Single,10,0,17,3,4,8,184.14,8,4,50,0
54382,0,7,Mobile Phone,1,11,Credit Card,Female,3,5,Mobile Phone,4,Married,8,0,22,1,2,2,151.22,2,2,21,0
54383,0,11,Computer,1,18,UPI,Male,3,4,Fashion,1,Married,3,1,15,2,2,8,246.85,8,2,33,9
54384,0,12,Mobile Phone,3,10,Debit Card,Male,4,4,Fashion,3,Married,2,0,13,2,6,3,231.09,3,6,84,0
54385,0,5,Computer,1,7,Credit Card,Male,3,6,Laptop & Accessory,3,Married,2,0,13,1,2,5,168.45,5,2,15,0
54386,0,31,Phone,1,10,Debit Card,Male,4,5,Mobile Phone,1,Married,5,0,18,1,2,1,146.77,1,2,93,0
54387,0,11,Computer,3,11,E wallet,Male,3,4,Mobile Phone,1,Married,6,0,18,4,6,9,152.93,9,6,77,0
54388,0,3,Computer,3,7,Credit Card,Female,3,4,Fashion,1,Married,3,0,15,5,5,2,204.18,2,5,18,0
54389,0,9,Computer,3,7,E wallet,Female,4,4,Fashion,3,Single,3,0,15,2,2,3,212.89,3,2,27,0
54390,1,1,Phone,1,25,Credit Card,Male,3,5,Mobile Phone,1,Single,3,1,14,1,2,2,148.89,2,2,3,3
54391,0,26,Mobile Phone,1,9,Debit Card,Female,3,5,Mobile Phone,1,Single,9,0,16,3,3,3,157.12,3,3,104,0
54392,0,16,Mobile Phone,1,11,Cash on Delivery,Male,3,4,Others,1,Married,3,0,15,1,12,16,317.32,16,12,208,0
54393,0,31,Phone,2,13,Credit Card,Male,3,4,Mobile Phone,3,Married,10,0,18,1,3,3,147.67,3,3,124,0
54394,0,24,Mobile Phone,3,7,Credit Card,Female,4,4,Others,1,Married,5,0,15,2,2,7,320.17,7,2,72,0
54395,1,1,Phone,1,21,Credit Card,Male,3,4,Mobile Phone,1,Married,7,1,14,2,2,5,149.36,5,2,3,6
54396,0,17,Mobile Phone,3,23,E wallet,Female,4,4,Grocery,1,Married,7,1,23,1,2,10,285.64,10,2,51,11
54397,1,1,Mobile Phone,1,9,Debit Card,Female,3,4,Mobile Phone,5,Married,9,0,21,2,2,8,152.07,8,2,3,0
54398,0,26,Computer,3,9,Debit Card,Male,4,5,Others,3,Single,3,1,15,2,16,13,315.68,13,16,442,14
54399,0,6,Mobile Phone,3,11,Debit Card,Female,3,4,Mobile Phone,4,Married,4,0,12,2,2,3,164.31,3,2,18,0
54400,1,1,Mobile Phone,1,7,Debit Card,Male,4,5,Mobile Phone,3,Single,2,1,15,1,2,3,162.3,3,2,3,4
54401,0,13,Phone,1,7,Credit Card,Female,4,4,Mobile Phone,3,Married,9,0,15,2,2,3,147.32,3,2,39,0
54402,0,6,Computer,3,33,E wallet,Male,4,4,Laptop & Accessory,1,Married,2,0,19,3,3,3,169.65,3,3,24,0
54403,0,15,Mobile Phone,1,26,Debit Card,Male,3,4,Laptop & Accessory,5,Married,4,0,17,1,2,1,155.72,1,2,45,0
54404,0,14,Mobile Phone,1,31,COD,Male,4,4,Laptop & Accessory,1,Married,3,0,18,3,5,8,158.19,8,5,84,0
54405,0,19,Mobile Phone,1,7,UPI,Male,4,2,Others,1,Married,2,0,15,2,2,8,317.02,8,2,57,0
54406,0,5,Computer,1,10,Credit Card,Male,4,4,Fashion,3,Married,11,0,13,1,3,3,261.75,3,3,20,0
54407,0,7,Mobile Phone,1,12,Debit Card,Female,4,5,Mobile Phone,1,Married,3,0,14,1,2,3,154.11,3,2,21,0
54408,0,8,Mobile Phone,1,9,Debit Card,Male,3,5,Laptop & Accessory,5,Married,8,0,14,1,6,10,184.57,10,6,56,0
54409,0,11,Mobile Phone,1,7,Credit Card,Female,3,5,Mobile Phone,5,Married,4,0,15,1,2,3,164.2,3,2,33,0
54410,0,19,Computer,1,14,Debit Card,Male,4,2,Laptop & Accessory,3,Married,6,0,18,2,2,3,189.34,3,2,57,0
54411,1,1,Computer,1,17,Credit Card,Male,4,4,Fashion,3,Married,8,0,12,1,2,3,225.48,3,2,3,0
54412,0,13,Computer,1,9,Cash on Delivery,Female,4,4,Fashion,3,Single,2,0,26,7,2,9,234.38,9,2,39,0
54413,0,3,Phone,1,22,Debit Card,Male,3,4,Mobile Phone,1,Single,3,0,20,2,2,6,148.4,6,2,9,0
54414,0,16,Mobile Phone,1,24,Debit Card,Female,3,2,Laptop & Accessory,5,Single,5,1,14,2,2,3,190.45,3,2,48,4
54415,0,3,Mobile Phone,3,27,E wallet,Male,3,4,Laptop & Accessory,1,Married,4,0,15,2,2,3,194.31,3,2,9,0
54416,0,1,Mobile Phone,1,7,Debit Card,Female,4,4,Laptop & Accessory,3,Married,2,0,13,2,2,3,173.98,3,2,3,0
54417,0,16,Mobile Phone,1,9,Credit Card,Female,3,5,Mobile Phone,5,Married,2,1,12,8,8,9,150.93,9,8,144,10
54418,0,14,Mobile Phone,1,9,Credit Card,Male,3,4,Others,3,Married,2,0,15,4,4,10,319.36,10,4,70,0
54419,0,25,Mobile Phone,1,7,Debit Card,Male,4,4,Mobile Phone,1,Married,3,0,12,2,2,1,152.23,1,2,75,0
54420,1,1,Computer,1,36,Credit Card,Male,4,5,Mobile Phone,4,Single,2,0,12,1,2,5,159.79,5,2,3,0
54421,0,6,Computer,1,14,Debit Card,Male,4,2,Mobile Phone,4,Married,3,0,21,1,2,4,152.94,4,2,18,0
54422,0,12,Computer,3,9,Debit Card,Male,3,5,Laptop & Accessory,1,Married,5,0,19,2,8,6,177.49,6,8,108,0
54423,0,6,Phone,1,9,COD,Male,3,5,Laptop & Accessory,5,Single,6,0,14,1,2,5,146.76,5,2,18,0
54424,0,20,Mobile Phone,3,9,Cash on Delivery,Female,4,6,Grocery,4,Married,5,1,15,7,8,8,293.72,8,8,180,9
54425,1,1,Mobile Phone,1,9,Debit Card,Male,4,4,Mobile Phone,3,Single,4,0,12,1,2,1,159.85,1,2,3,0
54426,0,3,Mobile Phone,3,9,Credit Card,Male,4,5,Laptop & Accessory,4,Married,4,0,20,2,2,1,191.44,1,2,9,0
54427,0,5,Mobile Phone,1,30,Credit Card,Male,4,5,Laptop & Accessory,1,Married,2,0,22,1,8,9,180.82,9,8,45,0
54428,0,1,Computer,1,12,Debit Card,Male,3,2,Laptop & Accessory,5,Married,3,0,13,2,2,6,165.0,6,2,3,0
54429,0,19,Mobile Phone,1,27,Credit Card,Male,4,4,Grocery,1,Married,2,1,15,3,2,11,259.96,11,2,57,12
54430,0,10,Mobile Phone,1,13,Debit Card,Male,3,4,Mobile Phone,1,Married,2,0,12,2,11,12,157.1,12,11,120,0
54431,0,29,Mobile Phone,1,7,Credit Card,Male,3,4,Others,5,Single,2,1,15,4,5,14,315.45,14,5,174,15
54432,1,11,Computer,1,36,Debit Card,Male,3,4,Fashion,4,Married,3,1,13,5,2,10,243.49,10,2,33,11
54433,0,2,Phone,1,16,Credit Card,Male,4,4,Mobile Phone,1,Married,3,0,24,2,2,5,145.7,5,2,6,0
54434,0,11,Mobile Phone,3,13,Credit Card,Male,4,4,Laptop & Accessory,1,Married,6,0,15,2,2,2,190.02,2,2,33,0
54435,0,1,Mobile Phone,1,10,Credit Card,Male,4,5,Mobile Phone,3,Single,3,0,18,2,2,1,157.3,1,2,3,0
54436,0,11,Computer,1,7,Credit Card,Female,4,4,Fashion,1,Married,4,1,19,1,2,3,261.03,3,2,33,4
54437,0,9,Mobile Phone,1,29,Debit Card,Female,4,2,Fashion,4,Married,9,0,19,6,2,3,244.96,3,2,27,0
54438,0,12,Mobile Phone,3,14,Credit Card,Female,3,2,Laptop & Accessory,5,Married,3,1,25,5,8,8,181.05,8,8,108,9
54439,0,1,Computer,1,7,Debit Card,Female,3,4,Laptop & Accessory,4,Married,3,0,21,2,2,5,188.97,5,2,3,0
54440,0,24,Mobile Phone,1,11,Debit Card,Male,4,4,Others,4,Married,5,0,15,1,2,7,316.44,7,2,72,0
54441,0,27,Mobile Phone,1,10,Credit Card,Male,3,4,Grocery,3,Married,5,1,15,2,2,4,300.84,4,2,81,5
54442,0,16,Mobile Phone,3,7,Debit Card,Male,2,4,Laptop & Accessory,3,Married,3,0,26,7,12,7,174.07,7,12,208,0
54443,0,3,Computer,3,9,Debit Card,Male,3,4,Laptop & Accessory,1,Single,3,0,19,1,2,10,170.54,10,2,9,0
54444,0,29,Mobile Phone,1,27,COD,Male,3,4,Laptop & Accessory,1,Married,5,1,20,1,2,9,179.15,9,2,87,10
54445,0,1,Computer,1,18,Credit Card,Male,3,4,Laptop & Accessory,5,Married,3,1,14,2,4,4,172.41,4,4,5,5
54446,0,11,Phone,1,7,Debit Card,Female,3,4,Mobile Phone,1,Single,3,0,13,2,6,8,146.15,8,6,77,0
54447,1,8,Computer,1,31,Debit Card,Male,3,4,Mobile Phone,3,Married,5,1,23,1,2,1,156.61,1,2,24,2
54448,0,12,Mobile Phone,1,30,Debit Card,Male,3,4,Laptop & Accessory,1,Married,11,0,15,1,2,3,182.45,3,2,36,0
54449,1,1,Phone,1,23,Credit Card,Male,3,4,Mobile Phone,4,Married,4,1,14,2,2,3,148.73,3,2,3,4
54450,0,2,Mobile Phone,1,15,Debit Card,Female,4,4,Mobile Phone,1,Single,3,0,22,2,2,3,158.1,3,2,6,0
54451,0,23,Computer,1,17,Debit Card,Female,3,4,Others,5,Single,11,1,15,1,2,3,311.65,3,2,69,4
54452,0,10,Mobile Phone,1,10,COD,Male,2,4,Laptop & Accessory,4,Single,6,0,13,3,8,8,169.85,8,8,90,0
54453,0,5,Computer,3,12,E wallet,Female,3,4,Mobile Phone,4,Married,3,0,12,1,3,3,152.89,3,3,20,0
54454,1,1,Mobile Phone,3,11,E wallet,Male,3,5,Laptop & Accessory,1,Single,3,1,13,5,8,5,183.28,5,8,9,6
54455,0,11,Computer,1,16,Credit Card,Male,3,4,Mobile Phone,1,Married,3,1,13,1,2,3,148.26,3,2,33,4
54456,0,16,Computer,3,33,E wallet,Female,4,4,Grocery,4,Married,7,0,15,4,2,9,260.25,9,2,48,0
54457,1,1,Phone,1,10,Debit Card,Male,3,4,Mobile Phone,3,Single,3,0,14,2,2,1,139.2,1,2,3,0
54458,0,9,Mobile Phone,3,23,E wallet,Male,4,4,Fashion,4,Married,2,0,16,4,7,10,205.2,10,7,72,0
54459,0,10,Computer,1,25,Debit Card,Male,3,2,Mobile Phone,1,Married,6,0,19,2,2,1,161.88,1,2,30,0
54460,0,25,Mobile Phone,1,9,Credit Card,Male,3,6,Laptop & Accessory,4,Married,7,0,19,1,2,3,179.82,3,2,75,0
54461,0,15,Mobile Phone,3,9,Debit Card,Male,3,4,Grocery,4,Single,3,0,20,1,2,5,285.15,5,2,45,0
54462,0,1,Phone,3,17,Credit Card,Female,4,5,Mobile Phone,3,Single,3,0,13,1,2,1,137.0,1,2,3,0
54463,0,2,Mobile Phone,1,23,Credit Card,Male,4,2,Laptop & Accessory,5,Single,2,0,20,1,2,8,181.61,8,2,6,0
54464,0,5,Mobile Phone,3,14,Cash on Delivery,Male,4,2,Laptop & Accessory,1,Married,6,0,12,4,8,8,194.29,8,8,45,0
54465,0,13,Mobile Phone,1,7,Credit Card,Male,3,2,Fashion,1,Married,2,0,18,2,4,3,221.13,3,4,65,0
54466,0,10,Computer,1,31,Debit Card,Female,3,4,Laptop & Accessory,4,Married,9,0,16,2,2,9,181.74,9,2,30,0
54467,0,6,Mobile Phone,3,14,Debit Card,Male,4,5,Laptop & Accessory,3,Married,3,0,15,4,5,9,179.84,9,5,36,0
54468,0,12,Mobile Phone,1,32,Debit Card,Female,3,5,Fashion,4,Married,5,0,18,1,2,2,245.61,2,2,36,0
54469,0,31,Computer,1,7,Debit Card,Male,3,6,Laptop & Accessory,3,Married,4,1,14,2,2,3,181.6,3,2,93,4
54470,0,5,Mobile Phone,1,12,COD,Male,3,4,Mobile Phone,1,Married,2,1,13,2,2,4,173.21,4,2,15,5
54471,0,5,Mobile Phone,2,9,UPI,Male,4,5,Laptop & Accessory,5,Married,5,0,13,1,2,1,189.1,1,2,15,0
54472,0,19,Computer,1,14,Debit Card,Male,4,4,Fashion,5,Married,3,0,19,3,10,12,177.1,12,10,209,0
54473,0,5,Mobile Phone,1,9,Debit Card,Male,3,4,Mobile Phone,1,Married,2,1,19,3,3,3,151.95,3,3,20,4
54474,0,7,Computer,1,12,Debit Card,Female,4,4,Fashion,4,Married,8,0,12,8,2,9,243.78,9,2,21,0
54475,0,1,Mobile Phone,1,17,Credit Card,Male,4,4,Grocery,5,Married,3,1,15,2,12,11,295.68,11,12,13,12
54476,0,17,Computer,1,17,Debit Card,Female,3,4,Mobile Phone,1,Single,2,0,20,1,2,8,149.55,8,2,51,0
54477,0,23,Mobile Phone,1,7,Cash on Delivery,Female,3,5,Grocery,3,Single,9,1,13,1,2,8,264.64,8,2,69,9
54478,1,16,Mobile Phone,1,15,Credit Card,Male,3,5,Laptop & Accessory,4,Married,4,0,16,8,8,8,174.41,8,8,144,0
54479,0,1,Mobile Phone,1,12,Debit Card,Female,3,4,Mobile Phone,4,Single,3,1,13,1,2,3,149.78,3,2,3,4
54480,0,6,Mobile Phone,3,15,COD,Female,4,5,Laptop & Accessory,4,Married,3,1,12,12,12,10,177.28,10,12,78,11
54481,0,1,Mobile Phone,3,9,Debit Card,Male,4,4,Laptop & Accessory,3,Single,3,1,12,1,2,5,169.78,5,2,3,6
54482,0,5,Mobile Phone,3,14,E wallet,Male,4,4,Laptop & Accessory,1,Married,6,0,13,1,2,8,200.47,8,2,15,0
54483,0,6,Mobile Phone,1,9,Credit Card,Female,4,2,Laptop & Accessory,1,Single,9,0,17,1,2,8,175.55,8,2,18,0
54484,1,1,Mobile Phone,1,9,Credit Card,Male,3,6,Mobile Phone,1,Married,7,1,14,2,3,3,159.64,3,3,4,4
54485,0,4,Mobile Phone,1,35,Credit Card,Female,4,4,Laptop & Accessory,1,Married,3,0,14,2,2,10,182.75,10,2,12,0
54486,0,5,Computer,1,14,Debit Card,Female,3,5,Fashion,3,Married,3,0,25,8,9,3,214.43,3,9,50,0
54487,0,13,Computer,1,14,Credit Card,Male,3,5,Others,1,Married,3,0,15,7,14,4,317.72,4,14,195,0
54488,1,3,Mobile Phone,3,10,Credit Card,Female,3,4,Laptop & Accessory,3,Married,6,1,19,2,2,1,177.38,1,2,9,2
54489,0,7,Computer,3,17,E wallet,Male,3,5,Laptop & Accessory,1,Single,5,0,15,2,2,2,171.82,2,2,21,0
54490,0,21,Mobile Phone,1,12,Debit Card,Male,3,4,Others,3,Married,6,0,15,2,2,2,308.0,2,2,63,0
54491,0,17,Computer,1,17,Debit Card,Female,3,5,Laptop & Accessory,3,Married,3,0,12,2,2,1,177.57,1,2,51,0
54492,0,1,Computer,3,7,E wallet,Male,4,4,Laptop & Accessory,4,Married,2,1,14,1,2,5,188.49,5,2,3,6
54493,0,28,Computer,1,27,Debit Card,Female,3,4,Laptop & Accessory,3,Single,5,0,13,1,2,4,173.69,4,2,84,0
54494,0,17,Mobile Phone,1,14,Debit Card,Female,3,4,Fashion,5,Married,10,0,17,2,2,3,224.85,3,2,51,0
54495,0,19,Mobile Phone,1,15,UPI,Male,4,4,Laptop & Accessory,1,Married,11,0,15,9,10,9,161.97,9,10,209,0
54496,0,14,Mobile Phone,3,7,Credit Card,Male,3,6,Laptop & Accessory,1,Married,4,1,23,2,2,3,199.57,3,2,42,4
54497,1,1,Phone,1,15,UPI,Male,4,6,Mobile Phone,5,Married,3,1,12,1,2,8,146.19,8,2,3,9
54498,0,3,Mobile Phone,1,16,UPI,Male,2,5,Mobile Phone,1,Single,2,0,18,2,3,3,164.83,3,3,12,0
54499,0,4,Mobile Phone,3,12,E wallet,Female,2,5,Laptop & Accessory,3,Married,3,0,14,2,2,3,186.18,3,2,12,0
54500,0,1,Mobile Phone,3,15,E wallet,Female,3,4,Laptop & Accessory,4,Married,3,0,19,1,2,8,187.14,8,2,3,0
54501,0,11,Mobile Phone,1,12,Credit Card,Male,4,4,Laptop & Accessory,1,Married,9,0,17,2,2,5,188.47,5,2,33,0
54502,0,12,Mobile Phone,1,22,Debit Card,Male,4,5,Fashion,1,Married,2,1,15,3,2,10,240.1,10,2,36,11
54503,0,5,Mobile Phone,1,14,Credit Card,Female,3,4,Fashion,1,Single,3,1,15,5,5,11,196.43,11,5,30,12
54504,0,3,Mobile Phone,3,17,E wallet,Female,3,5,Laptop & Accessory,4,Married,3,1,15,2,2,8,207.68,8,2,9,9
54505,0,9,Mobile Phone,1,12,Cash on Delivery,Male,4,4,Fashion,4,Single,2,0,14,2,2,14,205.95,14,2,27,0
54506,0,1,Mobile Phone,1,33,Debit Card,Male,3,4,Mobile Phone,1,Married,3,0,13,1,2,3,154.04,3,2,3,0
54507,0,15,Mobile Phone,1,13,Credit Card,Male,4,5,Laptop & Accessory,4,Single,8,1,16,2,2,3,185.32,3,2,45,4
54508,0,21,Computer,3,11,Credit Card,Male,4,4,Laptop & Accessory,3,Single,5,0,20,1,2,1,154.76,1,2,63,0
54509,0,16,Mobile Phone,1,30,Debit Card,Female,3,4,Grocery,1,Single,4,0,15,1,2,1,284.92,1,2,48,0
54510,0,3,Computer,3,9,Debit Card,Male,4,4,Laptop & Accessory,3,Married,3,0,15,2,2,3,171.49,3,2,9,0
54511,0,16,Mobile Phone,2,9,COD,Male,3,4,Mobile Phone,3,Married,2,1,12,2,2,1,151.96,1,2,48,2
54512,0,6,Phone,1,9,Credit Card,Female,4,4,Mobile Phone,4,Married,3,0,14,1,2,8,148.7,8,2,18,0
54513,0,22,Mobile Phone,3,36,Credit Card,Female,4,4,Fashion,3,Married,5,0,22,1,2,1,250.04,1,2,66,0
54514,0,11,Mobile Phone,1,13,Credit Card,Male,3,2,Laptop & Accessory,5,Married,6,1,14,7,7,8,184.74,8,7,88,9
54515,0,4,Computer,3,32,COD,Female,3,4,Laptop & Accessory,3,Married,9,1,13,3,3,3,172.36,3,3,16,4
54516,0,1,Mobile Phone,3,7,Debit Card,Male,3,4,Laptop & Accessory,3,Married,3,0,18,1,8,8,177.96,8,8,9,0
54517,0,16,Mobile Phone,1,9,UPI,Male,4,5,Laptop & Accessory,1,Single,5,0,24,2,2,1,192.81,1,2,48,0
54518,1,1,Computer,3,7,COD,Female,4,5,Mobile Phone,4,Single,3,1,12,2,2,3,146.74,3,2,3,4
54519,0,10,Computer,3,7,Credit Card,Female,3,4,Laptop & Accessory,1,Single,6,0,16,2,2,1,191.53,1,2,30,0
54520,0,10,Computer,3,10,Credit Card,Male,3,5,Fashion,1,Married,6,0,12,1,2,3,221.99,3,2,30,0
54521,0,31,Mobile Phone,1,7,Credit Card,Male,3,4,Laptop & Accessory,3,Married,4,0,12,1,2,3,192.55,3,2,93,0
54522,0,14,Phone,1,17,Debit Card,Female,3,2,Mobile Phone,3,Married,5,1,14,1,2,8,147.13,8,2,42,9
54523,0,1,Computer,3,16,Credit Card,Male,3,4,Mobile Phone,1,Single,3,0,25,3,3,3,151.1,3,3,4,0
54524,1,1,Mobile Phone,3,12,E wallet,Female,3,4,Mobile Phone,3,Single,3,1,14,1,2,1,153.51,1,2,3,2
54525,0,11,Mobile Phone,1,17,Credit Card,Female,4,4,Mobile Phone,5,Married,8,0,21,2,2,4,159.52,4,2,33,0
54526,0,20,Computer,1,14,Credit Card,Female,2,4,Laptop & Accessory,3,Married,4,0,15,2,2,1,177.58,1,2,60,0
54527,1,5,Computer,3,11,E wallet,Male,3,4,Laptop & Accessory,4,Single,3,0,19,5,8,3,218.55,3,8,45,0
54528,0,24,Mobile Phone,1,17,Cash on Delivery,Male,4,5,Fashion,1,Single,8,0,16,2,2,3,229.96,3,2,72,0
54529,1,4,Mobile Phone,3,29,E wallet,Male,4,5,Laptop & Accessory,3,Married,4,1,13,2,2,1,188.8,1,2,12,2
54530,0,5,Mobile Phone,1,16,Debit Card,Male,3,5,Mobile Phone,4,Single,2,1,17,3,3,3,151.57,3,3,20,4
54531,1,1,Mobile Phone,3,19,Debit Card,Female,3,2,Mobile Phone,4,Single,3,0,16,1,2,1,152.16,1,2,3,0
54532,0,3,Phone,1,30,Debit Card,Male,3,4,Mobile Phone,1,Single,11,0,17,1,2,3,147.01,3,2,9,0
54533,0,9,Mobile Phone,1,16,Debit Card,Male,4,5,Laptop & Accessory,4,Single,11,0,20,1,2,1,190.4,1,2,27,0
54534,0,1,Mobile Phone,1,7,Credit Card,Male,3,4,Mobile Phone,4,Married,3,0,12,1,2,5,163.16,5,2,3,0
54535,0,2,Mobile Phone,3,16,Debit Card,Male,4,4,Laptop & Accessory,1,Single,3,0,17,2,2,8,177.53,8,2,6,0
54536,0,23,Mobile Phone,1,14,UPI,Male,3,5,Fashion,3,Single,10,0,25,2,2,1,234.65,1,2,69,0
54537,0,25,Mobile Phone,3,21,Debit Card,Female,3,4,Laptop & Accessory,1,Married,6,0,12,2,2,8,174.36,8,2,75,0
54538,0,10,Mobile Phone,1,9,Debit Card,Female,4,4,Mobile Phone,3,Married,6,0,14,3,3,3,150.43,3,3,40,0
54539,1,1,Computer,3,26,E wallet,Male,4,2,Laptop & Accessory,1,Single,10,1,14,1,2,5,178.04,5,2,3,6
54540,0,29,Mobile Phone,1,9,Debit Card,Female,4,4,Grocery,1,Single,4,1,14,1,2,3,291.59,3,2,87,4
54541,0,1,Mobile Phone,3,17,E wallet,Female,4,4,Laptop & Accessory,3,Married,3,1,13,1,2,4,167.6,4,2,3,5
54542,0,4,Mobile Phone,3,9,COD,Male,4,4,Mobile Phone,4,Married,3,0,19,2,2,1,149.76,1,2,12,0
54543,1,1,Computer,1,10,COD,Male,4,4,Mobile Phone,5,Single,2,0,23,1,2,5,156.02,5,2,3,0
54544,0,1,Phone,1,18,Credit Card,Female,3,4,Mobile Phone,4,Married,3,0,14,2,2,3,147.44,3,2,3,0
54545,0,10,Mobile Phone,3,9,Credit Card,Male,4,5,Fashion,3,Married,3,0,14,9,10,1,200.96,1,10,110,0
54546,1,1,Computer,1,11,COD,Male,3,4,Mobile Phone,1,Single,11,1,24,2,2,1,147.85,1,2,3,2
54547,0,11,Mobile Phone,1,21,Debit Card,Female,4,4,Mobile Phone,5,Married,3,0,13,11,13,18,155.34,18,13,154,0
54548,0,14,Mobile Phone,3,9,E wallet,Female,3,4,Laptop & Accessory,4,Married,9,0,13,1,2,4,182.15,4,2,42,0
54549,0,16,Mobile Phone,1,7,Debit Card,Female,4,4,Mobile Phone,5,Married,5,0,17,1,2,3,150.76,3,2,48,0
54550,0,11,Mobile Phone,1,17,Debit Card,Male,3,4,Laptop & Accessory,4,Single,4,1,13,1,2,2,166.97,2,2,33,3
54551,0,17,Mobile Phone,1,19,Debit Card,Male,3,5,Grocery,4,Married,3,0,12,1,4,10,268.36,10,4,85,0
54552,0,14,Mobile Phone,1,9,Credit Card,Female,4,5,Laptop & Accessory,3,Married,8,0,23,2,2,1,159.48,1,2,42,0
54553,0,28,Mobile Phone,1,12,Credit Card,Male,3,4,Others,5,Married,6,0,15,2,2,3,319.06,3,2,84,0
54554,0,8,Computer,3,11,E wallet,Female,4,4,Laptop & Accessory,3,Married,11,0,16,1,2,3,190.38,3,2,24,0
54555,0,5,Mobile Phone,1,14,Credit Card,Female,3,4,Laptop & Accessory,5,Married,3,0,13,4,4,13,168.06,13,4,25,0
54556,0,17,Computer,1,28,Credit Card,Male,4,4,Mobile Phone,1,Married,9,0,21,2,2,3,147.58,3,2,51,0
54557,0,17,Mobile Phone,1,15,UPI,Female,4,4,Laptop & Accessory,3,Married,6,1,15,2,2,3,170.22,3,2,51,4
54558,0,1,Mobile Phone,3,11,Debit Card,Female,4,5,Laptop & Accessory,1,Single,3,1,12,1,2,4,169.87,4,2,3,5
54559,0,11,Computer,1,32,Credit Card,Female,4,4,Laptop & Accessory,3,Married,5,1,16,5,11,8,169.49,8,11,132,9
54560,0,5,Phone,1,7,Debit Card,Male,4,5,Mobile Phone,5,Married,3,0,13,4,4,3,147.18,3,4,25,0
54561,0,13,Computer,1,7,Debit Card,Male,3,4,Others,3,Married,3,1,15,1,2,7,316.97,7,2,39,8
54562,0,30,Computer,3,13,Debit Card,Female,3,2,Grocery,5,Married,11,0,12,7,2,8,257.12,8,2,90,0
54563,0,4,Mobile Phone,3,19,COD,Female,3,4,Laptop & Accessory,3,Single,2,0,12,4,5,5,190.77,5,5,24,0
54564,0,15,Mobile Phone,3,7,E wallet,Male,3,2,Fashion,5,Married,3,0,17,2,2,8,208.92,8,2,45,0
54565,0,2,Mobile Phone,1,24,Credit Card,Male,4,4,Laptop & Accessory,5,Married,3,0,13,1,2,9,170.58,9,2,6,0
54566,1,1,Mobile Phone,1,10,Credit Card,Male,4,4,Mobile Phone,5,Married,7,0,14,2,2,3,165.31,3,2,3,0
54567,0,26,Mobile Phone,1,10,Credit Card,Male,3,5,Fashion,3,Married,4,1,15,2,2,5,204.69,5,2,78,6
54568,0,19,Mobile Phone,1,17,Debit Card,Male,4,4,Mobile Phone,1,Married,5,0,22,1,2,3,151.54,3,2,57,0
54569,0,26,Mobile Phone,1,11,Debit Card,Female,2,4,Grocery,1,Married,4,0,14,1,2,5,290.55,5,2,78,0
54570,0,16,Computer,1,36,Debit Card,Female,4,4,Laptop & Accessory,3,Married,4,0,12,2,2,3,170.56,3,2,48,0
54571,0,4,Mobile Phone,1,9,Debit Card,Female,3,6,Laptop & Accessory,1,Single,4,0,21,2,2,3,185.91,3,2,12,0
54572,0,31,Mobile Phone,1,14,Debit Card,Female,3,4,Others,5,Married,7,0,15,2,12,11,320.66,11,12,403,0
54573,0,20,Mobile Phone,1,25,Credit Card,Female,3,4,Laptop & Accessory,3,Married,4,0,15,2,2,9,173.1,9,2,60,0
54574,0,16,Computer,1,35,COD,Female,3,5,Laptop & Accessory,1,Married,2,0,12,1,2,5,170.23,5,2,48,0
54575,1,1,Mobile Phone,3,7,COD,Female,4,4,Mobile Phone,4,Single,3,1,17,1,2,5,157.02,5,2,3,6
54576,1,1,Computer,3,13,E wallet,Female,3,6,Mobile Phone,3,Married,2,0,17,1,2,1,148.51,1,2,3,0
54577,0,12,Computer,1,9,Debit Card,Male,3,4,Mobile Phone,1,Married,3,1,24,2,2,1,142.02,1,2,36,2
54578,0,14,Mobile Phone,3,9,Debit Card,Female,4,4,Others,3,Married,2,0,15,2,2,13,305.41,13,2,42,0
54579,0,1,Mobile Phone,1,30,Debit Card,Female,3,4,Mobile Phone,1,Married,3,0,23,1,2,3,153.86,3,2,3,0
54580,0,4,Computer,1,10,Debit Card,Male,3,4,Mobile Phone,1,Married,6,0,16,2,2,5,145.97,5,2,12,0
54581,0,3,Mobile Phone,1,10,Credit Card,Male,4,5,Fashion,3,Married,3,0,19,1,2,8,244.35,8,2,9,0
54582,1,1,Mobile Phone,1,32,COD,Female,4,5,Mobile Phone,4,Married,7,0,17,2,2,2,150.46,2,2,3,0
54583,1,1,Mobile Phone,2,9,COD,Male,3,5,Mobile Phone,1,Single,3,0,13,1,2,1,150.64,1,2,3,0
54584,0,4,Computer,3,29,UPI,Female,4,4,Fashion,5,Married,2,0,12,4,8,9,209.12,9,8,36,0
54585,0,31,Mobile Phone,3,36,E wallet,Male,3,5,Grocery,1,Married,5,0,13,1,2,1,266.18,1,2,93,0
54586,0,24,Mobile Phone,1,36,Debit Card,Male,3,5,Grocery,3,Married,2,0,15,16,16,8,295.46,8,16,408,0
54587,0,4,Computer,1,9,Credit Card,Female,3,4,Mobile Phone,1,Single,2,0,15,2,7,8,150.64,8,7,32,0
54588,0,31,Computer,3,35,E wallet,Female,4,5,Fashion,5,Married,6,0,20,4,14,3,227.66,3,14,465,0
54589,0,21,Mobile Phone,1,9,Credit Card,Female,4,4,Laptop & Accessory,1,Married,7,0,14,1,2,5,175.7,5,2,63,0
54590,0,20,Mobile Phone,1,9,Debit Card,Male,3,4,Grocery,3,Married,8,0,15,2,2,2,303.61,2,2,60,0
54591,0,9,Mobile Phone,1,29,Debit Card,Male,3,6,Mobile Phone,3,Single,2,0,16,2,5,4,167.3,4,5,54,0
54592,0,28,Mobile Phone,1,6,Debit Card,Female,3,4,Laptop & Accessory,3,Single,9,0,12,1,2,1,162.8,1,2,84,0
54593,0,8,Mobile Phone,1,9,Debit Card,Male,4,5,Mobile Phone,3,Married,5,0,13,4,6,8,152.68,8,6,56,0
54594,0,6,Mobile Phone,3,17,E wallet,Female,4,5,Fashion,1,Married,4,1,20,1,2,3,215.71,3,2,18,4
54595,0,5,Mobile Phone,1,16,Debit Card,Male,3,4,Fashion,4,Married,3,0,26,1,2,9,231.48,9,2,15,0
54596,1,1,Mobile Phone,1,22,Credit Card,Male,3,4,Fashion,3,Married,9,1,13,1,8,8,261.1,8,8,9,9
54597,1,1,Mobile Phone,1,17,Credit Card,Male,3,6,Mobile Phone,1,Married,9,0,14,1,2,4,159.08,4,2,3,0
54598,0,4,Mobile Phone,3,14,E wallet,Male,3,4,Mobile Phone,4,Single,2,0,15,1,2,3,154.83,3,2,12,0
54599,0,9,Mobile Phone,1,23,Debit Card,Male,4,4,Fashion,3,Married,6,1,13,1,2,1,201.32,1,2,27,2
54600,1,1,Computer,1,27,Debit Card,Male,4,4,Fashion,3,Married,5,0,13,2,2,3,223.24,3,2,3,0
54601,1,1,Computer,2,30,UPI,Female,3,4,Fashion,5,Married,11,1,16,2,2,3,224.5,3,2,3,4
54602,0,16,Computer,1,12,UPI,Male,4,4,Mobile Phone,3,Married,6,0,18,1,3,1,145.93,1,3,64,0
54603,0,10,Computer,3,17,Credit Card,Male,3,4,Fashion,1,Single,3,0,15,9,10,3,224.8,3,10,110,0
54604,1,1,Computer,1,11,COD,Male,4,5,Mobile Phone,3,Single,7,0,17,1,2,3,163.94,3,2,3,0
54605,0,22,Mobile Phone,3,9,E wallet,Female,3,4,Laptop & Accessory,1,Married,4,0,15,7,7,8,165.51,8,7,176,0
54606,0,29,Mobile Phone,3,25,Debit Card,Female,3,4,Grocery,4,Single,5,0,15,2,8,9,293.35,9,8,261,0
54607,0,15,Computer,3,17,Debit Card,Male,3,4,Laptop & Accessory,1,Single,9,0,15,1,2,11,187.3,11,2,45,0
54608,0,9,Mobile Phone,3,7,E wallet,Male,3,4,Laptop & Accessory,3,Married,11,0,12,1,7,10,172.17,10,7,72,0
54609,0,14,Mobile Phone,1,13,Debit Card,Female,4,4,Grocery,3,Single,9,0,16,5,2,14,257.37,14,2,42,0
54610,0,13,Computer,1,15,Debit Card,Female,3,4,Mobile Phone,3,Married,3,0,12,2,2,8,162.55,8,2,39,0
54611,0,5,Mobile Phone,3,9,Debit Card,Male,4,4,Laptop & Accessory,1,Single,6,1,14,2,2,6,190.82,6,2,15,7
54612,0,16,Mobile Phone,1,31,Credit Card,Male,3,4,Fashion,5,Married,3,1,22,6,6,9,199.06,9,6,112,10
54613,0,19,Mobile Phone,3,9,UPI,Male,4,4,Laptop & Accessory,4,Married,2,0,20,4,4,8,173.05,8,4,95,0
54614,1,1,Computer,2,24,Debit Card,Female,3,4,Mobile Phone,3,Married,2,1,12,1,2,1,152.41,1,2,3,2
54615,0,3,Mobile Phone,1,26,COD,Male,3,4,Laptop & Accessory,1,Married,6,0,13,2,2,3,167.62,3,2,9,0
54616,0,7,Mobile Phone,1,7,Credit Card,Female,4,2,Grocery,3,Married,6,0,20,1,2,6,286.84,6,2,21,0
54617,0,5,Mobile Phone,3,14,Debit Card,Male,3,5,Fashion,1,Married,11,0,22,2,2,2,240.57,2,2,15,0
54618,1,1,Computer,3,12,E wallet,Male,4,4,Mobile Phone,4,Single,3,1,15,2,2,1,143.78,1,2,3,2
54619,0,14,Computer,3,35,UPI,Male,3,6,Fashion,5,Married,5,0,16,1,2,2,234.32,2,2,42,0
54620,0,15,Computer,1,9,UPI,Female,4,5,Laptop & Accessory,3,Single,4,1,18,1,2,8,193.11,8,2,45,9
54621,0,1,Mobile Phone,3,36,Credit Card,Male,3,4,Laptop & Accessory,3,Married,7,0,13,1,2,1,168.06,1,2,3,0
54622,0,9,Mobile Phone,3,7,Credit Card,Female,4,4,Laptop & Accessory,3,Single,3,0,17,2,2,4,173.59,4,2,27,0
54623,0,8,Mobile Phone,3,28,Debit Card,Male,4,2,Laptop & Accessory,1,Single,3,0,13,1,6,8,178.37,8,6,56,0
54624,1,1,Phone,1,31,COD,Male,4,6,Mobile Phone,1,Single,3,1,19,1,2,1,148.4,1,2,3,2
54625,0,11,Mobile Phone,1,7,Cash on Delivery,Female,3,4,Fashion,1,Single,6,0,18,2,2,3,199.91,3,2,33,0
54626,0,20,Computer,1,25,Credit Card,Female,3,4,Fashion,3,Married,7,0,12,1,2,3,230.27,3,2,60,0
54627,0,15,Mobile Phone,3,9,Debit Card,Female,4,4,Grocery,5,Married,9,0,17,1,12,9,290.95,9,12,195,0
54628,0,11,Computer,3,16,Credit Card,Male,4,4,Fashion,4,Married,3,0,14,2,8,3,213.34,3,8,99,0
54629,0,26,Mobile Phone,1,13,COD,Male,4,4,Laptop & Accessory,5,Married,5,1,13,3,7,10,180.77,10,7,208,11
54630,1,1,Computer,3,18,UPI,Male,3,2,Laptop & Accessory,3,Married,10,0,13,2,2,3,172.07,3,2,3,0
54631,0,1,Computer,3,31,Credit Card,Male,3,4,Mobile Phone,1,Married,2,0,14,2,3,2,149.0,2,3,4,0
54632,0,12,Mobile Phone,1,17,Credit Card,Female,4,4,Laptop & Accessory,3,Married,5,0,20,1,2,3,223.24,3,2,36,0
54633,0,11,Mobile Phone,1,7,Debit Card,Female,4,4,Laptop & Accessory,4,Married,8,0,13,5,5,4,189.47,4,5,66,0
54634,0,23,Mobile Phone,1,25,Debit Card,Male,3,5,Others,3,Married,3,1,15,2,2,10,320.02,10,2,69,11
54635,0,1,Mobile Phone,1,30,Credit Card,Male,3,2,Mobile Phone,1,Married,3,1,12,1,2,5,152.25,5,2,3,6
54636,0,1,Mobile Phone,3,35,E wallet,Male,4,4,Laptop & Accessory,4,Married,3,0,21,1,2,5,187.72,5,2,3,0
54637,0,1,Phone,1,24,UPI,Male,4,5,Mobile Phone,4,Married,3,0,22,2,2,1,146.27,1,2,3,0
54638,0,24,Computer,2,10,Credit Card,Male,4,4,Others,4,Married,3,0,15,2,11,8,307.0,8,11,288,0
54639,0,1,Phone,3,20,Credit Card,Male,3,4,Mobile Phone,3,Married,3,0,12,2,2,7,145.96,7,2,3,0
54640,1,1,Computer,1,14,Debit Card,Female,3,4,Mobile Phone,3,Married,3,1,17,1,2,3,153.86,3,2,3,4
54641,1,1,Computer,3,19,Debit Card,Male,4,5,Mobile Phone,5,Married,3,0,19,2,2,1,145.33,1,2,3,0
54642,0,8,Mobile Phone,1,7,Debit Card,Male,3,5,Mobile Phone,1,Married,3,1,14,2,2,4,161.22,4,2,24,5
54643,1,1,Mobile Phone,3,20,Credit Card,Male,3,4,Laptop & Accessory,5,Married,4,0,18,1,2,3,167.33,3,2,3,0
54644,0,9,Mobile Phone,1,32,UPI,Male,3,5,Laptop & Accessory,1,Single,6,0,15,2,2,3,161.81,3,2,27,0
54645,0,5,Mobile Phone,3,13,Credit Card,Male,4,2,Laptop & Accessory,1,Married,6,0,23,6,6,8,179.6,8,6,35,0
54646,0,1,Phone,1,13,Credit Card,Female,4,5,Mobile Phone,3,Married,2,0,13,1,2,4,146.87,4,2,3,0
54647,0,11,Mobile Phone,3,9,E wallet,Male,4,4,Laptop & Accessory,3,Married,6,1,12,1,2,3,221.02,3,2,33,4
54648,0,1,Mobile Phone,1,7,Debit Card,Female,3,5,Mobile Phone,4,Single,3,0,14,1,2,1,153.36,1,2,3,0
54649,0,16,Mobile Phone,1,9,Debit Card,Female,3,4,Laptop & Accessory,1,Married,3,0,14,1,3,3,165.89,3,3,64,0
54650,0,17,Mobile Phone,1,13,UPI,Male,3,5,Grocery,1,Married,6,1,15,1,2,1,291.27,1,2,51,2
54651,0,12,Mobile Phone,1,7,Debit Card,Female,3,4,Mobile Phone,5,Single,5,0,18,1,2,1,151.19,1,2,36,0
54652,0,17,Computer,1,16,Credit Card,Male,4,4,Laptop & Accessory,3,Married,5,1,14,2,5,8,181.79,8,5,102,9
54653,0,22,Mobile Phone,1,7,Debit Card,Female,3,5,Grocery,5,Married,9,0,12,1,2,3,279.02,3,2,66,0
54654,0,18,Mobile Phone,2,7,Debit Card,Female,3,5,Laptop & Accessory,3,Single,6,0,12,2,2,3,184.85,3,2,54,0
54655,0,8,Mobile Phone,3,21,COD,Female,3,4,Mobile Phone,3,Married,3,1,19,2,2,7,150.79,7,2,24,8
54656,1,1,Mobile Phone,3,9,E wallet,Male,3,4,Mobile Phone,5,Married,2,0,12,2,2,3,155.41,3,2,3,0
54657,0,1,Mobile Phone,3,29,COD,Male,3,4,Mobile Phone,3,Single,3,0,12,1,2,3,159.47,3,2,3,0
54658,0,18,Mobile Phone,1,10,UPI,Male,3,4,Others,1,Married,6,1,15,1,2,2,320.13,2,2,54,3
54659,0,1,Mobile Phone,1,13,Credit Card,Male,4,4,Mobile Phone,3,Married,2,0,21,2,3,3,152.73,3,3,4,0
54660,0,7,Mobile Phone,3,15,E wallet,Male,3,4,Laptop & Accessory,3,Married,2,0,13,1,2,3,196.04,3,2,21,0
54661,0,6,Mobile Phone,1,16,Debit Card,Female,4,4,Laptop & Accessory,1,Married,3,1,13,2,2,6,188.22,6,2,18,7
54662,0,4,Computer,1,10,Credit Card,Female,4,4,Mobile Phone,3,Married,3,0,21,2,2,1,145.83,1,2,12,0
54663,0,27,Mobile Phone,3,7,Credit Card,Female,3,4,Laptop & Accessory,5,Single,9,0,21,5,9,11,208.81,11,9,270,0
54664,0,8,Mobile Phone,1,7,Debit Card,Male,3,4,Mobile Phone,1,Married,3,0,13,2,9,9,151.91,9,9,80,0
54665,1,9,Computer,3,33,Debit Card,Female,4,4,Laptop & Accessory,5,Married,4,0,15,1,2,1,167.86,1,2,27,0
54666,0,1,Mobile Phone,1,13,Debit Card,Female,4,4,Mobile Phone,1,Married,3,1,14,1,2,3,81.0,3,2,3,4
54667,0,11,Mobile Phone,1,10,UPI,Male,3,4,Fashion,3,Married,3,0,16,8,8,3,219.34,3,8,99,0
54668,0,3,Mobile Phone,3,10,Credit Card,Female,4,4,Laptop & Accessory,3,Married,3,0,15,1,2,3,180.61,3,2,9,0
54669,0,9,Mobile Phone,1,13,Debit Card,Male,3,6,Laptop & Accessory,1,Single,3,0,14,1,12,9,191.46,9,12,117,0
54670,0,7,Computer,1,13,Debit Card,Male,2,4,Laptop & Accessory,1,Married,5,0,24,4,5,8,202.25,8,5,42,0
54671,0,28,Mobile Phone,2,26,Credit Card,Male,3,4,Fashion,4,Married,4,0,16,3,2,2,232.25,2,2,84,0
54672,0,10,Mobile Phone,1,16,Credit Card,Male,3,5,Laptop & Accessory,4,Married,4,1,12,1,2,3,213.47,3,2,30,4
54673,0,1,Phone,1,10,Credit Card,Male,3,5,Mobile Phone,1,Single,2,0,14,2,2,2,145.45,2,2,3,0
54674,1,1,Phone,1,17,Credit Card,Male,3,4,Mobile,3,Single,3,1,12,2,2,2,135.09,2,2,3,3
54675,1,1,Computer,1,10,Debit Card,Male,4,4,Mobile Phone,5,Single,3,1,12,6,10,8,158.48,8,10,11,9
54676,0,9,Computer,1,10,Debit Card,Male,3,5,Mobile Phone,3,Married,3,0,19,2,2,1,137.81,1,2,27,0
54677,0,1,Mobile Phone,1,11,Credit Card,Male,3,2,Mobile Phone,5,Married,4,0,17,1,2,3,153.19,3,2,3,0
54678,0,1,Mobile Phone,3,15,Debit Card,Male,3,2,Laptop & Accessory,4,Married,2,0,23,2,2,3,173.51,3,2,3,0
54679,0,12,Mobile Phone,3,14,E wallet,Female,3,5,Laptop & Accessory,1,Single,2,0,21,2,2,6,165.28,6,2,36,0
54680,0,3,Computer,1,7,Debit Card,Male,4,6,Mobile Phone,1,Married,3,0,19,1,3,9,152.2,9,3,12,0
54681,0,22,Mobile Phone,3,9,E wallet,Male,3,2,Laptop & Accessory,4,Married,5,0,13,1,3,3,206.2,3,3,88,0
54682,0,1,Computer,3,10,Credit Card,Female,4,2,Laptop & Accessory,1,Married,3,1,21,2,2,5,171.47,5,2,3,6
54683,0,11,Mobile Phone,1,17,Debit Card,Male,4,2,Mobile Phone,1,Single,5,0,18,2,2,1,171.8,1,2,33,0
54684,0,24,Mobile Phone,1,35,Credit Card,Male,4,2,Mobile Phone,3,Married,3,1,12,1,4,9,157.21,9,4,120,10
54685,0,8,Mobile Phone,1,16,Credit Card,Female,3,5,Fashion,4,Single,3,0,15,5,8,3,211.21,3,8,72,0
54686,1,1,Mobile Phone,3,10,Debit Card,Female,4,4,Laptop & Accessory,3,Single,11,0,15,2,3,1,170.77,1,3,4,0
54687,0,13,Mobile Phone,1,9,COD,Female,4,5,Laptop & Accessory,3,Single,3,0,12,2,12,11,170.53,11,12,169,0
54688,0,6,Mobile Phone,3,17,E wallet,Male,3,4,Laptop & Accessory,1,Single,3,0,13,2,2,9,178.96,9,2,18,0
54689,1,14,Computer,3,15,Cash on Delivery,Male,3,4,Laptop & Accessory,3,Married,5,1,15,1,2,4,192.96,4,2,42,5
54690,0,12,Mobile Phone,1,7,Debit Card,Female,3,2,Laptop & Accessory,1,Single,2,0,14,1,2,9,201.25,9,2,36,0
54691,0,1,Mobile Phone,1,7,Debit Card,Female,4,4,Fashion,5,Married,3,0,12,1,2,8,199.12,8,2,3,0
54692,0,6,Mobile Phone,1,10,Debit Card,Female,3,4,Fashion,1,Single,5,0,16,7,2,8,236.59,8,2,18,0
54693,0,21,Mobile Phone,3,21,E wallet,Male,3,4,Laptop & Accessory,5,Single,4,0,13,2,2,8,174.6,8,2,63,0
54694,0,14,Computer,3,12,Debit Card,Male,3,5,Fashion,5,Married,7,1,22,1,2,3,229.75,3,2,42,4
54695,0,27,Mobile Phone,1,14,Debit Card,Male,3,2,Grocery,3,Married,5,0,20,1,2,4,273.14,4,2,81,0
54696,0,15,Mobile Phone,2,17,UPI,Male,4,5,Others,1,Married,5,0,15,4,13,7,316.41,7,13,210,0
54697,0,31,Mobile Phone,3,23,E wallet,Male,3,4,Laptop & Accessory,5,Single,10,0,15,3,3,3,179.05,3,3,124,0
54698,0,1,Computer,1,17,Debit Card,Male,3,4,Fashion,5,Married,3,0,22,1,2,3,212.93,3,2,3,0
54699,0,15,Mobile Phone,2,7,UPI,Male,3,5,Others,3,Married,3,0,15,2,3,11,316.89,11,3,60,0
54700,0,24,Mobile Phone,3,15,E wallet,Male,3,4,Mobile Phone,4,Married,9,0,16,1,3,3,163.75,3,3,96,0
54701,1,1,Phone,1,7,Debit Card,Female,4,6,Mobile Phone,4,Single,9,1,14,2,4,8,147.16,8,4,5,9
54702,0,10,Computer,1,15,Debit Card,Female,4,2,Fashion,5,Married,11,0,15,1,2,6,242.13,6,2,30,0
54703,0,12,Mobile Phone,1,7,Debit Card,Female,3,4,Fashion,3,Single,6,1,15,1,2,1,203.61,1,2,36,2
54704,0,18,Computer,1,31,Credit Card,Male,3,6,Mobile Phone,3,Single,4,0,15,1,2,5,162.08,5,2,54,0
54705,0,21,Computer,3,10,Credit Card,Female,3,4,Grocery,3,Married,11,1,13,1,12,14,262.7,14,12,273,15
54706,0,4,Mobile Phone,3,34,E wallet,Male,4,4,Laptop & Accessory,1,Married,9,0,24,3,8,8,178.04,8,8,36,0
54707,0,3,Mobile Phone,3,17,Debit Card,Male,4,4,Mobile Phone,3,Single,3,0,12,2,2,1,151.42,1,2,9,0
54708,1,6,Computer,1,26,Credit Card,Male,3,2,Mobile Phone,3,Married,8,1,13,1,3,3,152.59,3,3,24,4
54709,0,17,Computer,3,22,Debit Card,Male,3,5,Laptop & Accessory,1,Married,5,0,19,2,3,3,193.04,3,3,68,0
54710,0,8,Mobile Phone,1,15,Credit Card,Female,4,4,Laptop & Accessory,3,Single,5,0,12,1,5,4,186.42,4,5,48,0
54711,0,1,Mobile Phone,1,16,Credit Card,Male,3,4,Mobile Phone,5,Married,3,0,15,2,2,3,150.0,3,2,3,0
54712,0,13,Mobile Phone,2,10,UPI,Female,3,2,Laptop & Accessory,4,Married,11,0,16,1,4,7,188.89,7,4,65,0
54713,0,30,Mobile Phone,1,16,Credit Card,Male,3,4,Grocery,1,Married,9,0,12,1,2,2,236.03,2,2,90,0
54714,0,14,Phone,1,9,Credit Card,Female,3,5,Mobile Phone,1,Single,2,1,21,1,3,4,148.42,4,3,56,5
54715,0,1,Mobile Phone,1,14,Credit Card,Female,3,5,Laptop & Accessory,5,Single,10,0,20,2,2,8,193.11,8,2,3,0
54716,0,3,Phone,3,17,E wallet,Male,3,4,Mobile Phone,4,Married,3,0,15,3,3,3,147.97,3,3,12,0
54717,0,27,Phone,1,13,Debit Card,Male,3,4,Laptop & Accessory,1,Single,4,0,18,3,3,3,149.5,3,3,108,0
54718,0,9,Computer,1,9,Debit Card,Female,4,4,Laptop & Accessory,5,Married,4,0,12,2,2,1,175.93,1,2,27,0
54719,0,6,Computer,1,31,Debit Card,Male,4,4,Laptop & Accessory,1,Married,3,0,16,2,5,8,178.09,8,5,36,0
54720,0,12,Mobile Phone,1,9,Credit Card,Male,4,4,Mobile Phone,3,Married,8,1,14,1,2,2,155.57,2,2,36,3
54721,0,8,Mobile Phone,1,15,Debit Card,Female,3,4,Laptop & Accessory,5,Married,5,0,15,2,2,1,176.21,1,2,24,0
54722,0,26,Mobile Phone,3,10,E wallet,Male,3,5,Grocery,5,Married,3,0,15,2,2,17,293.56,17,2,78,0
54723,1,1,Mobile Phone,1,7,UPI,Male,4,4,Mobile Phone,1,Single,3,1,14,7,8,9,151.86,9,8,9,10
54724,0,1,Mobile Phone,3,33,Credit Card,Female,3,4,Laptop & Accessory,1,Single,3,0,24,1,2,5,186.8,5,2,3,0
54725,0,19,Mobile Phone,3,9,COD,Male,3,6,Laptop & Accessory,3,Single,2,0,14,2,4,2,191.32,2,4,95,0
54726,0,1,Mobile Phone,1,17,Credit Card,Male,4,2,Mobile Phone,3,Single,3,0,19,1,2,3,160.05,3,2,3,0
54727,1,11,Computer,3,34,Debit Card,Female,4,2,Laptop & Accessory,3,Single,6,1,13,1,2,4,188.97,4,2,33,5
54728,0,8,Mobile Phone,3,9,UPI,Male,3,4,Laptop & Accessory,1,Single,3,0,23,1,2,5,187.74,5,2,24,0
54729,1,19,Mobile Phone,1,9,Credit Card,Male,4,4,Others,5,Married,7,1,14,2,2,5,323.59,5,2,57,6
54730,0,10,Computer,3,15,Debit Card,Male,4,5,Fashion,5,Single,3,0,16,1,2,10,200.87,10,2,30,0
54731,0,26,Computer,1,26,Credit Card,Male,3,4,Mobile Phone,1,Married,2,0,19,2,2,3,167.58,3,2,78,0
54732,0,1,Computer,1,7,Debit Card,Female,4,6,Mobile Phone,1,Married,5,0,15,3,3,1,168.64,1,3,4,0
54733,0,3,Mobile Phone,1,34,Credit Card,Female,4,4,Laptop & Accessory,3,Married,6,0,13,1,2,2,168.35,2,2,9,0
54734,1,1,Mobile Phone,3,15,COD,Male,3,5,Laptop & Accessory,5,Single,8,0,18,1,2,3,178.26,3,2,3,0
54735,0,8,Mobile Phone,1,7,Debit Card,Female,4,2,Mobile Phone,1,Single,4,0,17,2,2,4,157.8,4,2,24,0
54736,0,28,Mobile Phone,1,26,Credit Card,Female,4,4,Laptop & Accessory,5,Married,11,1,12,1,2,5,179.85,5,2,84,6
54737,0,1,Computer,3,15,E wallet,Male,3,4,Laptop & Accessory,1,Married,2,0,20,2,2,2,168.42,2,2,3,0
54738,0,11,Mobile Phone,1,17,Debit Card,Female,3,4,Mobile Phone,5,Married,2,1,14,5,5,4,152.82,4,5,66,5
54739,0,12,Computer,1,9,Debit Card,Female,4,2,Laptop & Accessory,5,Single,8,1,13,1,5,13,184.8,13,5,72,14
54740,0,8,Mobile Phone,1,9,Credit Card,Female,3,5,Mobile Phone,5,Single,3,0,12,2,2,4,168.81,4,2,24,0
54741,0,9,Mobile Phone,3,15,Debit Card,Female,4,4,Mobile Phone,1,Married,3,0,17,2,2,3,150.72,3,2,27,0
54742,0,4,Mobile Phone,1,7,Debit Card,Male,3,6,Mobile Phone,3,Married,5,0,22,2,2,3,163.33,3,2,12,0
54743,0,14,Computer,1,9,Credit Card,Female,3,2,Laptop & Accessory,4,Married,3,0,25,1,4,8,167.44,8,4,70,0
54744,0,8,Mobile Phone,3,15,Debit Card,Female,4,4,Laptop & Accessory,5,Married,7,0,18,2,2,3,190.0,3,2,24,0
54745,0,16,Computer,1,15,Debit Card,Male,4,4,Others,1,Married,3,0,15,6,15,10,309.3,10,15,256,0
54746,1,1,Phone,1,13,Debit Card,Male,4,2,Mobile Phone,5,Married,3,1,22,1,2,1,141.01,1,2,3,2
54747,0,1,Computer,1,16,Debit Card,Male,3,5,Mobile Phone,4,Married,3,0,12,1,2,1,151.94,1,2,3,0
54748,0,26,Mobile Phone,1,18,Debit Card,Female,3,4,Laptop & Accessory,3,Married,10,0,21,2,2,5,156.49,5,2,78,0
54749,0,24,Mobile Phone,1,9,Credit Card,Male,4,4,Grocery,3,Married,7,0,15,1,2,4,301.39,4,2,72,0
54750,1,1,Phone,1,7,Debit Card,Female,3,5,Mobile Phone,5,Married,3,1,12,1,2,1,148.19,1,2,3,2
54751,0,7,Mobile Phone,1,14,Credit Card,Male,3,4,Fashion,3,Married,2,0,12,2,2,8,241.91,8,2,21,0
54752,1,1,Mobile Phone,3,23,E wallet,Female,4,4,Laptop & Accessory,5,Single,7,0,16,2,2,3,178.24,3,2,3,0
54753,0,21,Mobile Phone,1,9,UPI,Female,3,4,Grocery,1,Married,3,1,15,4,4,1,292.52,1,4,105,2
54754,0,10,Mobile Phone,1,7,UPI,Female,3,4,Laptop & Accessory,4,Married,2,0,16,2,2,6,177.28,6,2,30,0
54755,0,3,Mobile Phone,1,30,Debit Card,Male,3,2,Mobile Phone,3,Married,3,0,25,2,2,8,152.0,8,2,9,0
54756,1,21,Mobile Phone,1,9,Debit Card,Male,3,4,Others,4,Single,9,1,15,8,14,9,317.46,9,14,315,10
54757,0,9,Mobile Phone,1,7,Debit Card,Female,3,2,Mobile Phone,3,Single,5,0,14,3,3,3,150.06,3,3,36,0
54758,0,16,Mobile Phone,1,7,Debit Card,Female,3,5,Laptop & Accessory,1,Married,11,1,14,1,2,3,185.62,3,2,48,4
54759,1,1,Mobile Phone,1,9,Credit Card,Male,3,4,Mobile Phone,3,Single,8,0,18,3,3,2,168.82,2,3,4,0
54760,0,10,Phone,2,20,UPI,Male,3,4,Mobile Phone,4,Married,6,0,14,2,2,5,146.43,5,2,30,0
54761,0,6,Mobile Phone,1,11,Debit Card,Female,4,5,Laptop & Accessory,3,Married,3,0,13,6,7,9,186.62,9,7,48,0
54762,0,14,Computer,1,23,Credit Card,Male,3,5,Laptop & Accessory,3,Single,8,0,15,1,2,1,175.94,1,2,42,0
54763,0,4,Mobile Phone,1,9,Credit Card,Female,3,5,Laptop & Accessory,1,Single,7,1,25,2,2,1,193.77,1,2,12,2
54764,0,19,Phone,1,9,Debit Card,Female,4,5,Mobile Phone,3,Single,3,0,15,2,2,1,147.74,1,2,57,0
54765,0,16,Mobile Phone,1,36,Debit Card,Male,4,4,Laptop & Accessory,4,Married,3,0,14,6,8,9,169.34,9,8,144,0
54766,0,12,Computer,1,19,Debit Card,Male,1,5,Laptop & Accessory,5,Married,4,0,16,2,2,3,187.88,3,2,36,0
54767,0,8,Computer,1,23,Debit Card,Female,4,5,Mobile Phone,1,Single,3,0,17,2,2,4,150.53,4,2,24,0
54768,1,13,Mobile Phone,3,18,E wallet,Female,3,4,Fashion,1,Married,3,0,19,1,8,8,201.54,8,8,117,0
54769,1,19,Mobile Phone,3,9,Credit Card,Male,3,4,Laptop & Accessory,1,Single,6,0,17,2,8,4,176.6,4,8,171,0
54770,0,17,Mobile Phone,1,21,Debit Card,Male,4,4,Grocery,5,Married,8,0,15,2,2,1,296.59,1,2,51,0
54771,0,1,Mobile Phone,1,12,Cash on Delivery,Male,3,5,Fashion,1,Married,3,1,17,2,2,9,253.08,9,2,3,10
54772,0,9,Mobile Phone,1,14,UPI,Male,3,4,Fashion,3,Single,5,0,22,1,2,3,227.21,3,2,27,0
54773,0,2,Mobile Phone,3,9,E wallet,Female,3,4,Laptop & Accessory,4,Married,3,1,21,7,8,6,172.79,6,8,18,7
54774,0,8,Mobile Phone,2,10,UPI,Male,3,4,Mobile Phone,1,Married,2,0,20,2,2,3,162.37,3,2,24,0
54775,1,1,Computer,1,12,Credit Card,Female,3,5,Mobile Phone,3,Married,3,1,15,1,2,8,148.66,8,2,3,9
54776,0,1,Computer,1,10,Credit Card,Male,3,4,Mobile Phone,1,Married,3,0,12,1,2,1,142.06,1,2,3,0
54777,0,25,Mobile Phone,3,33,E wallet,Female,4,4,Grocery,3,Married,4,0,15,1,5,18,288.07,18,5,150,0
54778,0,18,Mobile Phone,1,11,Credit Card,Male,3,4,Laptop & Accessory,4,Single,11,0,13,2,3,4,184.33,4,3,72,0
54779,0,1,Mobile Phone,1,9,Credit Card,Male,4,2,Mobile Phone,5,Single,9,0,14,1,2,2,159.24,2,2,3,0
54780,0,7,Mobile Phone,3,7,Credit Card,Male,3,2,Laptop & Accessory,5,Married,3,0,23,1,2,9,165.37,9,2,21,0
54781,0,9,Mobile Phone,1,34,Credit Card,Female,3,5,Mobile Phone,5,Single,3,0,12,1,2,2,150.59,2,2,27,0
54782,0,10,Mobile Phone,3,7,Debit Card,Male,3,4,Laptop & Accessory,1,Married,3,1,15,4,5,12,187.01,12,5,60,13
54783,0,6,Mobile Phone,3,20,Debit Card,Male,4,4,Laptop & Accessory,1,Married,4,0,12,1,2,4,169.03,4,2,18,0
54784,0,4,Computer,1,12,Debit Card,Male,4,5,Mobile Phone,1,Married,11,0,13,1,2,4,162.61,4,2,12,0
54785,0,27,Mobile Phone,3,14,E wallet,Female,4,5,Fashion,1,Married,9,1,19,1,2,5,234.34,5,2,81,6
54786,0,19,Mobile Phone,3,16,E wallet,Male,4,4,Fashion,5,Married,6,1,13,1,2,3,232.61,3,2,57,4
54787,0,6,Mobile Phone,1,15,Credit Card,Female,4,2,Laptop & Accessory,3,Married,7,0,13,2,2,4,176.75,4,2,18,0
54788,0,26,Computer,1,32,Credit Card,Female,3,5,Grocery,1,Married,5,0,23,1,2,1,263.26,1,2,78,0
54789,0,11,Mobile Phone,3,23,E wallet,Male,4,5,Laptop & Accessory,3,Married,6,0,20,2,2,1,188.34,1,2,33,0
54790,0,2,Mobile Phone,2,15,Credit Card,Male,4,5,Mobile Phone,1,Married,3,0,14,2,2,5,174.36,5,2,6,0
54791,0,1,Mobile Phone,1,7,Debit Card,Male,3,5,Laptop & Accessory,1,Married,8,0,23,3,3,3,172.75,3,3,4,0
54792,0,18,Mobile Phone,1,15,Debit Card,Male,4,2,Mobile Phone,1,Married,4,1,25,2,2,3,153.18,3,2,54,4
54793,0,16,Computer,1,9,Credit Card,Male,3,4,Mobile Phone,1,Single,7,1,15,2,3,3,150.15,3,3,64,4
54794,0,10,Phone,2,15,Debit Card,Male,4,5,Mobile Phone,5,Married,2,0,22,1,2,4,148.42,4,2,30,0
54795,0,1,Mobile Phone,3,10,UPI,Male,4,4,Laptop & Accessory,5,Married,3,1,19,1,2,4,166.94,4,2,3,5
54796,0,9,Mobile Phone,1,16,Debit Card,Female,4,5,Fashion,3,Married,3,1,21,4,2,16,231.85,16,2,27,17
54797,1,1,Computer,1,32,Debit Card,Female,4,4,Mobile Phone,4,Married,3,1,20,7,8,9,145.22,9,8,9,10
54798,0,6,Computer,1,7,Debit Card,Male,4,4,Mobile Phone,1,Married,2,0,13,2,2,3,148.14,3,2,18,0
54799,0,1,Mobile Phone,3,11,E wallet,Male,3,5,Laptop & Accessory,5,Married,3,0,13,2,2,4,167.56,4,2,3,0
54800,0,23,Mobile Phone,1,7,COD,Female,3,4,Mobile Phone,5,Married,4,0,17,1,2,3,160.8,3,2,69,0
54801,0,1,Computer,1,11,Debit Card,Male,3,5,Mobile Phone,1,Married,2,0,18,1,4,5,156.62,5,4,5,0
54802,0,6,Computer,3,12,Debit Card,Male,3,4,Laptop & Accessory,4,Married,3,0,15,3,6,4,190.24,4,6,42,0
54803,0,12,Mobile Phone,3,16,E wallet,Male,4,5,Mobile Phone,4,Married,2,0,20,1,2,3,153.99,3,2,36,0
54804,0,16,Mobile Phone,1,10,Debit Card,Female,4,2,Laptop & Accessory,1,Married,4,1,14,2,2,4,177.31,4,2,48,5
54805,0,5,Phone,1,18,Debit Card,Male,3,4,Mobile Phone,1,Married,5,1,20,1,2,3,148.56,3,2,15,4
54806,1,1,Mobile Phone,3,7,Credit Card,Female,3,5,Mobile Phone,3,Married,8,1,20,2,2,3,153.0,3,2,3,4
54807,0,27,Mobile Phone,3,15,E wallet,Male,4,4,Grocery,1,Married,7,0,15,3,2,3,243.36,3,2,81,0
54808,0,9,Mobile Phone,1,32,Cash on Delivery,Male,4,5,Fashion,4,Married,5,0,17,3,2,9,234.03,9,2,27,0
54809,0,11,Computer,3,28,Credit Card,Female,3,4,Mobile Phone,1,Married,7,0,16,2,2,1,154.73,1,2,33,0
54810,0,27,Mobile Phone,1,30,Debit Card,Female,4,4,Grocery,1,Single,8,0,19,1,4,9,267.75,9,4,135,0
54811,0,17,Computer,1,7,Debit Card,Female,3,4,Laptop & Accessory,1,Married,6,0,14,2,3,3,180.62,3,3,68,0
54812,0,21,Mobile Phone,3,9,E wallet,Female,3,4,Laptop & Accessory,1,Married,2,1,23,4,8,8,170.37,8,8,189,9
54813,0,11,Computer,3,26,Credit Card,Male,3,4,Fashion,4,Single,3,1,14,1,2,10,201.42,10,2,33,11
54814,0,24,Computer,1,9,Debit Card,Male,4,4,Grocery,5,Married,3,0,15,14,15,8,304.24,8,15,384,0
54815,0,13,Mobile Phone,2,9,Debit Card,Female,3,5,Laptop & Accessory,1,Married,10,0,12,2,2,5,177.04,5,2,39,0
54816,0,7,Phone,2,10,UPI,Male,3,4,Mobile Phone,4,Married,5,1,12,1,2,4,147.77,4,2,21,5
54817,1,1,Mobile Phone,1,32,Debit Card,Male,3,4,Mobile Phone,1,Single,3,1,25,1,2,2,152.95,2,2,3,3
54818,0,3,Mobile Phone,1,14,Credit Card,Female,4,5,Mobile Phone,1,Married,8,0,15,2,2,4,150.32,4,2,9,0
54819,0,18,Mobile Phone,1,16,Debit Card,Male,4,4,Mobile Phone,5,Married,3,1,14,6,8,2,150.59,2,8,162,3
54820,0,2,Mobile Phone,3,12,Credit Card,Male,4,4,Laptop & Accessory,1,Single,3,0,15,1,2,3,174.08,3,2,6,0
54821,1,21,Computer,1,9,Debit Card,Male,3,5,Mobile Phone,1,Married,11,1,15,2,2,1,148.8,1,2,63,2
54822,0,17,Mobile Phone,1,15,Debit Card,Female,3,4,Laptop & Accessory,4,Married,6,0,22,2,2,1,172.65,1,2,51,0
54823,1,1,Phone,3,9,Credit Card,Female,3,5,Mobile Phone,3,Single,3,0,14,2,2,3,145.44,3,2,3,0
54824,1,1,Mobile Phone,1,25,UPI,Female,4,4,Mobile Phone,1,Single,3,0,20,2,2,1,151.93,1,2,3,0
54825,0,10,Mobile Phone,1,21,Debit Card,Male,4,4,Laptop & Accessory,1,Married,2,1,18,3,5,12,190.86,12,5,60,13
54826,0,21,Mobile Phone,3,9,Debit Card,Female,4,5,Mobile Phone,1,Single,3,1,19,1,2,3,157.94,3,2,63,4
54827,1,1,Mobile Phone,1,10,Debit Card,Female,3,4,Laptop & Accessory,3,Married,2,1,20,2,2,3,166.71,3,2,3,4
54828,1,5,Mobile Phone,1,9,Debit Card,Female,3,6,Mobile Phone,1,Married,6,1,14,1,2,1,152.78,1,2,15,2
54829,0,2,Phone,1,16,Credit Card,Female,4,4,Mobile Phone,3,Married,7,0,19,1,3,3,148.77,3,3,8,0
54830,1,3,Phone,1,13,Credit Card,Male,4,4,Mobile Phone,5,Married,9,1,22,2,3,3,149.04,3,3,12,4
54831,0,1,Phone,1,11,Debit Card,Female,4,4,Mobile Phone,3,Single,3,0,20,1,2,1,148.18,1,2,3,0
54832,0,8,Phone,1,17,Debit Card,Male,3,4,Mobile Phone,4,Married,3,0,15,2,2,1,145.08,1,2,24,0
54833,0,16,Mobile Phone,3,21,Credit Card,Female,4,5,Laptop & Accessory,3,Single,9,0,18,2,2,4,187.44,4,2,48,0
54834,0,7,Mobile Phone,1,7,UPI,Male,4,5,Mobile Phone,5,Single,5,1,12,2,2,3,152.99,3,2,21,4
54835,0,31,Mobile Phone,1,12,Cash on Delivery,Female,3,5,Fashion,4,Married,4,1,14,2,2,3,230.52,3,2,93,4
54836,0,5,Phone,3,14,Debit Card,Male,3,5,Mobile Phone,3,Married,5,0,16,3,6,3,148.29,3,6,35,0
54837,0,9,Mobile Phone,1,28,Debit Card,Female,3,4,Laptop & Accessory,1,Married,3,1,26,1,2,8,165.14,8,2,27,9
54838,0,23,Mobile Phone,1,15,UPI,Female,3,4,Fashion,4,Married,6,0,12,1,2,8,199.03,8,2,69,0
54839,0,22,Phone,1,27,Credit Card,Male,3,4,Mobile Phone,3,Married,6,0,18,2,2,1,147.59,1,2,66,0
54840,0,5,Computer,3,27,E wallet,Female,3,4,Laptop & Accessory,3,Married,3,0,14,2,2,1,194.32,1,2,15,0
54841,0,10,Mobile Phone,1,14,UPI,Male,4,4,Mobile Phone,1,Single,4,0,19,2,2,2,171.78,2,2,30,0
54842,0,12,Mobile Phone,1,7,Cash on Delivery,Female,4,4,Fashion,5,Married,3,0,14,5,6,12,260.82,12,6,84,0
54843,0,6,Computer,1,7,Debit Card,Female,4,5,Mobile Phone,4,Married,8,0,21,1,2,3,148.32,3,2,18,0
54844,1,1,Phone,3,26,E wallet,Male,3,5,Mobile Phone,4,Married,3,1,19,1,2,1,149.13,1,2,3,2
54845,0,14,Mobile Phone,3,17,E wallet,Male,4,5,Fashion,4,Married,4,0,13,1,2,3,222.05,3,2,42,0
54846,0,1,Computer,3,7,Credit Card,Male,3,5,Laptop & Accessory,5,Single,3,0,13,1,2,8,167.94,8,2,3,0
54847,0,15,Mobile Phone,1,13,Credit Card,Male,3,4,Mobile Phone,5,Single,4,1,14,2,3,18,172.21,18,3,60,19
54848,0,10,Mobile Phone,1,9,Credit Card,Male,4,4,Mobile Phone,3,Single,6,0,22,2,4,10,150.19,10,4,50,0
54849,1,1,Phone,3,28,UPI,Male,3,5,Mobile Phone,4,Single,3,1,14,2,2,1,146.21,1,2,3,2
54850,1,1,Mobile Phone,1,11,COD,Male,3,4,Mobile Phone,5,Single,3,0,20,2,2,1,154.73,1,2,3,0
54851,0,5,Mobile Phone,1,19,Credit Card,Female,3,4,Laptop & Accessory,1,Married,2,1,12,7,9,6,183.55,6,9,50,7
54852,0,14,Computer,1,16,Credit Card,Male,3,4,Mobile Phone,4,Married,10,1,15,1,2,1,161.17,1,2,42,2
54853,0,6,Mobile Phone,1,10,Credit Card,Female,4,4,Laptop & Accessory,5,Married,3,0,13,2,7,4,192.25,4,7,48,0
54854,1,1,Mobile Phone,3,10,Debit Card,Male,3,5,Fashion,1,Married,3,1,12,4,4,3,228.25,3,4,5,4
54855,0,7,Mobile Phone,1,7,Debit Card,Female,3,5,Laptop & Accessory,1,Single,2,0,15,2,2,5,194.49,5,2,21,0
54856,1,1,Mobile Phone,3,7,Debit Card,Male,3,5,Fashion,3,Married,7,0,12,6,12,3,231.09,3,12,13,0
54857,0,19,Computer,1,11,Debit Card,Male,3,4,Laptop & Accessory,4,Married,3,0,13,2,2,9,169.47,9,2,57,0
54858,0,3,Computer,3,27,COD,Female,3,4,Mobile Phone,1,Married,3,0,16,1,2,3,146.57,3,2,9,0
54859,0,9,Mobile Phone,3,25,Credit Card,Female,3,4,Laptop & Accessory,3,Married,3,0,17,2,2,1,171.01,1,2,27,0
54860,0,26,Mobile Phone,1,7,Debit Card,Male,4,4,Grocery,1,Married,4,0,15,4,8,9,295.99,9,8,234,0
54861,1,21,Mobile Phone,1,9,COD,Male,3,4,Mobile Phone,3,Single,6,0,25,1,2,1,149.79,1,2,63,0
54862,0,27,Mobile Phone,3,9,Credit Card,Male,3,4,Grocery,3,Married,8,0,14,1,16,3,273.52,3,16,459,0
54863,0,4,Mobile Phone,3,15,UPI,Male,4,4,Fashion,3,Married,7,0,12,3,8,8,197.64,8,8,36,0
54864,0,12,Computer,3,17,COD,Female,3,4,Laptop & Accessory,1,Single,3,1,14,2,2,4,181.66,4,2,36,5
54865,0,9,Mobile Phone,3,10,Debit Card,Male,4,4,Fashion,1,Married,8,0,14,1,2,9,203.23,9,2,27,0
54866,0,13,Mobile Phone,3,9,Debit Card,Male,3,2,Fashion,3,Single,2,0,19,1,2,8,203.8,8,2,39,0
54867,1,4,Computer,3,31,Debit Card,Female,4,2,Grocery,4,Single,6,1,17,2,2,1,256.94,1,2,12,2
54868,0,21,Computer,1,23,Credit Card,Male,4,2,Laptop & Accessory,3,Married,3,1,20,2,3,8,175.67,8,3,84,9
54869,0,10,Computer,3,15,COD,Male,3,4,Laptop & Accessory,1,Married,6,0,14,2,2,8,175.79,8,2,30,0
54870,1,1,Computer,1,16,Credit Card,Male,3,5,Mobile Phone,5,Single,2,1,23,1,2,3,148.21,3,2,3,4
54871,0,7,Computer,3,24,Debit Card,Male,3,4,Grocery,3,Single,3,0,15,6,7,1,299.44,1,7,56,0
54872,1,1,Phone,1,17,Debit Card,Female,4,5,Mobile Phone,5,Single,8,1,21,2,2,1,149.04,1,2,3,2
54873,0,7,Mobile Phone,1,20,Debit Card,Female,3,4,Mobile Phone,1,Single,5,0,19,2,2,3,159.52,3,2,21,0
54874,0,19,Phone,1,7,Credit Card,Female,4,4,Mobile Phone,1,Married,5,0,15,2,2,3,147.7,3,2,57,0
54875,0,24,Mobile Phone,1,7,Credit Card,Male,4,4,Grocery,1,Married,11,0,15,1,2,4,298.99,4,2,72,0
54876,0,7,Computer,1,7,UPI,Female,3,2,Laptop & Accessory,4,Married,3,1,14,2,2,3,179.88,3,2,21,4
54877,0,15,Computer,1,16,Credit Card,Male,4,4,Others,3,Married,4,0,15,1,2,12,319.19,12,2,45,0
54878,0,1,Mobile Phone,1,23,COD,Female,3,4,Mobile Phone,4,Married,11,0,15,3,3,3,153.11,3,3,4,0
54879,0,19,Computer,1,30,Debit Card,Male,3,4,Laptop & Accessory,5,Married,3,1,16,2,2,9,161.33,9,2,57,10
54880,0,21,Mobile Phone,3,11,Debit Card,Female,3,4,Laptop & Accessory,1,Single,3,1,18,2,2,8,166.63,8,2,63,9
54881,1,1,Phone,1,29,Debit Card,Female,3,4,Mobile Phone,3,Married,6,1,12,1,2,2,146.32,2,2,3,3
54882,0,24,Mobile Phone,1,31,Debit Card,Male,4,4,Grocery,3,Married,5,1,19,1,2,6,264.73,6,2,72,7
54883,0,12,Computer,1,17,Credit Card,Male,4,4,Mobile Phone,3,Married,2,0,18,1,2,3,151.84,3,2,36,0
54884,0,20,Mobile Phone,1,14,Credit Card,Male,4,4,Fashion,3,Married,8,0,14,2,2,8,233.45,8,2,60,0
54885,0,1,Mobile Phone,1,24,Credit Card,Female,3,5,Laptop & Accessory,3,Married,3,0,16,1,4,3,168.77,3,4,5,0
54886,1,1,Mobile Phone,1,21,UPI,Male,3,5,Mobile Phone,4,Married,3,1,25,2,2,3,162.43,3,2,3,4
54887,0,5,Computer,1,7,Debit Card,Female,4,4,Laptop & Accessory,5,Married,3,0,13,2,2,4,166.48,4,2,15,0
54888,0,1,Computer,1,12,Debit Card,Male,4,4,Mobile Phone,1,Single,3,0,16,1,2,1,135.51,1,2,3,0
54889,0,28,Mobile Phone,1,24,Cash on Delivery,Female,3,4,Fashion,3,Married,10,0,12,1,2,9,232.39,9,2,84,0
54890,0,9,Mobile Phone,1,32,Credit Card,Female,3,4,Fashion,3,Married,3,1,12,1,11,3,228.88,3,11,108,4
54891,0,4,Mobile Phone,1,15,Debit Card,Female,4,2,Fashion,5,Married,2,1,13,1,2,8,239.16,8,2,12,9
54892,1,1,Mobile Phone,1,18,Credit Card,Female,4,5,Mobile Phone,5,Single,3,1,16,2,2,1,151.0,1,2,3,2
54893,1,1,Computer,1,12,Credit Card,Female,3,4,Mobile Phone,4,Single,2,0,18,1,2,3,149.22,3,2,3,0
54894,0,1,Mobile Phone,1,9,Credit Card,Male,3,2,Laptop & Accessory,1,Married,3,0,13,2,2,4,179.72,4,2,3,0
54895,0,1,Mobile Phone,1,15,Debit Card,Male,4,6,Mobile Phone,5,Married,3,0,16,1,2,2,149.51,2,2,3,0
54896,0,22,Mobile Phone,1,13,Debit Card,Male,4,5,Laptop & Accessory,3,Single,4,0,14,1,3,3,167.4,3,3,88,0
54897,0,22,Mobile Phone,1,11,Debit Card,Male,4,5,Fashion,3,Single,9,0,15,2,2,9,234.99,9,2,66,0
54898,0,15,Mobile Phone,1,14,Credit Card,Female,3,4,Laptop & Accessory,3,Single,8,0,15,3,3,2,175.03,2,3,60,0
54899,0,13,Mobile Phone,1,7,Debit Card,Female,4,5,Grocery,1,Married,3,0,17,10,2,9,252.42,9,2,39,0
54900,0,1,Mobile Phone,1,9,Debit Card,Female,3,4,Laptop & Accessory,1,Married,2,0,19,3,3,3,167.27,3,3,4,0
54901,0,9,Mobile Phone,1,17,UPI,Male,3,4,Mobile Phone,1,Married,3,0,21,1,2,3,164.17,3,2,27,0
54902,0,1,Mobile Phone,3,12,E wallet,Male,3,4,Others,3,Married,8,0,15,1,2,1,308.03,1,2,3,0
54903,0,24,Phone,1,16,Debit Card,Male,4,4,Mobile Phone,1,Married,6,0,19,2,2,1,148.8,1,2,72,0
54904,0,31,Mobile Phone,1,9,Debit Card,Female,4,5,Grocery,1,Single,5,1,14,1,5,4,262.26,4,5,186,5
54905,1,1,Mobile Phone,1,18,Credit Card,Female,4,6,Laptop & Accessory,4,Married,7,0,16,2,2,1,172.77,1,2,3,0
54906,0,29,Computer,1,25,Credit Card,Male,4,4,Laptop & Accessory,4,Married,5,1,15,3,7,8,188.85,8,7,232,9
54907,0,15,Computer,1,14,Debit Card,Female,3,6,Others,3,Married,3,0,23,6,6,11,324.73,11,6,105,0
54908,0,12,Mobile Phone,3,10,Debit Card,Male,3,4,Laptop & Accessory,1,Single,10,1,13,2,2,1,193.61,1,2,36,2
54909,1,1,Computer,3,36,Credit Card,Male,4,6,Laptop & Accessory,5,Single,10,0,19,2,3,3,174.69,3,3,4,0
54910,1,16,Mobile Phone,3,9,E wallet,Female,3,6,Others,1,Married,3,0,16,4,7,10,323.45,10,7,128,0
54911,0,18,Mobile Phone,3,35,Credit Card,Female,3,2,Grocery,1,Married,5,1,19,5,2,12,258.2,12,2,54,13
54912,0,24,Computer,3,7,Debit Card,Female,4,4,Laptop & Accessory,3,Married,2,0,13,1,2,14,188.47,14,2,72,0
54913,1,1,Mobile Phone,1,23,Debit Card,Female,3,2,Mobile Phone,5,Single,3,0,17,4,16,15,152.43,15,16,17,0
54914,0,13,Computer,1,29,Credit Card,Female,3,4,Fashion,5,Single,3,1,14,2,2,9,233.8,9,2,39,10
54915,0,7,Computer,3,15,Debit Card,Female,3,5,Mobile Phone,1,Single,2,0,20,1,3,3,148.42,3,3,28,0
54916,0,19,Mobile Phone,3,18,Debit Card,Female,3,4,Grocery,1,Married,5,0,15,1,2,2,301.5,2,2,57,0
54917,0,6,Computer,1,36,Credit Card,Female,4,4,Mobile Phone,3,Single,11,0,13,7,8,8,165.25,8,8,54,0
54918,0,8,Mobile Phone,3,7,E wallet,Male,4,2,Laptop & Accessory,1,Married,2,0,12,1,2,3,222.25,3,2,24,0
54919,0,31,Mobile Phone,3,7,Cash on Delivery,Male,4,4,Fashion,1,Married,5,1,15,2,2,5,244.04,5,2,93,6
54920,0,19,Phone,2,31,Credit Card,Male,3,4,Mobile Phone,4,Single,3,0,17,1,2,5,146.77,5,2,57,0
54921,0,27,Computer,3,9,E wallet,Female,3,5,Fashion,4,Married,4,0,13,6,7,13,200.25,13,7,216,0
54922,1,1,Mobile Phone,1,22,UPI,Male,3,4,Laptop & Accessory,3,Married,9,0,15,1,2,1,173.34,1,2,3,0
54923,1,1,Computer,1,9,Debit Card,Male,3,4,Mobile Phone,5,Married,8,1,15,1,2,3,145.42,3,2,3,4
54924,0,8,Phone,3,17,Debit Card,Female,3,4,Mobile Phone,3,Married,3,1,20,1,2,1,147.2,1,2,24,2
54925,0,2,Phone,3,17,Credit Card,Male,4,4,Mobile Phone,4,Married,3,0,23,1,2,1,135.52,1,2,6,0
54926,0,12,Computer,1,10,UPI,Male,3,4,Mobile Phone,3,Married,5,0,17,3,3,3,153.21,3,3,48,0
54927,0,24,Mobile Phone,1,9,Credit Card,Male,4,4,Others,3,Married,4,1,15,5,8,8,317.37,8,8,216,9
54928,0,11,Mobile Phone,1,10,UPI,Female,3,4,Laptop & Accessory,4,Single,5,0,16,2,2,2,166.07,2,2,33,0
54929,0,14,Mobile Phone,3,33,E wallet,Male,4,4,Laptop & Accessory,5,Married,3,0,15,4,8,6,208.96,6,8,126,0
54930,0,1,Computer,1,7,Credit Card,Female,4,5,Mobile Phone,3,Married,3,0,14,1,2,4,145.07,4,2,3,0
54931,0,20,Mobile Phone,1,7,Credit Card,Male,3,4,Others,1,Married,11,0,15,2,3,3,321.27,3,3,80,0
54932,0,28,Mobile Phone,3,9,Debit Card,Female,3,5,Fashion,3,Married,8,0,12,7,2,1,231.86,1,2,84,0
54933,0,30,Computer,1,16,Credit Card,Female,4,4,Mobile Phone,3,Married,4,0,20,2,2,4,154.42,4,2,90,0
54934,0,10,Mobile Phone,1,19,Credit Card,Female,3,5,Fashion,1,Single,2,0,12,6,8,3,213.58,3,8,90,0
54935,0,29,Computer,1,9,Credit Card,Male,3,5,Grocery,5,Single,9,0,15,3,7,3,292.56,3,7,232,0
54936,0,17,Mobile Phone,3,32,Credit Card,Male,4,5,Fashion,1,Married,7,0,14,2,2,1,232.98,1,2,51,0
54937,1,1,Computer,3,16,E wallet,Female,3,4,Mobile Phone,1,Single,3,1,15,2,2,3,148.23,3,2,3,4
54938,1,1,Phone,1,17,Debit Card,Female,3,5,Mobile Phone,5,Single,3,0,14,1,2,1,139.16,1,2,3,0
54939,0,20,Mobile Phone,1,15,Debit Card,Female,4,5,Laptop & Accessory,5,Married,10,1,24,2,2,8,171.15,8,2,60,9
54940,1,15,Mobile Phone,1,11,Debit Card,Male,3,4,Mobile Phone,3,Married,11,1,13,1,3,8,149.61,8,3,60,9
54941,1,1,Computer,1,31,Cash on Delivery,Male,4,5,Fashion,5,Single,3,0,13,2,2,3,212.22,3,2,3,0
54942,0,1,Mobile Phone,1,7,Credit Card,Male,3,5,Mobile Phone,5,Married,3,0,17,2,2,4,164.55,4,2,3,0
54943,0,4,Mobile Phone,1,27,UPI,Male,3,4,Laptop & Accessory,5,Married,2,0,16,1,2,3,224.57,3,2,12,0
54944,0,15,Mobile Phone,1,14,COD,Female,3,2,Mobile Phone,3,Married,3,0,14,1,2,9,158.76,9,2,45,0
54945,0,12,Mobile Phone,1,24,Debit Card,Female,4,5,Fashion,3,Married,2,0,19,2,2,3,213.23,3,2,36,0
54946,0,14,Mobile Phone,1,27,Cash on Delivery,Male,4,4,Fashion,1,Married,6,0,21,4,12,3,228.22,3,12,182,0
54947,0,1,Computer,1,15,Debit Card,Male,3,6,Mobile Phone,3,Married,3,0,20,2,2,3,171.21,3,2,3,0
54948,0,29,Computer,1,9,Debit Card,Male,4,4,Fashion,4,Married,5,0,19,1,2,3,234.76,3,2,87,0
54949,0,2,Mobile Phone,1,17,UPI,Female,3,4,Laptop & Accessory,3,Single,5,0,14,1,2,8,161.6,8,2,6,0
54950,1,8,Mobile Phone,2,7,Credit Card,Male,4,5,Fashion,5,Married,11,0,15,3,4,3,229.82,3,4,40,0
54951,0,7,Mobile Phone,1,12,Debit Card,Male,3,5,Fashion,1,Married,6,0,16,2,2,3,196.19,3,2,21,0
54952,1,1,Mobile Phone,3,11,Cash on Delivery,Male,3,4,Fashion,5,Single,2,1,23,3,5,3,220.82,3,5,6,4
54953,1,1,Computer,1,36,Credit Card,Female,3,5,Laptop & Accessory,3,Single,3,0,23,3,4,9,170.08,9,4,5,0
54954,0,2,Phone,1,22,Debit Card,Male,3,4,Mobile Phone,3,Married,3,0,17,1,3,3,147.07,3,3,8,0
54955,0,8,Computer,1,10,Debit Card,Male,3,4,Laptop & Accessory,1,Single,2,0,18,2,2,5,202.56,5,2,24,0
54956,0,11,Mobile Phone,3,17,Debit Card,Female,3,5,Laptop & Accessory,1,Married,4,1,15,2,2,1,191.94,1,2,33,2
54957,1,1,Mobile Phone,1,11,COD,Male,3,4,Mobile Phone,1,Married,3,1,16,5,6,7,161.91,7,6,7,8
54958,1,1,Phone,1,28,Credit Card,Male,3,4,Mobile Phone,3,Married,3,0,21,2,2,1,148.77,1,2,3,0
54959,1,1,Phone,1,32,Credit Card,Male,3,5,Mobile Phone,4,Single,6,1,21,2,3,3,148.13,3,3,4,4
54960,0,16,Mobile Phone,1,9,Credit Card,Male,3,4,Grocery,5,Married,2,0,15,6,14,8,301.65,8,14,240,0
54961,1,1,Computer,1,7,Credit Card,Male,3,5,Mobile Phone,4,Married,3,0,16,2,2,1,150.96,1,2,3,0
54962,1,14,Computer,3,7,UPI,Male,3,4,Laptop & Accessory,3,Single,5,1,15,2,2,1,172.28,1,2,42,2
54963,0,7,Computer,3,14,Debit Card,Female,2,4,Laptop & Accessory,4,Married,2,0,18,1,2,3,168.02,3,2,21,0
54964,0,8,Computer,1,10,Debit Card,Male,3,5,Mobile Phone,1,Married,5,0,18,1,2,1,154.79,1,2,24,0
54965,0,22,Computer,1,7,Credit Card,Male,3,2,Grocery,1,Single,4,0,15,1,3,2,293.85,2,3,88,0
54966,0,19,Computer,3,16,Debit Card,Female,4,5,Laptop & Accessory,3,Married,3,0,14,5,5,13,180.93,13,5,114,0
54967,0,26,Mobile Phone,1,6,Debit Card,Male,3,4,Fashion,4,Single,9,0,20,3,5,3,229.45,3,5,156,0
54968,0,12,Mobile Phone,3,17,E wallet,Male,4,5,Fashion,3,Married,2,1,15,2,3,3,212.4,3,3,48,4
54969,0,3,Mobile Phone,1,35,Debit Card,Female,4,4,Mobile Phone,1,Married,6,0,23,2,2,8,150.14,8,2,9,0
54970,0,2,Mobile Phone,1,10,Credit Card,Female,4,4,Fashion,4,Married,2,0,18,1,2,8,201.55,8,2,6,0
54971,0,20,Mobile Phone,3,10,E wallet,Male,3,4,Grocery,3,Married,5,0,15,5,5,10,299.65,10,5,120,0
54972,0,12,Mobile Phone,3,9,E wallet,Male,3,4,Fashion,4,Single,9,0,17,2,2,1,198.51,1,2,36,0
54973,0,17,Computer,1,34,Debit Card,Female,3,4,Fashion,5,Married,10,0,12,2,2,2,233.2,2,2,51,0
54974,1,3,Computer,1,9,Debit Card,Male,3,4,Grocery,1,Married,9,0,12,11,2,6,246.69,6,2,9,0
54975,0,14,Mobile Phone,1,21,Credit Card,Male,3,5,Others,3,Single,3,0,15,4,5,10,321.26,10,5,84,0
54976,0,1,Phone,1,7,COD,Female,4,5,Mobile Phone,4,Single,3,1,12,2,3,3,145.7,3,3,4,4
54977,0,13,Computer,1,16,Debit Card,Male,4,4,Laptop & Accessory,4,Single,11,0,16,2,2,4,192.82,4,2,39,0
54978,0,10,Computer,1,25,Debit Card,Male,4,4,Laptop & Accessory,1,Single,4,0,21,1,2,10,202.79,10,2,30,0
54979,0,5,Computer,3,27,Debit Card,Male,4,2,Mobile Phone,1,Married,2,0,13,3,3,3,152.91,3,3,20,0
54980,0,2,Mobile Phone,1,9,Debit Card,Male,4,5,Mobile Phone,4,Married,2,0,18,1,2,5,157.01,5,2,6,0
54981,0,9,Computer,3,18,E wallet,Male,3,4,Laptop & Accessory,1,Married,3,0,12,2,2,3,174.68,3,2,27,0
54982,0,23,Mobile Phone,3,15,Cash on Delivery,Male,3,5,Grocery,4,Married,8,0,18,2,2,4,256.2,4,2,69,0
54983,0,8,Computer,1,9,Debit Card,Male,4,4,Laptop & Accessory,3,Single,4,0,12,2,2,3,165.33,3,2,24,0
54984,0,3,Computer,1,17,Debit Card,Female,4,4,Mobile Phone,4,Married,2,0,15,1,2,2,157.91,2,2,9,0
54985,0,16,Mobile Phone,1,36,Credit Card,Male,3,6,Laptop & Accessory,1,Single,6,0,20,2,2,1,167.72,1,2,48,0
54986,0,3,Mobile Phone,1,15,Credit Card,Male,4,5,Laptop & Accessory,1,Married,3,1,16,2,2,3,175.56,3,2,9,4
54987,0,12,Mobile Phone,2,7,UPI,Male,3,2,Mobile Phone,3,Married,3,0,14,4,6,1,153.44,1,6,84,0
54988,0,2,Computer,1,13,Debit Card,Male,3,5,Mobile Phone,3,Married,3,1,15,2,2,3,152.03,3,2,6,4
54989,1,1,Computer,1,15,Credit Card,Male,4,4,Mobile Phone,3,Single,3,0,13,2,2,1,144.04,1,2,3,0
54990,1,1,Mobile Phone,3,16,E wallet,Female,4,4,Laptop & Accessory,5,Single,5,1,18,1,2,4,207.24,4,2,3,5
54991,0,15,Mobile Phone,1,19,Debit Card,Male,3,4,Mobile Phone,1,Married,5,1,12,2,2,1,172.66,1,2,45,2
54992,1,1,Computer,1,22,Credit Card,Male,4,4,Mobile Phone,3,Married,3,0,13,2,3,3,151.1,3,3,4,0
54993,0,11,Mobile Phone,1,32,Credit Card,Female,3,5,Laptop & Accessory,1,Married,9,0,14,2,2,4,182.31,4,2,33,0
54994,0,1,Mobile Phone,1,13,Debit Card,Male,3,5,Mobile Phone,3,Married,3,0,14,2,3,3,150.39,3,3,4,0
54995,0,8,Mobile Phone,3,16,Debit Card,Female,4,4,Laptop & Accessory,3,Married,3,0,21,1,2,4,182.14,4,2,24,0
54996,0,9,Mobile Phone,2,15,COD,Male,4,4,Mobile Phone,3,Single,3,0,18,1,2,5,168.23,5,2,27,0
54997,1,1,Mobile Phone,3,30,Debit Card,Female,3,5,Fashion,5,Married,3,0,14,2,4,11,198.36,11,4,5,0
54998,0,14,Computer,1,16,Credit Card,Female,3,4,Fashion,3,Single,11,0,18,2,2,14,259.99,14,2,42,0
54999,1,6,Computer,3,19,Debit Card,Male,3,4,Grocery,5,Single,2,1,13,1,14,15,262.58,15,14,90,16
55000,0,16,Mobile Phone,3,11,E wallet,Male,3,4,Laptop & Accessory,5,Single,9,0,14,2,2,6,176.55,6,2,48,0
55001,0,9,Phone,1,7,Credit Card,Male,3,5,Mobile Phone,3,Married,8,0,13,2,2,8,147.58,8,2,27,0
55002,0,1,Mobile Phone,1,31,Credit Card,Male,3,4,Mobile Phone,4,Single,10,0,23,1,2,3,160.97,3,2,3,0
55003,1,1,Mobile Phone,1,19,Debit Card,Female,4,4,Mobile Phone,1,Married,3,1,12,2,2,1,150.15,1,2,3,2
55004,0,1,Mobile Phone,1,10,Credit Card,Male,3,2,Mobile Phone,1,Married,3,0,23,2,2,8,169.2,8,2,3,0
55005,0,4,Mobile Phone,3,17,E wallet,Male,4,5,Laptop & Accessory,3,Married,3,0,19,1,2,5,190.78,5,2,12,0
55006,0,14,Computer,1,33,Credit Card,Female,4,5,Laptop & Accessory,1,Married,5,1,14,1,2,1,169.22,1,2,42,2
55007,0,9,Mobile Phone,1,9,Debit Card,Male,3,5,Fashion,4,Married,4,0,19,3,7,3,227.74,3,7,72,0
55008,0,8,Computer,1,8,Credit Card,Male,4,5,Laptop & Accessory,5,Single,2,0,21,1,5,10,178.43,10,5,48,0
55009,0,9,Computer,1,11,UPI,Male,3,5,Mobile Phone,1,Married,3,0,14,2,3,3,148.76,3,3,36,0
55010,1,7,Mobile Phone,3,16,E wallet,Female,3,6,Laptop & Accessory,3,Single,10,0,14,1,2,4,178.46,4,2,21,0
55011,0,6,Computer,3,9,Debit Card,Female,4,4,Mobile Phone,5,Married,3,0,13,2,2,1,153.27,1,2,18,0
55012,0,30,Mobile Phone,1,11,Cash on Delivery,Female,4,4,Others,5,Married,6,0,14,5,5,3,324.43,3,5,180,0
55013,0,3,Mobile Phone,1,13,Credit Card,Female,3,4,Mobile Phone,1,Married,3,0,14,1,2,9,156.31,9,2,9,0
55014,0,1,Mobile Phone,1,16,Debit Card,Male,3,4,Mobile Phone,5,Single,3,0,26,1,2,1,150.52,1,2,3,0
55015,0,19,Mobile Phone,1,14,Credit Card,Female,3,4,Mobile Phone,3,Married,6,1,20,1,2,3,169.77,3,2,57,4
55016,0,11,Mobile Phone,1,8,Debit Card,Female,3,5,Laptop & Accessory,1,Married,3,0,14,1,4,12,189.74,12,4,55,0
55017,0,1,Mobile Phone,1,6,Debit Card,Male,3,5,Mobile Phone,3,Single,3,0,13,1,2,3,155.33,3,2,3,0
55018,1,8,Mobile Phone,1,17,Debit Card,Male,4,4,Mobile Phone,3,Single,3,1,12,2,2,3,154.36,3,2,24,4
55019,0,27,Mobile Phone,1,14,Credit Card,Female,3,4,Others,3,Married,5,0,15,4,5,8,311.06,8,5,162,0
55020,0,3,Phone,1,22,Debit Card,Female,4,6,Mobile Phone,1,Married,2,1,19,2,2,4,146.68,4,2,9,5
55021,1,1,Computer,1,10,Debit Card,Male,3,5,Mobile Phone,1,Married,2,1,12,1,2,1,153.53,1,2,3,2
55022,0,20,Mobile Phone,3,9,E wallet,Female,4,4,Grocery,5,Married,10,0,15,7,16,10,295.48,10,16,340,0
55023,0,18,Computer,1,24,Debit Card,Male,4,6,Mobile Phone,3,Single,4,0,14,2,2,1,147.9,1,2,54,0
55024,0,7,Mobile Phone,2,9,UPI,Male,4,4,Mobile Phone,3,Married,3,0,14,2,2,5,161.0,5,2,21,0
55025,1,5,Computer,1,12,Debit Card,Male,4,5,Mobile Phone,5,Married,8,0,18,1,2,1,146.07,1,2,15,0
55026,0,4,Mobile Phone,3,36,Debit Card,Male,4,4,Laptop & Accessory,5,Married,10,0,20,2,2,4,166.15,4,2,12,0
55027,0,14,Computer,3,9,Credit Card,Male,4,4,Laptop & Accessory,4,Married,7,0,13,2,2,1,168.27,1,2,42,0
55028,0,24,Computer,1,9,Credit Card,Female,2,4,Grocery,5,Married,4,0,15,1,3,3,303.56,3,3,96,0
55029,0,2,Mobile Phone,1,26,Credit Card,Male,4,5,Mobile Phone,5,Married,3,0,13,2,4,4,156.96,4,4,10,0
55030,0,20,Mobile Phone,1,22,Debit Card,Male,3,4,Others,4,Married,7,0,15,2,2,4,315.81,4,2,60,0
55031,0,9,Mobile Phone,3,24,Debit Card,Male,4,4,Laptop & Accessory,5,Married,5,1,16,1,2,3,214.66,3,2,27,4
55032,1,1,Phone,1,24,Debit Card,Female,4,4,Mobile Phone,4,Married,3,0,14,2,2,1,147.1,1,2,3,0
55033,0,7,Computer,3,32,Credit Card,Female,3,4,Laptop & Accessory,3,Married,3,0,13,1,2,2,170.39,2,2,21,0
55034,0,10,Mobile Phone,1,13,Debit Card,Male,3,6,Mobile Phone,3,Married,3,0,15,2,2,8,152.41,8,2,30,0
55035,0,4,Mobile Phone,1,14,Debit Card,Male,3,4,Laptop & Accessory,3,Married,3,0,14,5,9,10,159.91,10,9,40,0
55036,0,18,Mobile Phone,1,36,UPI,Male,3,4,Laptop & Accessory,1,Single,3,0,26,7,14,18,170.41,18,14,270,0
55037,0,1,Mobile Phone,3,28,E wallet,Male,3,2,Mobile Phone,1,Single,3,0,18,3,3,3,151.78,3,3,4,0
55038,0,20,Mobile Phone,1,9,Cash on Delivery,Male,3,4,Laptop & Accessory,1,Married,4,0,12,1,2,5,198.79,5,2,60,0
55039,0,16,Computer,2,9,Credit Card,Male,4,2,Laptop & Accessory,5,Married,9,0,17,2,2,4,187.72,4,2,48,0
55040,0,31,Mobile Phone,3,14,E wallet,Male,3,2,Laptop & Accessory,1,Married,2,1,19,1,2,10,177.2,10,2,93,11
55041,0,6,Computer,1,20,UPI,Female,4,5,Mobile Phone,4,Married,3,0,21,3,3,3,159.0,3,3,24,0
55042,0,6,Computer,1,9,Debit Card,Female,3,4,Laptop & Accessory,3,Single,6,1,15,2,2,8,174.98,8,2,18,9
55043,0,10,Mobile Phone,1,8,Cash on Delivery,Female,4,6,Fashion,5,Married,4,1,22,8,8,3,227.52,3,8,90,4
55044,0,7,Mobile Phone,1,16,Credit Card,Male,3,4,Mobile Phone,1,Married,2,0,14,1,5,11,152.81,11,5,42,0
55045,0,14,Mobile Phone,3,17,Cash on Delivery,Female,3,5,Laptop & Accessory,4,Married,9,0,13,2,2,4,193.52,4,2,42,0
55046,0,1,Mobile Phone,3,17,Debit Card,Male,3,4,Laptop & Accessory,1,Single,2,0,15,2,2,2,174.5,2,2,3,0
55047,0,4,Mobile Phone,1,8,Credit Card,Male,4,4,Mobile Phone,4,Married,2,1,22,4,6,8,160.79,8,6,28,9
55048,0,16,Computer,1,33,Credit Card,Female,3,4,Fashion,5,Married,5,1,18,1,2,1,256.91,1,2,48,2
55049,0,9,Computer,3,15,E wallet,Female,4,5,Fashion,1,Married,6,1,12,4,5,3,228.77,3,5,54,4
55050,0,1,Phone,1,21,Debit Card,Male,3,4,Mobile Phone,5,Married,3,1,15,6,7,9,147.35,9,7,8,10
55051,0,28,Computer,1,8,Debit Card,Female,3,4,Fashion,3,Married,9,0,18,1,2,3,230.02,3,2,84,0
55052,0,18,Phone,1,9,Debit Card,Female,4,2,Mobile Phone,1,Married,3,0,14,2,8,8,145.11,8,8,162,0
55053,1,1,Computer,1,17,Credit Card,Female,4,5,Mobile Phone,4,Single,3,1,26,1,2,1,143.59,1,2,3,2
55054,0,3,Mobile Phone,1,8,Debit Card,Female,4,4,Mobile Phone,1,Married,3,0,16,2,2,3,162.6,3,2,9,0
55055,0,28,Mobile Phone,1,10,Debit Card,Male,3,4,Grocery,1,Married,5,0,15,1,2,10,302.79,10,2,84,0
55056,0,5,Mobile Phone,1,18,Credit Card,Male,4,4,Laptop & Accessory,5,Married,3,1,13,2,2,2,193.33,2,2,15,3
55057,0,5,Mobile Phone,1,31,Credit Card,Female,4,5,Laptop & Accessory,5,Single,3,0,20,2,2,9,193.12,9,2,15,0
55058,0,31,Mobile Phone,3,10,Debit Card,Female,3,5,Laptop & Accessory,1,Single,7,0,18,1,2,6,176.71,6,2,93,0
55059,0,17,Mobile Phone,1,10,Debit Card,Male,4,6,Others,1,Married,5,0,15,2,2,8,322.4,8,2,51,0
55060,0,23,Mobile Phone,1,11,Credit Card,Male,3,5,Others,3,Married,4,0,15,1,2,1,312.11,1,2,69,0
55061,0,10,Computer,1,10,COD,Male,3,4,Mobile Phone,4,Married,3,0,13,1,2,8,161.92,8,2,30,0
55062,0,22,Mobile Phone,1,9,COD,Male,4,2,Mobile Phone,4,Single,7,0,12,1,2,1,150.59,1,2,66,0
55063,0,1,Mobile Phone,1,11,Debit Card,Male,4,4,Mobile Phone,3,Married,3,0,12,2,2,4,150.17,4,2,3,0
55064,0,3,Mobile Phone,1,14,Debit Card,Male,3,4,Laptop & Accessory,1,Married,3,1,12,2,2,1,191.23,1,2,9,2
55065,0,22,Mobile Phone,1,8,Debit Card,Male,4,5,Others,1,Single,8,0,15,2,2,1,307.65,1,2,66,0
55066,0,3,Mobile Phone,1,8,Debit Card,Female,3,5,Grocery,1,Married,5,0,15,1,2,8,286.24,8,2,9,0
55067,0,8,Mobile Phone,1,27,COD,Female,3,2,Mobile Phone,3,Married,2,0,18,2,2,1,150.85,1,2,24,0
55068,0,18,Mobile Phone,3,12,E wallet,Male,3,4,Others,4,Married,9,0,15,2,4,11,307.13,11,4,90,0
55069,0,7,Mobile Phone,3,17,E wallet,Male,3,2,Fashion,3,Married,2,1,15,1,2,9,208.8,9,2,21,10
55070,0,1,Mobile Phone,1,32,Debit Card,Female,3,2,Mobile Phone,1,Single,3,1,13,1,2,2,154.94,2,2,3,3
55071,0,1,Phone,1,8,Debit Card,Male,3,4,Mobile Phone,3,Married,3,0,23,2,2,2,137.23,2,2,3,0
55072,1,1,Computer,3,31,Debit Card,Male,4,6,Mobile Phone,1,Single,3,1,15,2,2,1,136.18,1,2,3,2
55073,0,1,Mobile Phone,1,11,Debit Card,Male,3,4,Mobile Phone,1,Single,3,1,21,3,3,3,153.75,3,3,4,4
55074,1,9,Mobile Phone,3,9,E wallet,Female,4,6,Others,4,Single,4,1,15,2,2,12,313.24,12,2,27,13
55075,0,29,Computer,1,15,Credit Card,Male,3,5,Grocery,4,Married,3,1,16,3,16,1,260.77,1,16,493,2
55076,1,1,Computer,1,17,Debit Card,Female,3,5,Mobile Phone,3,Single,3,0,21,2,3,3,151.25,3,3,4,0
55077,0,20,Mobile Phone,3,11,E wallet,Female,3,5,Others,4,Married,4,0,15,2,2,9,312.89,9,2,60,0
55078,0,8,Mobile Phone,3,9,E wallet,Female,3,4,Laptop & Accessory,5,Single,2,1,13,2,2,3,170.38,3,2,24,4
55079,0,25,Computer,3,16,Debit Card,Male,3,4,Others,4,Married,6,1,25,7,12,11,323.47,11,12,325,12
55080,0,31,Mobile Phone,1,25,Credit Card,Male,4,4,Fashion,1,Single,8,0,13,4,6,3,230.12,3,6,217,0
55081,0,8,Computer,1,26,Credit Card,Female,3,4,Laptop & Accessory,4,Married,6,0,14,1,6,11,169.44,11,6,56,0
55082,0,2,Computer,1,8,Credit Card,Male,3,4,Mobile Phone,3,Single,2,1,12,2,2,3,146.54,3,2,6,4
55083,0,18,Mobile Phone,1,11,Debit Card,Male,4,2,Others,5,Married,3,0,15,3,15,14,316.9,14,15,288,0
55084,0,8,Computer,2,18,Debit Card,Male,3,5,Laptop & Accessory,4,Married,6,0,12,1,2,9,169.9,9,2,24,0
55085,0,9,Mobile Phone,1,13,Debit Card,Male,4,4,Mobile Phone,3,Married,2,1,15,2,3,3,160.06,3,3,36,4
55086,0,16,Phone,1,14,Credit Card,Female,4,2,Laptop & Accessory,4,Married,8,1,17,1,2,1,148.72,1,2,48,2
55087,0,17,Mobile Phone,3,11,E wallet,Female,3,5,Fashion,1,Single,5,0,15,11,16,3,227.31,3,16,289,0
55088,0,10,Mobile Phone,1,9,Debit Card,Female,3,4,Laptop & Accessory,4,Single,11,1,12,5,6,13,179.1,13,6,70,14
55089,1,8,Mobile Phone,1,22,Credit Card,Female,4,4,Fashion,1,Married,3,0,12,1,2,6,204.78,6,2,24,0
55090,0,2,Computer,1,9,Debit Card,Male,3,5,Mobile Phone,1,Married,3,1,13,1,3,3,163.67,3,3,8,4
55091,0,25,Computer,1,13,Credit Card,Female,3,5,Mobile Phone,3,Single,2,0,15,4,8,8,153.38,8,8,225,0
55092,0,4,Computer,1,16,Credit Card,Female,4,4,Laptop & Accessory,3,Single,9,1,19,1,2,8,171.95,8,2,12,9
55093,1,1,Mobile Phone,1,14,COD,Female,3,4,Mobile Phone,3,Married,5,1,14,5,8,8,158.39,8,8,9,9
55094,0,2,Phone,1,8,COD,Male,3,4,Mobile Phone,5,Single,4,0,12,2,2,3,145.8,3,2,6,0
55095,0,1,Phone,1,8,Credit Card,Female,3,4,Mobile Phone,4,Single,3,0,19,2,3,2,145.96,2,3,4,0
55096,0,6,Mobile Phone,3,15,Credit Card,Male,3,2,Laptop & Accessory,1,Married,3,0,16,1,2,9,187.09,9,2,18,0
55097,0,19,Computer,1,32,Credit Card,Female,3,4,Others,4,Single,5,0,15,1,2,1,305.61,1,2,57,0
55098,0,13,Mobile Phone,1,20,Credit Card,Female,4,5,Grocery,4,Married,8,1,15,11,16,3,296.23,3,16,221,4
55099,0,31,Phone,1,30,Debit Card,Male,3,4,Mobile Phone,3,Married,3,0,13,2,3,3,148.72,3,3,124,0
55100,1,1,Mobile Phone,1,14,Debit Card,Male,4,4,Laptop & Accessory,3,Married,3,0,19,1,2,2,173.83,2,2,3,0
55101,1,3,Mobile Phone,1,30,Credit Card,Male,4,4,Mobile Phone,5,Single,2,0,14,1,2,4,164.04,4,2,9,0
55102,0,4,Mobile Phone,1,13,COD,Female,3,5,Laptop & Accessory,1,Married,2,0,13,6,7,8,171.27,8,7,32,0
55103,0,10,Mobile Phone,1,17,Cash on Delivery,Female,4,4,Fashion,3,Married,5,0,13,2,2,8,195.94,8,2,30,0
55104,0,20,Mobile Phone,2,8,Debit Card,Female,3,4,Mobile Phone,5,Single,8,0,13,3,6,8,159.23,8,6,140,0
55105,0,2,Computer,1,8,Debit Card,Female,3,6,Laptop & Accessory,1,Married,2,0,12,8,8,6,191.74,6,8,18,0
55106,0,24,Mobile Phone,1,35,Debit Card,Female,3,4,Grocery,5,Married,6,1,15,1,2,3,293.8,3,2,72,4
55107,1,4,Mobile Phone,3,32,E wallet,Male,3,5,Fashion,4,Single,4,1,13,2,2,3,215.94,3,2,12,4
55108,1,16,Mobile Phone,3,12,Debit Card,Male,4,4,Fashion,4,Single,11,1,20,8,8,3,209.46,3,8,144,4
55109,0,4,Mobile Phone,1,24,Credit Card,Female,4,4,Fashion,5,Married,3,1,24,2,2,9,244.16,9,2,12,10
55110,0,13,Mobile Phone,1,25,Debit Card,Male,3,4,Laptop & Accessory,3,Single,2,0,12,2,2,8,170.34,8,2,39,0
55111,0,5,Computer,3,9,Debit Card,Female,3,4,Fashion,3,Married,3,1,20,9,10,3,223.52,3,10,55,4
55112,0,15,Computer,3,17,Credit Card,Male,3,6,Laptop & Accessory,4,Single,3,0,14,4,12,10,186.51,10,12,195,0
55113,1,1,Computer,3,8,Debit Card,Female,3,4,Mobile Phone,4,Single,3,1,12,3,3,3,148.02,3,3,4,4
55114,1,8,Phone,1,10,Debit Card,Male,3,4,Mobile Phone,5,Married,6,0,13,2,2,3,148.62,3,2,24,0
55115,0,16,Computer,1,9,Debit Card,Male,3,4,Grocery,3,Married,2,1,15,1,3,11,303.61,11,3,64,12
55116,0,29,Mobile Phone,1,9,Credit Card,Female,3,6,Others,3,Married,6,0,15,5,10,12,316.87,12,10,319,0
55117,0,30,Mobile Phone,2,15,Debit Card,Male,4,4,Others,4,Single,8,0,15,3,8,8,322.17,8,8,270,0
55118,0,14,Computer,1,23,Debit Card,Male,4,4,Mobile Phone,3,Married,11,0,17,2,2,1,160.44,1,2,42,0
55119,0,8,Mobile Phone,1,16,Debit Card,Male,3,4,Fashion,1,Married,2,0,12,1,2,3,210.0,3,2,24,0
55120,0,14,Mobile Phone,1,9,Debit Card,Male,4,4,Laptop & Accessory,1,Single,3,0,14,4,9,9,171.61,9,9,140,0
55121,0,15,Computer,3,8,E wallet,Female,4,4,Laptop & Accessory,5,Married,2,0,18,1,2,8,166.03,8,2,45,0
55122,0,9,Computer,1,11,Debit Card,Male,3,4,Laptop & Accessory,3,Single,3,1,12,2,2,2,167.49,2,2,27,3
55123,0,25,Mobile Phone,2,12,Debit Card,Male,3,4,Grocery,4,Married,3,1,12,1,2,11,265.26,11,2,75,12
55124,0,12,Mobile Phone,3,9,Debit Card,Female,3,4,Laptop & Accessory,5,Married,5,0,16,1,2,8,193.93,8,2,36,0
55125,0,8,Mobile Phone,3,22,Credit Card,Female,4,4,Laptop & Accessory,5,Single,3,0,13,5,10,7,186.25,7,10,88,0
55126,0,1,Mobile Phone,1,26,Credit Card,Male,4,4,Mobile Phone,1,Married,5,0,12,1,2,3,161.69,3,2,3,0
55127,1,21,Mobile Phone,1,14,Credit Card,Female,3,5,Fashion,5,Married,9,1,15,2,6,3,225.08,3,6,147,4
55128,0,14,Phone,1,8,Debit Card,Male,3,4,Mobile Phone,4,Married,5,0,23,2,2,4,148.87,4,2,42,0
55129,0,10,Computer,3,14,E wallet,Female,3,2,Laptop & Accessory,5,Married,4,0,17,6,7,14,171.39,14,7,80,0
55130,0,22,Mobile Phone,1,11,Debit Card,Male,3,4,Fashion,1,Single,3,0,12,2,2,9,203.98,9,2,66,0
55131,0,1,Mobile Phone,3,18,Credit Card,Female,4,2,Mobile Phone,1,Married,10,0,15,1,2,1,150.34,1,2,3,0
55132,0,25,Mobile Phone,1,18,Cash on Delivery,Female,3,5,Grocery,4,Single,5,0,17,1,2,4,256.42,4,2,75,0
55133,0,1,Computer,1,8,Debit Card,Female,4,4,Mobile Phone,1,Single,3,0,16,2,2,1,141.11,1,2,3,0
55134,0,9,Mobile Phone,1,8,Credit Card,Female,3,5,Laptop & Accessory,1,Married,2,0,13,1,2,1,178.63,1,2,27,0
55135,0,1,Computer,3,9,Debit Card,Male,3,6,Laptop & Accessory,1,Single,5,0,21,1,2,1,175.71,1,2,3,0
55136,1,19,Mobile Phone,3,20,E wallet,Male,3,2,Grocery,3,Single,8,1,18,1,4,9,261.95,9,4,95,10
55137,0,30,Mobile Phone,1,30,Debit Card,Male,4,4,Grocery,4,Married,6,1,13,14,2,10,259.02,10,2,90,11
55138,0,8,Computer,1,33,COD,Female,4,5,Mobile Phone,3,Married,3,0,21,2,2,1,145.29,1,2,24,0
55139,0,14,Mobile Phone,1,9,Credit Card,Female,3,2,Laptop & Accessory,3,Married,7,0,21,7,12,9,188.77,9,12,182,0
55140,0,8,Mobile Phone,1,36,Credit Card,Male,3,4,Laptop & Accessory,3,Married,6,0,14,6,8,8,179.29,8,8,72,0
55141,1,1,Computer,3,9,Debit Card,Female,3,5,Mobile Phone,1,Single,9,0,15,1,2,1,152.85,1,2,3,0
55142,1,1,Computer,3,25,E wallet,Female,4,4,Laptop & Accessory,3,Married,2,1,19,1,4,3,171.14,3,4,5,4
55143,0,12,Computer,1,14,Debit Card,Male,3,2,Mobile Phone,3,Married,3,0,12,1,2,4,151.1,4,2,36,0
55144,0,8,Mobile Phone,1,9,COD,Female,4,4,Laptop & Accessory,1,Single,3,0,12,5,5,12,191.87,12,5,48,0
55145,0,2,Mobile Phone,3,33,Debit Card,Male,3,5,Laptop & Accessory,5,Married,3,0,12,2,2,5,172.24,5,2,6,0
55146,1,1,Mobile Phone,1,29,Credit Card,Male,4,4,Laptop & Accessory,3,Married,3,1,16,6,7,8,186.79,8,7,8,9
55147,0,13,Mobile Phone,3,28,Debit Card,Male,3,5,Laptop & Accessory,1,Married,5,1,13,1,2,5,186.2,5,2,39,6
55148,0,25,Computer,3,9,E wallet,Male,3,4,Fashion,4,Married,4,0,12,4,4,3,230.96,3,4,125,0
55149,0,15,Computer,1,29,Debit Card,Female,4,4,Laptop & Accessory,1,Married,5,1,15,3,4,4,179.67,4,4,75,5
55150,0,11,Mobile Phone,1,11,Debit Card,Male,3,4,Mobile Phone,3,Married,9,1,16,2,2,4,154.96,4,2,33,5
55151,0,7,Computer,3,12,Debit Card,Male,4,4,Laptop & Accessory,1,Married,8,0,14,2,2,3,224.98,3,2,21,0
55152,0,6,Mobile Phone,3,9,E wallet,Male,3,4,Laptop & Accessory,4,Married,2,1,14,2,2,3,165.78,3,2,18,4
55153,0,13,Computer,1,32,Debit Card,Male,4,4,Fashion,3,Married,5,0,22,1,2,6,234.2,6,2,39,0
55154,0,1,Mobile Phone,3,25,Debit Card,Male,4,2,Laptop & Accessory,3,Married,4,0,12,2,2,3,187.32,3,2,3,0
55155,0,26,Computer,1,35,Credit Card,Female,3,2,Grocery,3,Married,4,1,12,2,2,3,257.47,3,2,78,4
55156,0,17,Mobile Phone,1,13,Credit Card,Female,4,5,Laptop & Accessory,3,Single,3,1,15,1,2,9,165.81,9,2,51,10
55157,0,1,Mobile Phone,3,17,E wallet,Female,4,5,Laptop & Accessory,1,Married,3,1,12,2,5,5,182.69,5,5,6,6
55158,1,1,Phone,1,24,Debit Card,Female,3,4,Mobile Phone,3,Single,3,1,14,5,8,8,148.94,8,8,9,9
55159,0,1,Mobile Phone,1,9,Credit Card,Male,3,5,Mobile Phone,1,Single,2,0,13,2,2,2,164.04,2,2,3,0
55160,0,16,Mobile Phone,2,17,UPI,Female,3,4,Grocery,5,Married,2,0,15,1,2,10,292.99,10,2,48,0
55161,0,26,Mobile Phone,1,15,UPI,Female,3,4,Mobile Phone,5,Married,11,0,14,2,2,5,154.5,5,2,78,0
55162,0,11,Mobile Phone,1,18,Credit Card,Female,4,4,Mobile Phone,3,Single,6,0,19,2,2,3,161.29,3,2,33,0
55163,0,9,Computer,1,25,Debit Card,Male,3,4,Fashion,1,Single,4,0,12,3,3,3,218.62,3,3,36,0
55164,0,1,Mobile Phone,1,8,COD,Male,3,4,Mobile Phone,1,Married,6,0,12,1,2,3,157.29,3,2,3,0
55165,0,1,Mobile Phone,1,14,UPI,Male,4,2,Mobile Phone,5,Single,2,0,13,1,2,8,160.78,8,2,3,0
55166,0,3,Mobile Phone,2,24,UPI,Male,3,5,Fashion,5,Single,3,0,14,1,2,10,204.88,10,2,9,0
55167,1,13,Computer,1,35,Debit Card,Male,4,5,Laptop & Accessory,5,Single,5,0,21,1,2,4,167.84,4,2,39,0
55168,1,1,Computer,1,21,UPI,Female,3,4,Fashion,1,Single,2,1,13,5,8,8,200.53,8,8,9,9
55169,0,28,Mobile Phone,1,8,Credit Card,Female,3,4,Grocery,1,Single,8,0,15,7,13,8,298.28,8,13,392,0
55170,0,31,Mobile Phone,1,8,Credit Card,Female,4,4,Others,5,Married,5,1,15,2,2,6,322.01,6,2,93,7
55171,0,29,Mobile Phone,1,8,Credit Card,Male,3,2,Grocery,1,Married,4,0,14,1,2,1,272.32,1,2,87,0
55172,0,10,Mobile Phone,3,10,E wallet,Female,4,4,Laptop & Accessory,4,Single,5,1,17,1,2,3,217.78,3,2,30,4
55173,1,1,Computer,3,8,Debit Card,Female,3,6,Mobile Phone,3,Single,3,0,13,1,2,1,138.59,1,2,3,0
55174,0,4,Mobile Phone,3,14,E wallet,Female,4,4,Laptop & Accessory,5,Married,9,0,15,2,2,3,172.79,3,2,12,0
55175,0,5,Mobile Phone,1,15,Debit Card,Female,4,4,Grocery,4,Single,5,0,12,1,2,1,289.22,1,2,15,0
55176,0,8,Computer,1,8,UPI,Male,4,4,Mobile Phone,5,Married,7,0,15,2,2,4,154.96,4,2,24,0
55177,1,1,Phone,1,15,Debit Card,Female,3,5,Mobile Phone,4,Single,3,0,13,1,2,1,137.61,1,2,3,0
55178,0,1,Phone,1,18,Debit Card,Male,4,4,Mobile Phone,5,Married,2,0,15,2,2,5,145.99,5,2,3,0
55179,0,10,Mobile Phone,1,11,Debit Card,Male,3,5,Laptop & Accessory,1,Single,3,0,17,1,2,9,183.1,9,2,30,0
55180,0,10,Mobile Phone,3,23,E wallet,Female,4,5,Laptop & Accessory,5,Married,6,0,14,2,2,3,181.47,3,2,30,0
55181,0,21,Mobile Phone,1,8,COD,Male,4,4,Mobile Phone,1,Married,9,0,13,2,2,3,159.2,3,2,63,0
55182,1,1,Mobile Phone,3,16,Debit Card,Male,4,5,Mobile Phone,5,Married,5,0,13,3,3,3,169.0,3,3,4,0
55183,0,11,Computer,1,12,COD,Male,3,2,Mobile Phone,3,Single,2,0,15,1,2,4,160.0,4,2,33,0
55184,0,30,Phone,1,8,Debit Card,Female,3,4,Mobile Phone,5,Married,4,0,23,1,2,1,145.66,1,2,90,0
55185,0,21,Mobile Phone,1,9,Credit Card,Female,3,4,Grocery,3,Married,5,0,15,3,6,7,296.69,7,6,147,0
55186,0,1,Mobile Phone,3,11,Credit Card,Female,3,4,Laptop & Accessory,3,Married,3,1,13,2,2,4,166.62,4,2,3,5
55187,0,6,Mobile Phone,3,14,E wallet,Male,4,4,Laptop & Accessory,1,Married,6,0,13,1,2,3,217.04,3,2,18,0
55188,0,8,Mobile Phone,1,8,Debit Card,Female,3,5,Mobile Phone,4,Married,7,0,18,2,2,3,157.94,3,2,24,0
55189,0,15,Phone,1,12,Credit Card,Male,3,2,Mobile Phone,3,Married,4,1,13,1,2,4,146.27,4,2,45,5
55190,0,14,Computer,1,16,UPI,Male,3,4,Laptop & Accessory,3,Married,5,0,12,1,2,8,164.75,8,2,42,0
55191,0,5,Mobile Phone,3,15,Debit Card,Male,3,4,Fashion,1,Married,3,0,19,3,2,10,232.93,10,2,15,0
55192,1,10,Mobile Phone,3,16,E wallet,Male,3,4,Fashion,1,Married,6,0,12,5,5,3,225.96,3,5,60,0
55193,1,3,Computer,1,9,Debit Card,Female,3,5,Mobile Phone,5,Single,4,1,24,1,2,1,161.46,1,2,9,2
55194,1,1,Computer,1,8,Debit Card,Female,4,2,Fashion,4,Single,3,0,12,2,5,8,199.46,8,5,6,0
55195,0,19,Mobile Phone,1,27,Credit Card,Male,4,6,Fashion,5,Married,4,1,19,2,2,8,233.51,8,2,57,9
55196,0,5,Phone,2,15,Credit Card,Female,4,2,Mobile Phone,4,Single,11,0,19,2,2,3,146.09,3,2,15,0
55197,1,1,Computer,1,9,Debit Card,Male,4,4,Mobile Phone,1,Married,8,1,14,1,3,3,162.22,3,3,4,4
55198,0,19,Mobile Phone,1,36,Cash on Delivery,Male,3,4,Fashion,1,Married,6,1,19,2,2,3,218.8,3,2,57,4
55199,0,22,Mobile Phone,3,14,E wallet,Male,4,4,Laptop & Accessory,5,Married,6,0,12,1,3,3,179.86,3,3,88,0
55200,1,1,Mobile Phone,2,16,COD,Female,3,4,Mobile Phone,3,Married,3,0,16,3,3,3,152.42,3,3,4,0
55201,0,14,Computer,1,15,Credit Card,Male,3,5,Fashion,4,Married,4,0,12,1,5,9,262.57,9,5,84,0
55202,0,2,Mobile Phone,3,12,Credit Card,Male,3,4,Laptop & Accessory,5,Single,2,0,19,1,2,3,209.63,3,2,6,0
55203,0,18,Computer,1,12,Debit Card,Male,3,5,Mobile Phone,3,Single,5,0,15,1,2,4,156.62,4,2,54,0
55204,0,27,Mobile Phone,1,9,Credit Card,Male,3,2,Grocery,4,Single,6,0,13,1,9,9,290.98,9,9,270,0
55205,0,23,Mobile Phone,1,12,COD,Male,4,4,Laptop & Accessory,3,Married,4,0,15,1,2,3,191.51,3,2,69,0
55206,0,14,Phone,1,9,Credit Card,Male,4,4,Mobile Phone,3,Married,4,0,15,2,2,3,148.45,3,2,42,0
55207,0,18,Mobile Phone,1,27,Debit Card,Male,3,4,Mobile Phone,4,Single,3,0,14,2,2,4,159.2,4,2,54,0
55208,0,7,Computer,3,14,Credit Card,Male,3,4,Laptop & Accessory,5,Married,2,0,15,2,2,4,168.73,4,2,21,0
55209,0,8,Mobile Phone,3,10,UPI,Male,3,6,Laptop & Accessory,5,Single,5,0,19,3,4,13,172.59,13,4,40,0
55210,0,4,Mobile Phone,3,23,Debit Card,Male,4,4,Laptop & Accessory,3,Married,10,0,16,2,3,3,178.01,3,3,16,0
55211,0,16,Computer,1,16,Credit Card,Female,4,4,Mobile Phone,1,Single,3,0,14,1,6,9,161.73,9,6,112,0
55212,0,18,Computer,3,8,E wallet,Female,4,4,Laptop & Accessory,3,Married,9,0,13,1,2,1,172.68,1,2,54,0
55213,0,4,Computer,1,14,COD,Male,4,4,Mobile Phone,3,Married,3,0,14,1,2,1,137.74,1,2,12,0
55214,0,31,Mobile Phone,1,8,Debit Card,Male,4,2,Laptop & Accessory,3,Married,2,0,25,2,3,9,174.0,9,3,124,0
55215,0,23,Mobile Phone,1,14,Debit Card,Male,3,4,Fashion,4,Married,5,0,15,1,2,3,229.66,3,2,69,0
55216,0,8,Computer,1,22,Credit Card,Male,4,4,Grocery,5,Married,9,0,15,3,7,10,295.07,10,7,64,0
55217,1,1,Computer,3,8,COD,Male,4,4,Mobile Phone,3,Married,5,0,16,2,2,3,154.09,3,2,3,0
55218,1,1,Computer,3,20,COD,Female,3,4,Laptop & Accessory,4,Single,7,0,12,2,2,1,182.65,1,2,3,0
55219,1,1,Mobile Phone,3,31,Credit Card,Female,3,5,Laptop & Accessory,4,Single,2,1,24,5,11,11,170.99,11,11,12,12
55220,0,9,Phone,3,14,Debit Card,Male,4,4,Mobile Phone,3,Married,3,0,14,1,2,1,149.04,1,2,27,0
55221,1,1,Computer,1,16,Credit Card,Male,3,4,Mobile Phone,5,Single,4,1,12,1,2,1,156.72,1,2,3,2
55222,0,1,Computer,3,20,Debit Card,Female,4,4,Mobile Phone,4,Married,3,0,14,1,2,1,145.33,1,2,3,0
55223,0,18,Computer,1,9,Credit Card,Male,3,4,Fashion,3,Single,7,1,19,3,3,3,227.09,3,3,72,4
55224,0,3,Mobile Phone,3,26,Debit Card,Male,4,5,Laptop & Accessory,3,Married,3,0,15,2,2,3,211.2,3,2,9,0
55225,0,4,Phone,2,8,Debit Card,Male,3,4,Mobile Phone,3,Married,2,0,22,1,2,4,145.64,4,2,12,0
55226,0,29,Mobile Phone,1,11,Debit Card,Male,2,4,Laptop & Accessory,3,Married,2,1,17,2,2,3,165.35,3,2,87,4
55227,0,7,Mobile Phone,1,11,Credit Card,Female,3,5,Mobile Phone,4,Married,10,0,12,2,2,3,163.38,3,2,21,0
55228,0,21,Mobile Phone,3,21,Credit Card,Female,4,4,Laptop & Accessory,3,Married,5,1,18,2,2,3,170.91,3,2,63,4
55229,1,1,Computer,1,9,Credit Card,Male,3,5,Mobile Phone,5,Single,9,0,12,2,2,1,150.61,1,2,3,0
55230,0,2,Phone,1,8,Debit Card,Male,4,5,Mobile Phone,3,Married,3,0,15,1,2,1,140.63,1,2,6,0
55231,0,2,Computer,3,14,Debit Card,Male,3,4,Laptop & Accessory,5,Single,2,0,15,2,2,4,173.98,4,2,6,0
55232,0,23,Mobile Phone,1,10,Credit Card,Female,3,5,Laptop & Accessory,5,Married,6,0,26,1,2,3,172.89,3,2,69,0
55233,0,3,Computer,1,9,Debit Card,Female,4,4,Mobile Phone,4,Married,2,0,14,2,2,3,156.8,3,2,9,0
55234,0,2,Mobile Phone,1,36,Debit Card,Male,4,6,Laptop & Accessory,4,Married,3,0,15,1,2,8,190.49,8,2,6,0
55235,0,7,Mobile Phone,1,15,Debit Card,Male,4,4,Laptop & Accessory,3,Single,4,1,18,2,2,1,188.88,1,2,21,2
55236,0,6,Mobile Phone,1,17,Credit Card,Male,4,4,Fashion,1,Single,4,0,26,1,2,1,237.44,1,2,18,0
55237,0,28,Computer,1,18,Credit Card,Female,3,4,Grocery,1,Married,5,0,21,1,2,13,285.32,13,2,84,0
55238,1,1,Phone,1,8,COD,Male,4,5,Mobile Phone,5,Single,8,0,14,2,2,8,148.62,8,2,3,0
55239,0,18,Mobile Phone,1,35,Debit Card,Male,3,4,Grocery,5,Married,5,0,14,1,15,18,288.28,18,15,288,0
55240,0,13,Mobile Phone,1,13,Debit Card,Female,3,4,Fashion,4,Single,6,0,19,3,3,3,208.76,3,3,52,0
55241,0,20,Mobile Phone,3,10,Debit Card,Female,3,4,Grocery,4,Married,10,0,13,1,6,2,291.06,2,6,140,0
55242,0,9,Mobile Phone,1,23,Debit Card,Female,4,5,Fashion,4,Single,3,0,20,4,4,3,211.06,3,4,45,0
55243,0,1,Phone,1,27,Debit Card,Male,4,4,Laptop & Accessory,3,Single,2,0,15,2,2,3,147.72,3,2,3,0
55244,1,4,Phone,1,16,Debit Card,Male,3,4,Mobile Phone,5,Single,5,0,15,2,2,1,145.18,1,2,12,0
55245,0,8,Mobile Phone,3,8,Cash on Delivery,Male,4,5,Fashion,3,Married,3,1,15,8,9,7,195.83,7,9,80,8
55246,1,1,Computer,1,10,Debit Card,Female,3,4,Mobile Phone,3,Single,3,0,13,3,8,8,165.84,8,8,9,0
55247,0,24,Computer,1,29,Credit Card,Male,3,6,Grocery,1,Single,3,1,14,1,14,10,269.11,10,14,360,11
55248,0,8,Phone,3,14,COD,Male,3,4,Mobile Phone,3,Married,2,1,26,4,6,8,148.08,8,6,56,9
55249,0,16,Mobile Phone,1,9,Credit Card,Male,4,5,Mobile Phone,4,Married,6,0,15,1,2,1,173.41,1,2,48,0
55250,0,11,Mobile Phone,1,20,Credit Card,Male,3,4,Laptop & Accessory,1,Married,3,0,18,3,4,8,167.85,8,4,55,0
55251,0,3,Mobile Phone,1,15,UPI,Female,3,6,Laptop & Accessory,5,Married,5,0,14,2,2,3,222.15,3,2,9,0
55252,0,7,Mobile Phone,1,32,Debit Card,Male,3,5,Laptop & Accessory,4,Single,3,0,14,2,2,3,168.2,3,2,21,0
55253,0,19,Phone,1,35,COD,Male,4,4,Mobile Phone,1,Married,6,0,21,2,2,4,146.32,4,2,57,0
55254,0,16,Computer,1,9,Debit Card,Male,3,4,Fashion,1,Married,4,1,15,5,14,3,226.24,3,14,240,4
55255,0,14,Mobile Phone,3,16,Credit Card,Male,3,4,Laptop & Accessory,5,Married,2,0,13,8,8,2,179.73,2,8,126,0
55256,0,7,Mobile Phone,1,35,Debit Card,Male,4,4,Laptop & Accessory,3,Married,3,1,13,5,6,8,177.07,8,6,49,9
55257,0,14,Mobile Phone,2,13,Credit Card,Male,3,4,Grocery,1,Single,3,1,22,1,8,8,289.37,8,8,126,9
55258,0,1,Phone,1,28,COD,Male,3,5,Mobile Phone,5,Married,2,0,15,1,2,1,147.96,1,2,3,0
55259,0,14,Computer,1,15,Debit Card,Male,4,4,Laptop & Accessory,1,Married,5,1,19,2,3,3,165.69,3,3,56,4
55260,0,19,Mobile Phone,1,8,Cash on Delivery,Male,4,4,Fashion,4,Married,3,0,13,4,8,8,199.41,8,8,171,0
55261,0,9,Phone,3,35,Debit Card,Female,4,5,Mobile Phone,3,Married,2,0,24,3,5,3,149.3,3,5,54,0
55262,0,6,Mobile Phone,1,12,Debit Card,Female,4,5,Laptop & Accessory,4,Married,5,0,13,2,3,6,183.78,6,3,24,0
55263,0,10,Mobile Phone,3,9,Debit Card,Male,4,4,Mobile Phone,1,Single,5,1,22,2,2,3,151.44,3,2,30,4
55264,0,22,Mobile Phone,3,23,Debit Card,Female,4,4,Laptop & Accessory,3,Married,10,0,15,8,8,8,189.39,8,8,198,0
55265,0,3,Mobile Phone,1,16,Debit Card,Male,4,2,Mobile Phone,3,Married,8,0,19,1,2,1,149.51,1,2,9,0
55266,0,7,Mobile Phone,3,15,Debit Card,Male,3,4,Laptop & Accessory,5,Married,4,0,14,3,3,3,188.92,3,3,28,0
55267,1,1,Mobile Phone,3,8,Debit Card,Male,4,5,Laptop & Accessory,5,Married,3,0,12,2,7,3,222.14,3,7,8,0
55268,0,12,Computer,2,17,UPI,Male,4,4,Laptop & Accessory,3,Married,5,0,12,1,2,3,185.77,3,2,36,0
55269,0,9,Phone,1,8,Credit Card,Male,4,5,Mobile Phone,5,Single,3,0,20,2,2,3,149.5,3,2,27,0
55270,0,8,Mobile Phone,3,36,Cash on Delivery,Male,3,4,Fashion,4,Married,5,0,13,2,2,3,217.5,3,2,24,0
55271,1,1,Phone,1,9,Debit Card,Female,4,4,Mobile Phone,5,Married,3,1,13,2,2,1,145.74,1,2,3,2
55272,1,17,Mobile Phone,1,9,Cash on Delivery,Female,4,5,Fashion,1,Married,2,0,17,1,2,3,226.69,3,2,51,0
55273,1,2,Mobile Phone,1,9,Credit Card,Male,3,4,Laptop & Accessory,4,Married,6,0,12,2,2,5,173.55,5,2,6,0
55274,0,6,Computer,1,8,COD,Male,4,4,Laptop & Accessory,5,Married,6,0,15,1,2,3,165.87,3,2,18,0
55275,0,22,Phone,1,22,UPI,Female,4,4,Mobile Phone,5,Married,10,0,13,7,8,7,148.67,7,8,198,0
55276,0,8,Mobile Phone,1,14,Credit Card,Male,3,4,Mobile Phone,1,Single,3,0,14,1,2,1,154.72,1,2,24,0
55277,0,29,Mobile Phone,3,33,E wallet,Male,3,5,Others,1,Married,3,0,15,1,3,14,320.86,14,3,116,0
55278,0,8,Mobile Phone,1,8,Debit Card,Male,3,4,Laptop & Accessory,1,Married,11,0,18,1,3,2,179.84,2,3,32,0
55279,0,1,Phone,1,10,Debit Card,Female,3,4,Mobile Phone,1,Married,3,0,22,2,2,1,145.61,1,2,3,0
55280,0,12,Mobile Phone,3,21,Debit Card,Male,4,4,Laptop & Accessory,4,Married,2,0,12,4,8,3,224.24,3,8,108,0
55281,0,12,Mobile Phone,3,23,Debit Card,Female,3,4,Laptop & Accessory,4,Single,4,0,13,2,2,3,166.98,3,2,36,0
55282,0,10,Mobile Phone,3,8,Debit Card,Female,4,4,Laptop & Accessory,3,Single,8,0,14,2,2,1,193.15,1,2,30,0
55283,0,3,Mobile Phone,1,10,Credit Card,Male,3,4,Mobile Phone,5,Single,3,1,19,1,2,6,172.23,6,2,9,7
55284,0,9,Mobile Phone,1,17,Credit Card,Female,3,4,Laptop & Accessory,3,Single,5,1,17,1,2,5,186.42,5,2,27,6
55285,0,13,Mobile Phone,3,13,Credit Card,Male,3,2,Fashion,3,Married,4,0,12,4,8,7,207.37,7,8,117,0
55286,0,3,Computer,1,9,Debit Card,Male,3,4,Laptop & Accessory,1,Married,3,0,20,2,2,3,213.53,3,2,9,0
55287,0,24,Mobile Phone,3,16,E wallet,Male,3,4,Others,3,Married,6,1,15,1,2,1,318.31,1,2,72,2
55288,0,1,Phone,1,17,COD,Male,3,2,Mobile Phone,3,Married,4,0,17,1,3,3,145.73,3,3,4,0
55289,0,10,Computer,1,13,Debit Card,Male,4,2,Laptop & Accessory,5,Married,5,1,14,1,2,3,180.62,3,2,30,4
55290,0,16,Mobile Phone,1,16,UPI,Male,4,5,Others,1,Single,10,0,15,2,2,2,321.13,2,2,48,0
55291,0,9,Mobile Phone,1,35,Debit Card,Male,3,2,Laptop & Accessory,3,Married,3,0,18,7,7,9,159.07,9,7,72,0
55292,0,8,Computer,1,17,COD,Male,4,5,Laptop & Accessory,3,Married,3,0,15,2,8,8,175.63,8,8,72,0
55293,0,14,Mobile Phone,3,21,Debit Card,Female,3,4,Laptop & Accessory,5,Married,3,0,16,1,2,3,171.39,3,2,42,0
55294,0,17,Mobile Phone,1,34,COD,Male,3,2,Mobile Phone,4,Married,7,0,13,2,2,3,173.76,3,2,51,0
55295,0,9,Mobile Phone,1,14,Debit Card,Male,4,5,Mobile Phone,1,Married,3,0,19,2,2,2,151.9,2,2,27,0
55296,0,20,Mobile Phone,3,8,Debit Card,Male,3,2,Grocery,5,Single,3,0,15,1,2,13,300.67,13,2,60,0
55297,1,1,Phone,1,31,Credit Card,Male,3,4,Mobile Phone,4,Married,3,1,18,1,2,1,149.08,1,2,3,2
55298,0,1,Computer,1,33,UPI,Female,3,5,Mobile Phone,3,Married,3,1,15,2,2,4,153.14,4,2,3,5
55299,0,24,Computer,1,27,Credit Card,Male,3,4,Grocery,3,Married,4,1,16,1,2,14,237.45,14,2,72,15
55300,0,6,Mobile Phone,1,12,UPI,Female,3,2,Mobile Phone,1,Married,5,0,18,2,2,3,158.12,3,2,18,0
55301,0,18,Mobile Phone,1,14,Credit Card,Female,3,4,Others,1,Married,2,1,15,1,2,11,315.49,11,2,54,12
55302,0,4,Phone,1,14,Credit Card,Male,3,5,Mobile Phone,4,Married,3,0,13,2,2,2,146.41,2,2,12,0
55303,0,19,Mobile Phone,1,12,Credit Card,Female,3,6,Laptop & Accessory,5,Single,3,1,15,1,2,5,182.69,5,2,57,6
55304,0,19,Computer,3,33,E wallet,Male,3,5,Laptop & Accessory,5,Married,3,0,16,4,5,6,168.85,6,5,114,0
55305,0,5,Computer,3,9,UPI,Male,3,4,Laptop & Accessory,5,Single,9,0,14,2,2,4,178.32,4,2,15,0
55306,0,10,Mobile Phone,1,19,Debit Card,Female,4,4,Laptop & Accessory,3,Married,11,1,13,1,2,2,171.63,2,2,30,3
55307,0,8,Computer,1,17,Debit Card,Male,3,2,Laptop & Accessory,1,Married,3,0,14,4,8,3,172.24,3,8,72,0
55308,0,23,Mobile Phone,1,32,Debit Card,Female,3,4,Mobile Phone,5,Married,3,0,15,2,2,5,157.11,5,2,69,0
55309,0,13,Mobile Phone,1,17,Credit Card,Male,4,4,Laptop & Accessory,5,Married,4,0,14,4,8,8,178.77,8,8,117,0
55310,0,1,Mobile Phone,1,26,UPI,Male,4,5,Mobile Phone,5,Married,3,0,12,1,2,8,165.66,8,2,3,0
55311,0,9,Mobile Phone,1,25,Debit Card,Male,3,2,Laptop & Accessory,5,Married,3,0,12,2,2,11,177.08,11,2,27,0
55312,0,2,Mobile Phone,1,34,Credit Card,Female,3,6,Laptop & Accessory,5,Married,2,0,22,2,2,1,173.77,1,2,6,0
55313,0,1,Mobile Phone,1,12,Credit Card,Male,4,4,Mobile Phone,1,Single,3,0,19,1,3,3,156.17,3,3,4,0
55314,1,1,Computer,3,10,Credit Card,Female,4,4,Mobile Phone,1,Single,3,1,13,2,2,1,140.69,1,2,3,2
55315,0,21,Mobile Phone,2,33,Debit Card,Female,4,4,Others,3,Married,5,0,15,2,2,1,321.58,1,2,63,0
55316,0,13,Mobile Phone,1,10,Credit Card,Male,4,5,Laptop & Accessory,3,Married,2,0,16,1,2,8,155.69,8,2,39,0
55317,0,14,Mobile Phone,1,22,Debit Card,Female,4,5,Fashion,3,Married,3,0,14,7,15,3,229.35,3,15,224,0
55318,0,9,Computer,1,15,Debit Card,Female,3,4,Laptop & Accessory,3,Married,3,0,13,1,3,10,166.48,10,3,36,0
55319,0,11,Mobile Phone,1,26,Debit Card,Male,3,4,Laptop & Accessory,3,Married,5,0,18,1,2,3,182.68,3,2,33,0
55320,0,13,Computer,1,11,Credit Card,Female,3,4,Laptop & Accessory,3,Single,2,0,14,4,4,9,175.42,9,4,65,0
55321,0,19,Mobile Phone,1,9,UPI,Female,3,5,Laptop & Accessory,1,Married,3,0,20,4,4,10,182.7,10,4,95,0
55322,0,12,Mobile Phone,1,9,Credit Card,Female,3,5,Fashion,3,Married,5,1,20,1,2,3,202.56,3,2,36,4
55323,1,1,Mobile Phone,3,17,Credit Card,Male,3,5,Fashion,5,Married,11,0,18,1,7,3,228.06,3,7,8,0
55324,0,11,Mobile Phone,1,17,Credit Card,Female,4,4,Mobile Phone,4,Married,3,0,12,5,8,8,164.36,8,8,99,0
55325,0,14,Mobile Phone,1,23,Debit Card,Female,3,4,Fashion,1,Single,8,1,16,4,4,4,204.45,4,4,70,5
55326,0,18,Computer,2,8,UPI,Male,3,4,Laptop & Accessory,1,Married,6,1,12,2,2,3,182.43,3,2,54,4
55327,0,22,Computer,1,11,Credit Card,Male,3,5,Grocery,1,Married,4,0,26,1,3,3,277.02,3,3,88,0
55328,1,1,Mobile Phone,3,22,Credit Card,Male,3,6,Laptop & Accessory,1,Married,8,1,15,1,3,3,179.4,3,3,4,4
55329,0,1,Computer,1,9,COD,Female,3,4,Mobile Phone,1,Single,3,1,14,1,2,4,162.6,4,2,3,5
55330,0,1,Mobile Phone,1,15,Credit Card,Female,3,2,Mobile Phone,3,Married,9,0,18,1,2,3,160.17,3,2,3,0
55331,0,1,Computer,1,9,Credit Card,Male,3,4,Mobile Phone,1,Single,4,0,14,1,2,3,150.8,3,2,3,0
55332,1,4,Phone,1,14,Debit Card,Male,4,4,Mobile Phone,5,Single,5,1,15,1,2,4,146.66,4,2,12,5
55333,0,3,Mobile Phone,3,17,Credit Card,Male,3,5,Laptop & Accessory,3,Single,11,0,12,2,2,5,183.69,5,2,9,0
55334,0,10,Mobile Phone,1,12,Debit Card,Female,3,4,Fashion,5,Married,6,0,13,2,2,3,205.08,3,2,30,0
55335,0,1,Computer,1,9,Debit Card,Male,4,2,Laptop & Accessory,3,Married,3,0,18,2,2,8,177.06,8,2,3,0
55336,0,13,Mobile Phone,1,19,Credit Card,Male,4,4,Laptop & Accessory,4,Married,6,0,22,2,2,1,177.95,1,2,39,0
55337,0,23,Mobile Phone,1,29,UPI,Female,4,4,Grocery,4,Married,5,0,17,1,2,3,289.13,3,2,69,0
55338,0,24,Mobile Phone,1,24,Debit Card,Female,3,5,Fashion,5,Married,7,0,16,1,2,12,257.69,12,2,72,0
55339,0,1,Mobile Phone,3,9,Credit Card,Female,3,4,Mobile Phone,3,Single,3,0,20,1,3,3,152.83,3,3,4,0
55340,0,8,Mobile Phone,1,10,Debit Card,Female,4,4,Laptop & Accessory,4,Married,3,0,13,2,8,10,179.33,10,8,72,0
55341,0,10,Phone,1,14,Debit Card,Male,4,4,Mobile Phone,4,Single,4,0,12,1,2,4,145.13,4,2,30,0
55342,0,23,Mobile Phone,1,13,Debit Card,Female,3,5,Grocery,3,Married,4,1,20,1,3,13,264.66,13,3,92,14
55343,0,10,Computer,1,8,Credit Card,Female,3,5,Laptop & Accessory,3,Married,2,0,16,1,2,3,168.74,3,2,30,0
55344,0,10,Mobile Phone,1,10,Debit Card,Male,4,2,Laptop & Accessory,5,Married,8,0,21,1,2,5,193.42,5,2,30,0
55345,0,28,Mobile Phone,1,29,Credit Card,Female,4,4,Grocery,3,Married,5,0,15,4,5,8,299.26,8,5,168,0
55346,0,17,Mobile Phone,1,22,Debit Card,Male,4,5,Grocery,3,Married,3,0,15,3,7,12,301.03,12,7,136,0
55347,1,1,Computer,3,19,UPI,Male,3,4,Laptop & Accessory,1,Single,5,1,25,6,7,8,170.81,8,7,8,9
55348,0,12,Computer,1,8,Debit Card,Male,3,4,Laptop & Accessory,1,Married,9,0,16,2,3,10,172.35,10,3,48,0
55349,0,3,Mobile Phone,3,12,Credit Card,Male,3,5,Laptop & Accessory,4,Married,3,1,14,1,2,10,166.87,10,2,9,11
55350,0,7,Mobile Phone,3,9,Credit Card,Male,4,4,Laptop & Accessory,1,Married,3,0,15,2,2,5,180.05,5,2,21,0
55351,0,6,Mobile Phone,1,9,Credit Card,Male,3,4,Laptop & Accessory,4,Married,2,0,14,2,2,7,179.7,7,2,18,0
55352,0,5,Mobile Phone,3,12,Debit Card,Female,4,4,Laptop & Accessory,1,Married,3,0,12,1,2,3,179.76,3,2,15,0
55353,0,23,Mobile Phone,1,23,Credit Card,Female,4,4,Mobile Phone,5,Married,6,1,17,1,3,3,150.87,3,3,92,4
55354,0,12,Computer,1,9,Credit Card,Female,3,5,Mobile Phone,4,Single,3,0,23,1,4,4,149.4,4,4,60,0
55355,0,21,Mobile Phone,3,9,Debit Card,Female,3,2,Grocery,4,Married,8,0,15,1,2,3,284.72,3,2,63,0
55356,0,23,Mobile Phone,1,8,Debit Card,Male,3,4,Grocery,3,Single,6,0,15,1,2,1,278.79,1,2,69,0
55357,0,15,Mobile Phone,3,30,Debit Card,Male,4,4,Fashion,3,Single,5,1,17,1,2,3,195.82,3,2,45,4
55358,0,1,Mobile Phone,3,16,Debit Card,Male,3,4,Mobile Phone,5,Single,3,0,12,1,2,3,152.28,3,2,3,0
55359,0,7,Computer,3,23,Debit Card,Female,3,4,Laptop & Accessory,1,Married,3,1,26,1,2,3,178.68,3,2,21,4
55360,0,10,Mobile Phone,1,33,Debit Card,Male,4,4,Laptop & Accessory,3,Married,8,0,15,2,2,3,178.47,3,2,30,0
55361,0,18,Mobile Phone,2,8,Debit Card,Female,3,4,Mobile Phone,1,Married,6,1,19,3,3,3,156.95,3,3,72,4
55362,1,1,Mobile Phone,1,15,Credit Card,Male,4,5,Mobile Phone,3,Single,3,1,12,2,2,3,164.89,3,2,3,4
55363,0,12,Mobile Phone,1,11,Credit Card,Female,3,4,Mobile Phone,3,Married,9,0,20,1,2,1,158.06,1,2,36,0
55364,0,27,Mobile Phone,1,31,Credit Card,Male,3,2,Fashion,1,Married,5,0,16,1,2,3,195.05,3,2,81,0
55365,1,12,Computer,3,14,Credit Card,Female,4,4,Mobile Phone,3,Married,4,1,12,2,8,8,151.55,8,8,108,9
55366,1,1,Phone,1,9,Debit Card,Male,4,4,Mobile Phone,4,Single,3,0,13,1,2,1,138.93,1,2,3,0
55367,0,1,Computer,1,14,Credit Card,Male,4,4,Mobile Phone,1,Single,3,0,21,1,6,8,150.7,8,6,7,0
55368,0,29,Mobile Phone,1,29,COD,Male,4,5,Mobile Phone,4,Married,7,0,13,2,2,3,160.37,3,2,87,0
55369,0,8,Mobile Phone,1,12,Credit Card,Male,3,5,Laptop & Accessory,1,Married,3,0,15,1,5,14,164.86,14,5,48,0
55370,0,31,Mobile Phone,1,8,Credit Card,Male,4,6,Fashion,1,Married,5,0,21,2,2,1,233.83,1,2,93,0
55371,0,7,Phone,1,28,Credit Card,Male,4,2,Mobile Phone,4,Married,3,0,19,1,3,14,145.28,14,3,28,0
55372,0,11,Computer,3,8,Credit Card,Male,3,6,Laptop & Accessory,1,Married,3,0,15,2,2,3,220.25,3,2,33,0
55373,0,8,Mobile Phone,1,26,Debit Card,Female,3,5,Mobile Phone,1,Married,3,0,13,2,9,8,154.29,8,9,80,0
55374,1,1,Phone,3,14,Debit Card,Male,4,4,Mobile Phone,1,Married,3,1,22,2,2,3,147.75,3,2,3,4
55375,0,18,Mobile Phone,1,9,Debit Card,Female,4,2,Fashion,1,Married,3,1,20,2,7,8,203.79,8,7,144,9
55376,0,9,Computer,1,9,Credit Card,Male,4,5,Mobile Phone,1,Single,2,1,15,2,2,5,174.3,5,2,27,6
55377,0,17,Mobile Phone,3,9,Credit Card,Male,4,4,Laptop & Accessory,1,Married,3,1,18,4,9,9,203.47,9,9,170,10
55378,0,1,Mobile Phone,1,16,Credit Card,Male,4,2,Mobile Phone,3,Married,3,0,17,1,2,5,169.01,5,2,3,0
55379,0,15,Mobile Phone,3,13,E wallet,Male,3,4,Fashion,3,Single,3,0,13,4,9,3,217.41,3,9,150,0
55380,0,3,Mobile Phone,1,16,Credit Card,Female,3,4,Mobile Phone,3,Married,11,0,18,1,2,3,154.74,3,2,9,0
55381,0,10,Mobile Phone,3,9,Debit Card,Female,3,4,Laptop & Accessory,1,Single,5,0,16,7,7,8,170.02,8,7,80,0
55382,0,19,Computer,1,8,Debit Card,Male,4,5,Fashion,3,Married,5,0,24,5,2,5,232.48,5,2,57,0
55383,1,1,Phone,2,29,UPI,Male,3,6,Mobile Phone,3,Married,3,0,12,1,2,1,140.55,1,2,3,0
55384,1,11,Computer,3,16,Debit Card,Male,3,6,Grocery,3,Married,9,0,12,7,2,11,254.36,11,2,33,0
55385,0,1,Phone,1,24,Credit Card,Male,4,6,Mobile Phone,3,Married,3,0,16,2,2,3,148.05,3,2,3,0
55386,0,19,Mobile Phone,1,35,Cash on Delivery,Female,3,5,Grocery,4,Single,3,0,15,7,9,7,292.04,7,9,190,0
55387,0,6,Computer,1,17,Debit Card,Male,3,4,Mobile Phone,3,Married,8,0,14,1,2,4,159.33,4,2,18,0
55388,0,5,Mobile Phone,1,9,Debit Card,Male,4,4,Mobile Phone,3,Married,3,0,15,2,2,4,159.77,4,2,15,0
55389,0,15,Computer,2,11,UPI,Male,3,6,Laptop & Accessory,4,Married,8,0,20,1,2,3,189.3,3,2,45,0
55390,0,14,Mobile Phone,1,15,Debit Card,Female,4,4,Laptop & Accessory,5,Married,4,1,17,2,2,1,190.16,1,2,42,2
55391,0,1,Mobile Phone,1,36,Credit Card,Male,4,4,Mobile Phone,5,Married,3,0,14,2,2,3,164.07,3,2,3,0
55392,0,20,Mobile Phone,1,20,Debit Card,Male,3,4,Laptop & Accessory,4,Single,8,0,15,2,2,10,180.62,10,2,60,0
55393,0,9,Mobile Phone,1,34,Debit Card,Male,3,4,Laptop & Accessory,3,Married,4,0,17,2,2,8,193.83,8,2,27,0
55394,0,4,Mobile Phone,1,23,Debit Card,Male,3,4,Mobile Phone,1,Married,3,0,13,1,2,9,153.62,9,2,12,0
55395,0,21,Computer,3,9,E wallet,Male,3,4,Laptop & Accessory,4,Married,9,0,12,1,2,1,174.78,1,2,63,0
55396,0,20,Mobile Phone,3,9,Debit Card,Male,4,4,Fashion,1,Married,6,1,13,1,2,3,228.68,3,2,60,4
55397,1,1,Mobile Phone,3,20,E wallet,Male,4,5,Laptop & Accessory,5,Married,7,1,14,2,3,3,186.34,3,3,4,4
55398,1,1,Mobile Phone,3,8,Debit Card,Male,3,6,Laptop & Accessory,4,Single,8,0,16,1,2,1,192.35,1,2,3,0
55399,0,1,Mobile Phone,1,11,Credit Card,Female,3,4,Mobile Phone,4,Single,3,0,14,1,2,3,157.95,3,2,3,0
55400,0,5,Computer,1,31,COD,Female,2,4,Laptop & Accessory,1,Single,4,0,21,1,2,5,177.38,5,2,15,0
55401,0,13,Computer,1,8,Debit Card,Male,4,4,Laptop & Accessory,1,Married,3,1,16,1,6,9,189.72,9,6,91,10
55402,0,6,Mobile Phone,3,26,Debit Card,Male,4,6,Fashion,3,Married,5,0,14,1,2,3,221.1,3,2,18,0
55403,0,14,Mobile Phone,3,14,Credit Card,Male,3,4,Others,4,Single,3,0,15,13,13,9,323.33,9,13,196,0
55404,0,19,Mobile Phone,2,11,Debit Card,Female,3,6,Fashion,3,Married,6,0,22,2,2,3,222.56,3,2,57,0
55405,0,4,Computer,1,9,COD,Female,4,5,Mobile Phone,5,Single,2,0,17,1,2,8,174.68,8,2,12,0
55406,0,1,Computer,2,17,Credit Card,Male,3,4,Mobile Phone,1,Married,2,0,15,1,3,2,146.45,2,3,4,0
55407,1,1,Computer,2,15,UPI,Female,4,5,Mobile Phone,1,Married,8,0,12,2,2,3,146.8,3,2,3,0
55408,0,5,Mobile Phone,3,12,Cash on Delivery,Male,3,4,Laptop & Accessory,3,Married,3,0,20,2,2,3,208.46,3,2,15,0
55409,0,1,Mobile Phone,1,15,Credit Card,Female,4,4,Mobile Phone,1,Single,3,0,12,1,2,5,159.45,5,2,3,0
55410,1,1,Mobile Phone,3,16,E wallet,Female,3,6,Mobile Phone,4,Single,3,0,14,3,3,3,152.6,3,3,4,0
55411,0,3,Computer,1,8,Debit Card,Male,4,2,Laptop & Accessory,3,Single,10,1,13,2,2,3,187.94,3,2,9,4
55412,0,4,Mobile Phone,3,22,E wallet,Male,4,5,Fashion,5,Married,4,0,12,2,2,8,196.4,8,2,12,0
55413,0,8,Mobile Phone,1,9,Credit Card,Male,4,2,Mobile Phone,1,Married,2,1,15,2,2,3,154.32,3,2,24,4
55414,0,7,Computer,3,9,E wallet,Female,4,4,Laptop & Accessory,4,Single,10,0,16,2,2,8,176.47,8,2,21,0
55415,0,23,Mobile Phone,3,18,E wallet,Female,4,4,Laptop & Accessory,1,Single,5,0,13,1,2,5,170.07,5,2,69,0
55416,1,1,Mobile Phone,3,23,Debit Card,Female,4,4,Fashion,5,Single,4,1,21,2,2,3,210.64,3,2,3,4
55417,0,12,Computer,1,9,Credit Card,Female,4,5,Mobile Phone,4,Married,6,0,15,1,2,6,149.68,6,2,36,0
55418,1,1,Mobile Phone,3,23,E wallet,Male,4,4,Fashion,3,Married,4,0,14,1,2,1,206.61,1,2,3,0
55419,0,3,Phone,1,11,COD,Female,4,5,Mobile Phone,5,Married,3,0,14,1,2,1,146.09,1,2,9,0
55420,0,4,Mobile Phone,1,23,Debit Card,Male,3,2,Laptop & Accessory,3,Married,5,0,17,2,2,8,177.94,8,2,12,0
55421,0,6,Computer,1,12,COD,Male,4,4,Mobile Phone,4,Single,4,0,15,2,2,8,152.18,8,2,18,0
55422,0,12,Mobile Phone,1,25,Credit Card,Male,3,6,Laptop & Accessory,1,Married,5,1,17,1,2,1,183.11,1,2,36,2
55423,1,7,Computer,1,24,COD,Male,3,5,Mobile Phone,3,Married,11,1,17,2,2,1,149.37,1,2,21,2
55424,0,16,Mobile Phone,1,19,Credit Card,Male,3,4,Mobile Phone,4,Married,10,0,23,2,2,5,152.66,5,2,48,0
55425,0,29,Mobile Phone,1,9,Credit Card,Male,3,5,Others,5,Married,10,0,15,2,2,1,315.38,1,2,87,0
55426,0,7,Computer,1,11,COD,Male,3,4,Laptop & Accessory,4,Married,7,0,16,1,2,8,155.55,8,2,21,0
55427,0,15,Phone,1,16,Debit Card,Male,4,4,Mobile Phone,5,Married,3,0,21,1,2,5,147.89,5,2,45,0
55428,0,8,Computer,3,17,Debit Card,Male,3,4,Laptop & Accessory,3,Married,3,1,15,2,2,8,165.01,8,2,24,9
55429,0,27,Computer,1,8,Credit Card,Female,3,5,Grocery,3,Married,6,1,21,2,2,3,254.65,3,2,81,4
55430,0,17,Mobile Phone,2,9,Debit Card,Male,4,4,Mobile Phone,1,Single,2,0,14,2,2,9,160.39,9,2,51,0
55431,0,8,Mobile Phone,3,10,Debit Card,Female,3,6,Laptop & Accessory,1,Single,7,0,13,3,3,3,185.29,3,3,32,0
55432,1,1,Mobile Phone,3,14,E wallet,Male,3,4,Mobile Phone,4,Single,3,0,14,1,2,1,151.79,1,2,3,0
55433,0,12,Mobile Phone,1,13,UPI,Female,3,5,Mobile Phone,3,Married,3,0,12,2,2,5,162.02,5,2,36,0
55434,1,1,Phone,1,15,Credit Card,Female,4,4,Mobile Phone,5,Married,3,1,18,1,2,1,148.98,1,2,3,2
55435,0,5,Mobile Phone,3,36,E wallet,Female,4,5,Laptop & Accessory,1,Married,3,0,15,1,6,8,179.68,8,6,35,0
55436,0,25,Mobile Phone,1,10,Cash on Delivery,Female,3,4,Fashion,3,Married,4,0,12,3,2,3,256.16,3,2,75,0
55437,0,11,Mobile Phone,3,16,E wallet,Male,3,5,Laptop & Accessory,4,Married,3,0,15,2,2,4,166.89,4,2,33,0
55438,0,20,Mobile Phone,1,9,Credit Card,Male,3,4,Others,1,Married,9,1,15,3,3,3,318.28,3,3,80,4
55439,0,10,Mobile Phone,1,17,Debit Card,Male,3,4,Fashion,5,Married,9,1,14,3,6,8,208.21,8,6,70,9
55440,1,8,Computer,1,8,Credit Card,Male,4,4,Mobile Phone,4,Married,3,1,13,3,3,4,148.42,4,3,32,5
55441,0,11,Mobile Phone,2,15,UPI,Male,3,4,Laptop & Accessory,4,Married,4,0,14,4,5,8,165.71,8,5,66,0
55442,1,1,Mobile Phone,3,34,Debit Card,Male,3,4,Laptop & Accessory,1,Single,3,1,19,4,8,8,183.13,8,8,9,9
55443,0,7,Mobile Phone,1,15,Debit Card,Male,3,2,Mobile Phone,5,Married,8,0,20,4,8,7,156.43,7,8,63,0
55444,0,2,Phone,1,8,Debit Card,Male,3,4,Mobile Phone,1,Married,3,0,12,1,2,4,145.44,4,2,6,0
55445,0,13,Mobile Phone,1,17,Credit Card,Male,4,4,Fashion,3,Single,9,0,22,3,2,3,259.64,3,2,39,0
55446,0,20,Computer,3,33,Debit Card,Male,4,5,Laptop & Accessory,4,Single,10,0,16,2,3,3,204.91,3,3,80,0
55447,0,14,Mobile Phone,1,9,Debit Card,Female,4,4,Mobile Phone,5,Married,6,0,18,2,2,3,158.77,3,2,42,0
55448,0,16,Mobile Phone,1,20,Credit Card,Male,4,2,Laptop & Accessory,5,Married,7,0,19,2,2,1,180.38,1,2,48,0
55449,0,9,Computer,1,9,Credit Card,Male,3,4,Laptop & Accessory,1,Married,4,0,15,2,2,8,182.62,8,2,27,0
55450,0,12,Computer,2,9,UPI,Male,4,4,Mobile Phone,4,Married,7,0,14,3,4,9,150.92,9,4,60,0
55451,1,1,Computer,1,16,Debit Card,Male,4,4,Laptop & Accessory,5,Married,6,0,18,1,2,8,178.46,8,2,3,0
55452,1,1,Mobile Phone,1,17,Credit Card,Male,3,4,Laptop & Accessory,5,Single,3,0,16,1,2,9,167.13,9,2,3,0
55453,0,13,Computer,3,27,Debit Card,Male,3,4,Laptop & Accessory,1,Married,4,0,19,2,3,3,166.27,3,3,52,0
55454,0,17,Computer,1,16,Debit Card,Male,3,4,Mobile Phone,3,Single,6,0,14,2,2,3,149.38,3,2,51,0
55455,0,15,Mobile Phone,1,12,Debit Card,Male,3,2,Laptop & Accessory,4,Single,5,0,13,1,2,3,193.7,3,2,45,0
55456,0,15,Mobile Phone,3,11,E wallet,Female,3,4,Fashion,3,Married,2,1,14,6,14,3,229.47,3,14,225,4
55457,0,4,Mobile Phone,1,17,Credit Card,Female,4,4,Fashion,3,Single,11,0,15,1,2,3,221.67,3,2,12,0
55458,1,1,Phone,2,27,Credit Card,Female,4,4,Mobile Phone,4,Married,2,1,12,1,2,5,146.48,5,2,3,6
55459,1,10,Mobile Phone,1,28,Credit Card,Female,4,4,Laptop & Accessory,4,Married,6,0,23,4,4,3,214.26,3,4,50,0
55460,0,14,Mobile Phone,1,8,Debit Card,Female,3,4,Laptop & Accessory,1,Married,6,0,18,1,2,4,190.13,4,2,42,0
55461,0,8,Mobile Phone,3,15,Cash on Delivery,Male,4,2,Laptop & Accessory,3,Married,3,0,22,3,5,9,192.99,9,5,48,0
55462,0,31,Computer,3,9,Credit Card,Male,3,4,Grocery,4,Married,6,0,23,1,15,15,287.91,15,15,496,0
55463,0,9,Mobile Phone,1,30,Credit Card,Male,4,6,Mobile Phone,3,Married,2,0,17,1,2,4,152.05,4,2,27,0
55464,0,21,Mobile Phone,1,11,Debit Card,Female,4,5,Fashion,4,Married,10,1,13,6,15,3,228.33,3,15,336,4
55465,0,14,Mobile Phone,1,19,Debit Card,Female,3,4,Laptop & Accessory,5,Married,4,0,13,2,8,8,169.48,8,8,126,0
55466,0,28,Mobile Phone,1,14,Credit Card,Female,4,4,Laptop & Accessory,1,Married,6,0,16,2,2,8,193.54,8,2,84,0
55467,0,5,Computer,3,14,E wallet,Female,4,4,Fashion,5,Married,4,0,15,3,3,3,221.37,3,3,20,0
55468,0,2,Mobile Phone,1,8,Credit Card,Female,4,4,Mobile Phone,5,Married,3,0,26,2,2,3,160.91,3,2,6,0
55469,0,12,Mobile Phone,3,9,E wallet,Female,4,6,Laptop & Accessory,1,Married,4,1,21,1,2,4,179.05,4,2,36,5
55470,0,1,Mobile Phone,3,17,Credit Card,Male,3,4,Laptop & Accessory,1,Single,3,0,14,2,2,3,171.84,3,2,3,0
55471,0,31,Computer,1,22,Debit Card,Male,3,4,Grocery,3,Married,4,1,15,1,3,3,282.87,3,3,124,4
55472,0,1,Computer,1,21,Credit Card,Female,3,4,Mobile Phone,3,Single,3,0,17,2,2,1,140.14,1,2,3,0
55473,1,1,Mobile Phone,2,25,UPI,Male,3,2,Mobile Phone,5,Married,2,0,18,2,2,1,154.56,1,2,3,0
55474,1,1,Phone,2,20,UPI,Male,3,5,Mobile Phone,5,Married,6,1,16,3,3,1,148.35,1,3,4,2
55475,0,19,Computer,3,9,Debit Card,Female,4,4,Laptop & Accessory,3,Married,6,0,23,4,6,8,176.54,8,6,133,0
55476,0,10,Mobile Phone,1,9,UPI,Female,4,4,Laptop & Accessory,4,Married,6,1,23,2,2,1,194.62,1,2,30,2
55477,0,17,Computer,3,9,Debit Card,Male,4,4,Laptop & Accessory,1,Married,3,0,21,8,8,8,181.75,8,8,153,0
55478,0,1,Computer,1,12,Debit Card,Female,3,4,Mobile Phone,1,Single,2,1,15,2,2,3,148.79,3,2,3,4
55479,0,3,Computer,1,27,Credit Card,Male,3,4,Mobile Phone,1,Married,3,0,14,2,4,11,163.12,11,4,15,0
55480,0,6,Computer,3,17,E wallet,Male,4,4,Laptop & Accessory,1,Single,10,0,14,1,2,1,171.48,1,2,18,0
55481,0,16,Computer,1,17,COD,Male,3,4,Mobile Phone,3,Married,5,0,23,4,4,4,154.36,4,4,80,0
55482,0,21,Phone,1,16,Debit Card,Female,4,4,Mobile Phone,3,Single,6,0,13,1,3,1,146.05,1,3,84,0
55483,0,20,Mobile Phone,1,9,Debit Card,Male,3,4,Fashion,1,Married,5,0,15,1,5,3,210.78,3,5,120,0
55484,0,2,Computer,2,8,Debit Card,Male,3,4,Mobile Phone,1,Married,3,0,16,2,3,3,152.06,3,3,8,0
55485,0,3,Mobile Phone,1,36,Debit Card,Male,4,6,Laptop & Accessory,3,Married,10,0,18,1,2,7,188.84,7,2,9,0
55486,0,16,Mobile Phone,1,15,Debit Card,Male,3,4,Mobile Phone,3,Single,6,0,14,2,2,1,164.68,1,2,48,0
55487,1,1,Mobile Phone,3,9,E wallet,Male,3,5,Laptop & Accessory,4,Single,9,1,13,2,3,3,224.07,3,3,4,4
55488,0,20,Mobile Phone,3,10,Cash on Delivery,Female,3,2,Grocery,5,Married,4,0,13,3,2,9,257.25,9,2,60,0
55489,0,1,Mobile Phone,3,30,Credit Card,Female,3,5,Laptop & Accessory,3,Married,3,0,22,4,6,9,160.4,9,6,7,0
55490,0,3,Mobile Phone,2,13,Credit Card,Male,3,5,Mobile Phone,4,Married,3,0,12,2,2,1,153.04,1,2,9,0
55491,0,17,Mobile Phone,1,13,Credit Card,Female,3,5,Others,3,Married,9,0,15,7,7,15,318.92,15,7,136,0
55492,0,22,Mobile Phone,1,17,Debit Card,Male,4,5,Others,4,Married,6,0,15,4,13,10,321.65,10,13,308,0
55493,1,1,Computer,1,31,Debit Card,Male,4,5,Mobile Phone,1,Single,3,1,25,2,2,1,149.39,1,2,3,2
55494,1,10,Mobile Phone,3,17,Debit Card,Female,4,4,Fashion,4,Married,7,0,22,2,2,8,198.14,8,2,30,0
55495,0,1,Computer,1,22,Debit Card,Female,4,5,Mobile Phone,5,Married,2,0,20,1,8,4,172.74,4,8,9,0
55496,0,13,Mobile Phone,1,26,UPI,Male,3,4,Laptop & Accessory,1,Married,10,0,15,1,3,3,164.02,3,3,52,0
55497,0,29,Mobile Phone,1,9,COD,Male,4,5,Mobile Phone,1,Married,10,0,21,2,2,5,151.62,5,2,87,0
55498,0,2,Mobile Phone,3,10,Credit Card,Female,4,4,Mobile Phone,4,Married,3,0,20,2,2,1,153.56,1,2,6,0
55499,1,1,Phone,3,16,Credit Card,Male,3,4,Mobile Phone,1,Single,3,0,14,1,2,1,135.81,1,2,3,0
55500,1,1,Mobile Phone,1,14,Debit Card,Male,4,4,Mobile Phone,4,Single,3,1,24,2,2,1,149.72,1,2,3,2
55501,0,10,Mobile Phone,3,17,COD,Female,4,5,Laptop & Accessory,3,Married,3,1,14,1,2,8,181.73,8,2,30,9
55502,0,5,Mobile Phone,1,27,Debit Card,Male,3,4,Laptop & Accessory,3,Married,3,0,12,1,2,3,166.97,3,2,15,0
55503,0,8,Mobile Phone,3,11,Debit Card,Male,4,4,Fashion,1,Married,4,1,14,1,2,3,222.13,3,2,24,4
55504,0,3,Phone,1,14,Debit Card,Male,3,4,Mobile Phone,5,Single,5,0,15,1,2,3,145.62,3,2,9,0
55505,0,11,Mobile Phone,1,14,Credit Card,Male,4,4,Laptop & Accessory,5,Married,7,1,23,1,2,5,167.84,5,2,33,6
55506,0,9,Mobile Phone,1,23,UPI,Female,3,5,Laptop & Accessory,4,Married,2,1,12,1,2,3,172.88,3,2,27,4
55507,0,19,Mobile Phone,1,32,Debit Card,Female,4,5,Laptop & Accessory,1,Married,2,0,14,1,4,9,184.06,9,4,95,0
55508,0,10,Computer,2,9,UPI,Male,4,5,Laptop & Accessory,1,Single,3,0,22,2,2,9,163.86,9,2,30,0
55509,0,14,Mobile Phone,1,8,Debit Card,Male,4,4,Grocery,5,Married,4,0,15,3,12,17,293.23,17,12,182,0
55510,0,1,Mobile Phone,1,8,Debit Card,Female,3,5,Mobile Phone,3,Married,3,1,14,1,2,1,154.33,1,2,3,2
55511,0,1,Mobile Phone,3,9,Credit Card,Female,3,2,Laptop & Accessory,3,Single,2,0,15,1,2,8,190.0,8,2,3,0
55512,0,22,Computer,1,29,Credit Card,Female,3,4,Grocery,1,Married,5,0,15,2,5,8,296.74,8,5,132,0
55513,0,18,Mobile Phone,1,8,Debit Card,Male,4,2,Laptop & Accessory,5,Married,4,0,16,2,3,3,175.33,3,3,72,0
55514,1,1,Computer,1,23,COD,Male,3,6,Mobile Phone,5,Married,3,1,24,1,4,1,148.07,1,4,5,2
55515,1,20,Mobile Phone,1,31,Debit Card,Male,4,4,Mobile Phone,1,Single,3,0,17,1,2,1,150.87,1,2,60,0
55516,0,10,Mobile Phone,3,24,E wallet,Male,3,5,Laptop & Accessory,4,Married,4,0,17,2,2,4,180.07,4,2,30,0
55517,0,15,Mobile Phone,3,15,E wallet,Female,3,4,Laptop & Accessory,4,Married,7,0,22,1,2,5,168.93,5,2,45,0
55518,0,16,Mobile Phone,1,13,Credit Card,Male,3,4,Fashion,5,Married,11,0,14,6,2,8,258.48,8,2,48,0
55519,0,5,Mobile Phone,3,17,Credit Card,Female,3,4,Laptop & Accessory,1,Married,4,1,12,2,2,5,190.83,5,2,15,6
55520,0,8,Mobile Phone,3,10,Credit Card,Female,4,5,Laptop & Accessory,1,Married,5,1,13,1,2,2,206.03,2,2,24,3
55521,0,5,Mobile Phone,1,11,Credit Card,Female,4,2,Mobile Phone,3,Married,10,0,13,2,3,3,164.78,3,3,20,0
55522,0,1,Computer,1,13,UPI,Male,4,2,Mobile Phone,1,Married,2,0,19,3,8,8,150.44,8,8,9,0
55523,0,19,Computer,1,8,Credit Card,Male,3,4,Laptop & Accessory,3,Single,6,0,13,1,2,4,178.99,4,2,57,0
55524,0,7,Mobile Phone,3,17,E wallet,Male,3,4,Laptop & Accessory,3,Single,3,0,15,1,2,10,179.87,10,2,21,0
55525,0,2,Computer,3,8,Debit Card,Male,3,5,Laptop & Accessory,1,Married,3,1,13,2,2,8,193.34,8,2,6,9
55526,1,1,Computer,3,31,COD,Male,3,2,Mobile Phone,5,Single,3,0,18,1,2,1,135.91,1,2,3,0
55527,0,13,Computer,3,28,Debit Card,Female,3,6,Laptop & Accessory,3,Married,8,0,20,1,2,3,182.36,3,2,39,0
55528,0,1,Phone,1,9,COD,Male,3,4,Mobile Phone,4,Married,3,0,12,1,2,3,147.26,3,2,3,0
55529,0,8,Computer,1,29,UPI,Male,3,5,Laptop & Accessory,1,Married,3,1,16,4,7,12,182.47,12,7,64,13
55530,1,1,Mobile Phone,3,20,E wallet,Female,3,4,Laptop & Accessory,3,Single,5,1,12,1,3,3,223.54,3,3,4,4
55531,0,21,Computer,1,21,COD,Male,4,4,Laptop & Accessory,4,Married,10,0,19,1,2,8,179.67,8,2,63,0
55532,0,30,Mobile Phone,3,18,E wallet,Female,3,5,Laptop & Accessory,5,Married,6,0,17,1,2,1,178.8,1,2,90,0
55533,0,13,Mobile Phone,1,16,Credit Card,Male,3,4,Laptop & Accessory,5,Married,3,0,26,1,8,10,176.51,10,8,117,0
55534,0,12,Computer,1,15,Credit Card,Female,3,5,Laptop & Accessory,4,Married,3,1,17,2,2,8,146.33,8,2,36,9
55535,0,61,Mobile Phone,3,28,Debit Card,Female,4,4,Grocery,1,Married,6,1,15,1,2,1,303.75,1,2,183,2
55536,1,1,Computer,1,12,Debit Card,Female,3,2,Mobile Phone,3,Single,5,1,15,1,2,4,149.32,4,2,3,5
55537,0,12,Mobile Phone,1,16,Debit Card,Male,4,4,Mobile Phone,1,Married,4,0,20,1,2,4,172.71,4,2,36,0
55538,0,23,Computer,1,9,Debit Card,Male,3,4,Others,1,Married,5,0,15,5,5,4,316.61,4,5,138,0
55539,0,16,Mobile Phone,3,19,E wallet,Male,4,4,Laptop & Accessory,1,Married,5,1,13,2,2,1,175.87,1,2,48,2
55540,1,1,Computer,2,29,UPI,Female,3,5,Mobile Phone,4,Married,3,0,13,2,2,1,153.63,1,2,3,0
55541,0,9,Mobile Phone,3,25,Credit Card,Male,4,4,Laptop & Accessory,5,Married,2,0,17,2,2,5,180.61,5,2,27,0
55542,0,2,Computer,1,23,Credit Card,Male,3,4,Mobile Phone,3,Single,3,0,15,1,2,5,146.44,5,2,6,0
55543,0,5,Computer,1,10,Credit Card,Male,3,4,Mobile Phone,5,Married,3,1,14,3,3,4,155.65,4,3,20,5
55544,0,10,Computer,1,16,Debit Card,Male,4,2,Mobile Phone,4,Married,3,0,23,2,2,3,153.1,3,2,30,0
55545,0,8,Mobile Phone,3,8,E wallet,Male,3,4,Fashion,1,Single,3,0,22,3,3,3,223.88,3,3,32,0
55546,0,8,Mobile Phone,3,20,Credit Card,Male,3,4,Fashion,3,Married,3,0,19,1,2,3,211.28,3,2,24,0
55547,0,1,Mobile Phone,1,8,Credit Card,Male,4,4,Mobile Phone,5,Single,2,0,14,8,8,7,153.67,7,8,9,0
55548,0,3,Mobile Phone,1,8,Debit Card,Male,3,4,Laptop & Accessory,5,Married,2,0,13,1,2,3,178.73,3,2,9,0
55549,0,6,Computer,1,22,Credit Card,Female,3,4,Laptop & Accessory,1,Married,7,0,19,1,2,3,191.67,3,2,18,0
55550,0,5,Computer,1,8,Debit Card,Male,3,6,Laptop & Accessory,5,Married,3,0,22,7,9,8,175.03,8,9,50,0
55551,1,1,Phone,1,24,COD,Male,3,5,Mobile Phone,1,Married,7,0,13,2,2,4,148.67,4,2,3,0
55552,0,12,Mobile Phone,3,8,Debit Card,Male,3,5,Mobile Phone,5,Single,6,0,15,2,2,1,153.58,1,2,36,0
55553,0,9,Mobile Phone,3,14,Debit Card,Female,3,4,Laptop & Accessory,1,Married,3,1,12,2,2,10,177.04,10,2,27,11
55554,0,1,Mobile Phone,3,16,E wallet,Male,3,4,Laptop & Accessory,1,Single,3,0,15,2,2,8,166.05,8,2,3,0
55555,0,6,Mobile Phone,1,12,Debit Card,Male,3,5,Laptop & Accessory,1,Single,10,0,25,2,2,3,221.79,3,2,18,0
55556,1,1,Computer,3,33,E wallet,Male,4,4,Laptop & Accessory,1,Married,3,1,12,1,2,9,181.17,9,2,3,10
55557,1,17,Mobile Phone,3,31,Debit Card,Male,4,4,Fashion,5,Single,8,1,14,1,3,3,229.48,3,3,68,4
55558,0,28,Mobile Phone,1,16,Debit Card,Female,4,4,Laptop & Accessory,3,Married,5,0,12,2,3,4,153.97,4,3,112,0
55559,0,7,Computer,1,14,Debit Card,Male,3,4,Laptop & Accessory,3,Married,3,0,21,1,3,9,184.68,9,3,28,0
55560,0,17,Mobile Phone,1,18,Debit Card,Male,2,4,Fashion,3,Married,3,0,18,2,2,10,200.1,10,2,51,0
55561,0,12,Computer,2,8,UPI,Male,3,4,Mobile Phone,4,Married,2,1,12,1,2,3,154.91,3,2,36,4
55562,0,29,Mobile Phone,2,33,UPI,Male,4,2,Others,4,Married,6,1,15,2,2,5,321.36,5,2,87,6
55563,0,5,Phone,1,9,Credit Card,Female,3,6,Mobile Phone,1,Married,3,1,12,1,2,1,136.29,1,2,15,2
55564,0,13,Mobile Phone,3,22,E wallet,Male,4,4,Grocery,5,Single,2,0,13,5,2,11,258.41,11,2,39,0
55565,0,16,Computer,1,30,Debit Card,Male,3,5,Laptop & Accessory,3,Single,3,0,13,4,4,8,168.32,8,4,80,0
55566,0,5,Computer,1,17,Credit Card,Female,3,4,Fashion,3,Married,6,0,21,4,2,9,235.31,9,2,15,0
55567,0,28,Mobile Phone,1,17,Credit Card,Female,4,4,Laptop & Accessory,5,Single,8,1,20,1,2,5,169.4,5,2,84,6
55568,0,1,Mobile Phone,1,8,Debit Card,Male,3,5,Laptop & Accessory,3,Single,3,0,13,2,2,3,171.17,3,2,3,0
55569,0,1,Mobile Phone,1,19,UPI,Male,4,4,Mobile Phone,1,Single,3,0,14,2,2,5,151.47,5,2,3,0
55570,0,14,Computer,1,18,COD,Female,4,4,Laptop & Accessory,3,Married,3,0,12,8,10,5,188.23,5,10,154,0
55571,0,14,Mobile Phone,3,9,E wallet,Female,4,4,Laptop & Accessory,4,Married,5,0,15,2,6,11,181.77,11,6,98,0
55572,0,1,Phone,2,9,UPI,Female,3,4,Mobile Phone,4,Married,6,0,15,1,2,3,146.87,3,2,3,0
55573,0,4,Mobile Phone,1,8,Credit Card,Male,4,4,Mobile Phone,4,Married,3,0,14,2,2,8,162.48,8,2,12,0
55574,0,1,Mobile Phone,1,9,UPI,Male,3,4,Mobile Phone,3,Married,8,1,20,1,2,3,164.77,3,2,3,4
55575,0,21,Mobile Phone,1,32,Credit Card,Male,3,4,Fashion,3,Single,4,0,24,10,13,3,211.33,3,13,294,0
55576,0,7,Computer,1,8,Credit Card,Male,3,5,Mobile Phone,3,Married,3,0,13,1,2,1,145.08,1,2,21,0
55577,0,12,Mobile Phone,3,8,Debit Card,Male,3,4,Laptop & Accessory,4,Married,2,0,16,2,6,9,169.4,9,6,84,0
55578,0,5,Mobile Phone,3,9,Debit Card,Male,3,4,Mobile Phone,3,Married,2,0,20,1,2,3,155.67,3,2,15,0
55579,0,12,Computer,1,13,Debit Card,Male,4,5,Laptop & Accessory,3,Married,4,0,12,3,8,8,178.21,8,8,108,0
55580,0,16,Mobile Phone,1,25,Debit Card,Male,3,4,Laptop & Accessory,5,Married,8,1,18,2,2,3,179.1,3,2,48,4
55581,0,15,Mobile Phone,1,8,Debit Card,Male,4,4,Mobile Phone,1,Married,5,0,23,1,2,1,152.82,1,2,45,0
55582,0,21,Computer,1,8,Credit Card,Female,4,4,Fashion,4,Married,2,0,19,1,2,13,244.57,13,2,63,0
55583,0,9,Mobile Phone,1,18,Credit Card,Male,3,4,Mobile Phone,3,Married,9,1,12,3,3,3,151.6,3,3,36,4
55584,0,1,Mobile Phone,1,8,Debit Card,Male,4,4,Mobile Phone,3,Single,2,0,13,2,2,3,158.75,3,2,3,0
55585,0,9,Mobile Phone,1,16,Credit Card,Male,3,4,Laptop & Accessory,3,Single,3,0,20,1,2,9,175.98,9,2,27,0
55586,0,7,Mobile Phone,1,22,Credit Card,Female,4,4,Laptop & Accessory,1,Married,2,1,14,7,9,2,173.78,2,9,70,3
55587,0,6,Mobile Phone,1,36,Debit Card,Female,3,5,Mobile Phone,4,Single,3,0,14,1,5,2,153.37,2,5,36,0
55588,0,14,Phone,1,8,Debit Card,Male,3,4,Mobile Phone,1,Married,10,0,20,2,2,1,149.06,1,2,42,0
55589,0,6,Phone,3,8,Credit Card,Male,4,5,Mobile Phone,4,Married,2,0,15,3,3,3,147.69,3,3,24,0
55590,0,13,Mobile Phone,1,31,Debit Card,Male,3,4,Laptop & Accessory,1,Single,9,0,14,1,2,8,166.08,8,2,39,0
55591,0,12,Mobile Phone,1,17,Credit Card,Female,4,6,Fashion,3,Married,5,0,13,1,2,12,257.06,12,2,36,0
55592,0,6,Mobile Phone,3,8,E wallet,Female,3,4,Fashion,1,Married,3,0,20,1,6,3,229.22,3,6,42,0
55593,0,11,Mobile Phone,1,17,Debit Card,Female,3,2,Fashion,1,Married,3,1,26,1,7,9,262.44,9,7,88,10
55594,0,1,Mobile Phone,3,15,UPI,Female,3,4,Laptop & Accessory,3,Married,2,1,23,1,2,5,174.07,5,2,3,6
55595,0,26,Computer,3,36,Debit Card,Male,3,4,Mobile Phone,1,Married,4,0,16,2,2,1,159.82,1,2,78,0
55596,0,18,Phone,1,8,Credit Card,Male,3,4,Mobile Phone,1,Single,8,1,13,2,2,3,149.36,3,2,54,4
55597,0,1,Phone,3,12,Credit Card,Male,3,4,Mobile Phone,5,Single,3,1,12,2,2,3,148.8,3,2,3,4
55598,0,13,Computer,1,16,Debit Card,Male,3,4,Others,1,Single,4,0,15,2,2,4,319.31,4,2,39,0
55599,1,1,Computer,3,16,E wallet,Male,3,4,Mobile Phone,5,Married,3,0,20,2,2,1,142.9,1,2,3,0
55600,0,10,Mobile Phone,3,10,Credit Card,Female,4,5,Fashion,1,Married,2,0,20,1,4,5,201.44,5,4,50,0
55601,0,10,Computer,1,11,Debit Card,Female,4,4,Laptop & Accessory,4,Married,9,0,14,1,2,3,176.31,3,2,30,0
55602,0,30,Computer,1,8,Debit Card,Male,3,4,Laptop & Accessory,3,Married,3,0,22,1,2,10,188.06,10,2,90,0
55603,1,1,Mobile Phone,1,8,Credit Card,Male,3,4,Mobile Phone,1,Married,11,1,15,3,3,3,172.87,3,3,4,4
55604,0,16,Mobile Phone,1,9,Debit Card,Male,3,4,Others,3,Married,7,0,15,1,5,15,313.8,15,5,96,0
55605,1,20,Phone,1,14,COD,Male,4,4,Mobile Phone,3,Married,10,0,12,7,10,9,148.39,9,10,220,0
55606,0,15,Mobile Phone,1,35,Debit Card,Female,3,5,Grocery,4,Married,2,0,24,2,2,11,260.7,11,2,45,0
55607,0,8,Mobile Phone,3,35,E wallet,Female,4,5,Laptop & Accessory,3,Married,3,0,22,2,2,8,192.12,8,2,24,0
55608,0,10,Computer,3,22,E wallet,Male,3,6,Laptop & Accessory,1,Married,3,0,25,6,12,12,179.06,12,12,130,0
55609,0,15,Mobile Phone,3,10,Debit Card,Male,3,5,Laptop & Accessory,4,Married,4,0,12,2,2,3,214.38,3,2,45,0
55610,0,6,Phone,1,9,COD,Male,4,4,Mobile Phone,5,Single,3,0,15,1,2,3,149.39,3,2,18,0
55611,0,9,Mobile Phone,2,33,Debit Card,Female,3,4,Fashion,1,Single,3,1,17,2,2,3,213.37,3,2,27,4
55612,0,12,Mobile Phone,3,17,Debit Card,Female,4,4,Laptop & Accessory,1,Married,3,0,12,1,2,10,178.43,10,2,36,0
55613,1,14,Computer,3,8,Debit Card,Male,4,4,Laptop & Accessory,3,Married,9,0,13,2,2,2,192.28,2,2,42,0
55614,0,10,Mobile Phone,3,18,E wallet,Female,4,5,Laptop & Accessory,1,Married,6,0,14,2,2,1,191.52,1,2,30,0
55615,0,19,Mobile Phone,3,27,Debit Card,Female,3,4,Laptop & Accessory,3,Single,10,0,16,1,2,2,173.5,2,2,57,0
55616,0,14,Mobile Phone,1,9,Debit Card,Male,1,5,Mobile Phone,3,Single,4,0,15,1,3,3,153.09,3,3,56,0
55617,0,9,Computer,1,25,Debit Card,Male,4,4,Laptop & Accessory,3,Married,3,1,15,1,2,3,181.89,3,2,27,4
55618,0,14,Phone,1,9,Credit Card,Female,4,4,Mobile Phone,3,Married,4,0,15,1,2,3,145.01,3,2,42,0
55619,0,9,Mobile Phone,1,8,Debit Card,Female,4,6,Mobile Phone,1,Married,3,0,13,2,2,2,154.77,2,2,27,0
55620,0,3,Mobile Phone,1,20,UPI,Male,3,5,Laptop & Accessory,4,Married,6,1,14,1,2,4,165.25,4,2,9,5
55621,0,3,Mobile Phone,1,35,Credit Card,Female,4,5,Mobile Phone,5,Single,3,0,15,1,2,5,162.85,5,2,9,0
55622,1,14,Mobile Phone,3,35,E wallet,Male,3,5,Fashion,5,Married,6,1,14,3,2,1,233.54,1,2,42,2
55623,0,13,Mobile Phone,3,31,E wallet,Female,3,5,Grocery,1,Married,2,0,12,4,2,7,245.31,7,2,39,0
55624,0,5,Computer,1,12,Credit Card,Male,4,4,Laptop & Accessory,5,Single,2,0,20,2,2,3,224.36,3,2,15,0
55625,0,1,Mobile Phone,3,12,UPI,Female,2,5,Mobile Phone,3,Single,2,0,19,2,2,1,154.66,1,2,3,0
55626,0,10,Computer,1,30,Credit Card,Male,3,2,Laptop & Accessory,1,Married,6,0,18,1,2,4,150.71,4,2,30,0
55627,0,13,Mobile Phone,1,13,Credit Card,Male,3,5,Fashion,5,Married,6,0,16,1,2,3,224.91,3,2,39,0
55628,0,1,Mobile Phone,1,11,Debit Card,Male,3,2,Laptop & Accessory,4,Married,3,1,21,1,2,4,186.42,4,2,3,5
55629,0,23,Computer,3,9,Credit Card,Male,4,5,Laptop & Accessory,4,Married,4,0,15,2,2,9,178.9,9,2,69,0
55630,0,8,Mobile Phone,1,15,Credit Card,Male,3,2,Laptop & Accessory,3,Married,4,0,13,2,2,3,169.04,3,2,24,0
