Tenure,WarehouseToHome,NumberOfDeviceRegistered,PreferedOrderCat,SatisfactionScore,MaritalStatus,NumberOfAddress,Complain,DaySinceLastOrder,CashbackAmount,RFM_Recency,Friction_Risk
0.0,15.0,4,Mobile Phone,5,Married,4,0,2.0,144.0,2.0,0.0
24.0,8.0,5,Laptop & Accessory,4,Married,6,0,2.0,154.82,2.0,0.0
9.0,9.0,5,Fashion,4,Married,4,0,3.0,227.74,3.0,0.0
9.0,8.0,3,Mobile,4,Married,2,0,2.0,122.26,2.0,0.0
4.0,7.0,6,Mobile Phone,3,Divorced,5,0,3.0,163.33,3.0,0.0
1.0,8.0,5,Laptop & Accessory,5,Married,3,0,3.0,222.14,3.0,0.0
15.0,30.0,3,Fashion,5,Married,2,1,8.0,174.06,8.0,9.0
16.0,7.0,4,Laptop & Accessory,3,Married,3,0,7.0,174.07,7.0,0.0
2.0,25.0,3,Laptop & Accessory,2,Married,5,0,2.0,142.62,2.0,0.0
1.0,27.0,4,Laptop & Accessory,3,Single,2,0,3.0,147.72,3.0,0.0
15.0,8.0,3,Fashion,1,Married,3,1,9.0,201.24,9.0,10.0
13.0,8.0,3,Others,3,Married,1,0,9.0,294.36,9.0,0.0
7.0,14.0,3,Mobile,3,Married,2,1,6.0,125.79,6.0,7.0
12.0,36.0,4,Laptop & Accessory,2,Divorced,5,0,8.0,187.61,8.0,0.0
9.0,30.0,4,Mobile Phone,5,Married,5,1,3.0,165.14,3.0,4.0
18.0,30.0,4,Laptop & Accessory,4,Married,6,0,3.0,145.42,3.0,0.0
29.0,14.0,3,Mobile Phone,5,Married,5,1,2.0,142.57,2.0,3.0
9.0,27.0,4,Mobile,5,Married,1,0,0.0,122.96,0.0,0.0
20.0,9.0,4,Fashion,1,Married,5,0,3.0,210.78,3.0,0.0
6.0,15.0,2,Laptop & Accessory,1,Married,3,0,9.0,187.09,9.0,0.0
10.0,9.0,4,Mobile Phone,3,Married,6,0,3.0,150.43,3.0,0.0
1.0,11.0,5,Mobile Phone,3,Single,7,0,3.0,163.94,3.0,0.0
2.0,12.0,3,Mobile,1,Married,2,0,8.0,131.31,8.0,0.0
8.0,14.0,3,Mobile Phone,3,Single,2,0,4.0,143.23,4.0,0.0
8.0,32.0,3,Fashion,1,Single,2,1,7.0,188.37,7.0,8.0
0.0,30.0,5,Mobile Phone,2,Single,2,1,0.0,111.18,0.0,1.0
3.0,15.0,3,Laptop & Accessory,3,Single,8,1,7.0,146.95,7.0,8.0
20.0,7.0,5,Fashion,5,Married,4,1,6.0,231.73,6.0,7.0
4.0,26.0,3,Laptop & Accessory,3,Married,2,0,0.0,169.32,0.0,0.0
23.0,7.0,4,Mobile Phone,5,Married,4,0,3.0,160.8,3.0,0.0
1.0,15.0,4,Laptop & Accessory,1,Married,2,0,2.0,168.42,2.0,0.0
0.0,6.0,3,Mobile Phone,1,Married,10,1,2.0,147.87,2.0,3.0
19.0,14.0,3,Mobile,1,Single,2,0,0.0,125.87,0.0,0.0
31.0,23.0,4,Laptop & Accessory,5,Single,10,0,3.0,179.05,3.0,0.0
12.0,6.0,4,Grocery,1,Married,2,0,3.0,227.42,3.0,0.0
1.0,20.0,4,Laptop & Accessory,4,Single,7,0,1.0,182.65,1.0,0.0
13.0,8.0,3,Mobile,5,Married,5,0,2.0,133.77,2.0,0.0
11.0,15.0,3,Mobile Phone,1,Married,3,0,3.0,147.71,3.0,0.0
5.0,9.0,6,Mobile Phone,2,Married,6,1,1.0,152.78,1.0,2.0
9.0,17.0,3,Mobile,4,Divorced,2,0,2.0,122.44,2.0,0.0
5.0,15.0,2,Mobile Phone,4,Single,11,0,3.0,146.09,3.0,0.0
14.0,26.0,4,Laptop & Accessory,1,Married,10,1,8.0,152.41,8.0,9.0
20.0,14.0,4,Mobile,1,Married,10,1,0.0,123.8,0.0,1.0
9.0,16.0,3,Fashion,1,Single,2,0,7.0,199.8,7.0,0.0
8.0,9.0,5,Laptop & Accessory,5,Divorced,8,0,10.0,184.57,10.0,0.0
24.0,27.0,4,Grocery,3,Married,4,1,14.0,237.45,14.0,15.0
1.0,6.0,3,Mobile,1,Married,2,0,2.0,127.06,2.0,0.0
17.0,9.0,4,Laptop & Accessory,1,Married,3,1,9.0,203.47,9.0,10.0
17.0,34.0,1,Grocery,2,Divorced,4,1,11.0,233.2,11.0,12.0
9.0,32.0,5,Fashion,4,Divorced,5,0,9.0,234.03,9.0,0.0
2.0,26.0,5,Mobile Phone,5,Divorced,3,0,4.0,156.96,4.0,0.0
12.0,30.0,3,Laptop & Accessory,1,Single,8,0,7.0,141.08,7.0,0.0
23.0,14.0,5,Fashion,3,Single,10,0,1.0,234.65,1.0,0.0
4.0,10.0,3,Laptop & Accessory,4,Single,2,0,7.0,193.55,7.0,0.0
19.0,8.0,3,Grocery,5,Divorced,9,0,9.0,270.48,9.0,0.0
0.0,24.0,3,Laptop & Accessory,3,Divorced,1,1,2.0,146.14,2.0,3.0
7.0,17.0,4,Laptop & Accessory,3,Single,3,0,10.0,179.87,10.0,0.0
4.0,8.0,4,Mobile Phone,4,Married,3,0,8.0,162.48,8.0,0.0
4.0,13.0,3,Laptop & Accessory,1,Married,4,0,7.0,159.15,7.0,0.0
0.0,8.0,1,Laptop & Accessory,3,Married,2,0,7.0,152.06,7.0,0.0
0.0,14.0,5,Mobile,3,Married,1,0,0.0,123.51,0.0,0.0
1.0,10.0,4,Laptop & Accessory,3,Single,11,0,1.0,170.77,1.0,0.0
3.0,30.0,4,Mobile Phone,1,Single,11,0,3.0,147.01,3.0,0.0
9.0,9.0,3,Mobile,1,Married,2,0,0.0,120.61,0.0,0.0
3.0,15.0,5,Laptop & Accessory,2,Divorced,3,1,3.0,175.56,3.0,4.0
8.0,7.0,5,Mobile Phone,4,Divorced,7,0,3.0,157.94,3.0,0.0
9.0,22.0,3,Mobile,3,Single,2,0,4.0,121.44,4.0,0.0
0.0,23.0,4,Laptop & Accessory,3,Married,2,0,2.0,143.77,2.0,0.0
4.0,25.0,4,Mobile Phone,3,Single,3,0,5.0,151.32,5.0,0.0
15.0,8.0,3,Grocery,5,Married,1,0,7.0,276.65,7.0,0.0
7.0,9.0,4,Laptop & Accessory,4,Single,10,0,8.0,176.47,8.0,0.0
9.0,7.0,4,Mobile Phone,3,Married,2,0,0.0,115.63,0.0,0.0
18.0,26.0,3,Laptop & Accessory,3,Single,9,0,1.0,148.5,1.0,0.0
9.0,25.0,2,Laptop & Accessory,5,Married,3,0,11.0,177.08,11.0,0.0
30.0,6.0,5,Laptop & Accessory,3,Married,3,1,2.0,156.6,2.0,3.0
1.0,16.0,4,Mobile Phone,5,Married,3,0,1.0,142.9,1.0,0.0
4.0,14.0,4,Laptop & Accessory,5,Married,9,0,3.0,172.79,3.0,0.0
3.0,14.0,4,Mobile Phone,5,Single,5,0,3.0,145.62,3.0,0.0
10.0,7.0,4,Laptop & Accessory,3,Single,8,0,1.0,193.15,1.0,0.0
23.0,14.0,3,Mobile,1,Married,5,0,0.0,123.8,0.0,0.0
6.0,34.0,3,Laptop & Accessory,3,Married,2,1,7.0,152.07,7.0,8.0
5.0,11.0,4,Laptop & Accessory,4,Single,3,0,3.0,218.55,3.0,0.0
18.0,27.0,4,Mobile Phone,4,Single,3,0,4.0,159.2,4.0,0.0
6.0,36.0,4,Mobile Phone,3,Single,11,0,8.0,165.25,8.0,0.0
11.0,16.0,4,Mobile Phone,1,Married,3,1,3.0,148.26,3.0,4.0
5.0,9.0,4,Mobile Phone,2,Married,2,1,3.0,151.95,3.0,4.0
14.0,27.0,4,Fashion,2,Divorced,6,0,3.0,228.22,3.0,0.0
8.0,17.0,4,Mobile Phone,4,Married,3,0,1.0,145.08,1.0,0.0
14.0,6.0,2,Fashion,5,Divorced,2,0,7.0,183.92,7.0,0.0
16.0,30.0,3,Fashion,5,Single,7,1,2.0,204.48,2.0,3.0
0.0,14.0,3,Mobile,3,Single,2,0,0.0,123.18,0.0,0.0
19.0,13.0,3,Laptop & Accessory,3,Divorced,3,0,0.0,152.58,0.0,0.0
22.0,6.0,4,Grocery,3,Single,8,1,7.0,239.64,7.0,8.0
4.0,13.0,4,Fashion,3,Divorced,2,0,9.0,189.43,9.0,0.0
1.0,16.0,4,Mobile Phone,5,Single,4,1,1.0,156.72,1.0,2.0
0.0,24.0,1,Laptop & Accessory,3,Divorced,3,0,2.0,162.32,2.0,0.0
4.0,13.0,4,Fashion,1,Married,10,0,3.0,215.57,3.0,0.0
30.0,6.0,3,Laptop & Accessory,3,Divorced,3,0,2.0,167.55,2.0,0.0
16.0,31.0,4,Fashion,5,Divorced,3,1,9.0,199.06,9.0,10.0
12.0,9.0,5,Mobile Phone,4,Single,3,0,4.0,149.4,4.0,0.0
0.0,14.0,4,Mobile,1,Single,2,1,0.0,124.39,0.0,1.0
13.0,6.0,3,Laptop & Accessory,3,Single,4,1,0.0,147.28,0.0,1.0
23.0,29.0,4,Grocery,4,Married,5,0,3.0,289.13,3.0,0.0
1.0,18.0,5,Mobile Phone,5,Single,3,1,1.0,151.0,1.0,2.0
1.0,14.0,5,Mobile Phone,1,Married,3,0,2.0,153.89,2.0,0.0
23.0,14.0,5,Fashion,3,Single,10,0,1.0,170.0,1.0,0.0
24.0,7.0,4,Others,2,Married,5,0,7.0,320.17,7.0,0.0
9.0,8.0,3,Mobile,3,Married,7,0,2.0,122.31,2.0,0.0
3.0,11.0,4,Laptop & Accessory,3,Married,2,0,2.0,161.18,2.0,0.0
28.0,29.0,4,Grocery,3,Married,5,0,8.0,299.26,8.0,0.0
22.0,24.0,3,Laptop & Accessory,2,Married,2,1,7.0,168.04,7.0,8.0
19.0,24.0,3,Fashion,3,Divorced,6,0,2.0,205.27,2.0,0.0
5.0,31.0,4,Laptop & Accessory,1,Single,4,0,5.0,177.38,5.0,0.0
7.0,9.0,4,Mobile Phone,1,Single,2,0,3.0,150.0,3.0,0.0
12.0,17.0,4,Laptop & Accessory,1,Married,3,0,10.0,178.43,10.0,0.0
23.0,35.0,4,Grocery,3,Divorced,1,0,7.0,270.46,7.0,0.0
19.0,8.0,3,Others,1,Married,8,1,2.0,293.28,2.0,3.0
13.0,32.0,3,Laptop & Accessory,5,Married,2,0,5.0,183.96,5.0,0.0
7.0,13.0,4,Laptop & Accessory,2,Married,5,0,8.0,202.25,8.0,0.0
24.0,11.0,3,Grocery,4,Married,2,1,10.0,240.26,10.0,11.0
2.0,8.0,3,Laptop & Accessory,1,Married,2,0,3.0,188.53,3.0,0.0
16.0,9.0,4,Fashion,1,Married,4,1,3.0,226.24,3.0,4.0
0.0,7.0,4,Laptop & Accessory,3,Single,2,0,2.0,146.17,2.0,0.0
1.0,18.0,4,Mobile Phone,4,Divorced,3,0,3.0,147.44,3.0,0.0
31.0,23.0,4,Laptop & Accessory,5,Single,10,0,3.0,179.05,3.0,0.0
1.0,11.0,4,Mobile Phone,5,Single,3,0,1.0,154.73,1.0,0.0
21.0,9.0,5,Mobile Phone,1,Married,11,1,1.0,148.8,1.0,2.0
5.0,9.0,4,Mobile Phone,3,Married,2,0,3.0,155.67,3.0,0.0
15.0,23.0,1,Laptop & Accessory,5,Single,4,1,2.0,165.45,2.0,3.0
16.0,25.0,4,Laptop & Accessory,5,Married,8,1,3.0,179.1,3.0,4.0
7.0,9.0,3,Laptop & Accessory,2,Single,1,0,4.0,177.56,4.0,0.0
16.0,10.0,4,Fashion,2,Single,4,0,17.0,202.31,17.0,0.0
19.0,32.0,4,Others,4,Single,5,0,1.0,305.61,1.0,0.0
9.0,23.0,4,Laptop & Accessory,4,Married,3,0,3.0,155.07,3.0,0.0
0.0,14.0,4,Laptop & Accessory,5,Single,7,0,2.0,153.26,2.0,0.0
9.0,33.0,3,Mobile,4,Single,3,0,2.0,123.11,2.0,0.0
0.0,14.0,4,Mobile,4,Divorced,6,0,1.0,125.46,1.0,0.0
20.0,7.0,4,Others,2,Married,11,0,3.0,321.27,3.0,0.0
1.0,12.0,4,Mobile Phone,1,Single,3,0,3.0,156.17,3.0,0.0
3.0,14.0,5,Mobile Phone,2,Married,8,0,4.0,150.32,4.0,0.0
31.0,7.0,6,Fashion,1,Married,5,0,1.0,233.83,1.0,0.0
1.0,13.0,6,Mobile Phone,3,Married,2,0,1.0,148.51,1.0,0.0
19.0,13.0,5,Fashion,2,Single,8,0,3.0,213.65,3.0,0.0
11.0,6.0,4,Fashion,3,Single,10,1,0.0,153.81,0.0,1.0
24.0,7.0,4,Laptop & Accessory,3,Divorced,2,0,14.0,188.47,14.0,0.0
0.0,12.0,4,Mobile,1,Single,2,1,0.0,129.26,0.0,1.0
19.0,27.0,6,Fashion,5,Married,4,1,8.0,233.51,8.0,9.0
9.0,18.0,4,Fashion,2,Single,1,0,8.0,188.58,8.0,0.0
13.0,32.0,3,Laptop & Accessory,4,Married,2,0,13.0,156.05,13.0,0.0
0.0,30.0,1,Mobile Phone,5,Single,2,0,0.0,110.91,0.0,0.0
9.0,9.0,3,Laptop & Accessory,4,Single,5,0,7.0,144.85,7.0,0.0
9.0,10.0,4,Laptop & Accessory,1,Single,2,0,8.0,158.1,8.0,0.0
5.0,18.0,3,Grocery,5,Single,1,1,14.0,237.58,14.0,15.0
6.0,9.0,3,Laptop & Accessory,2,Single,9,0,8.0,175.55,8.0,0.0
19.0,6.0,4,Fashion,5,Married,3,1,5.0,206.73,5.0,6.0
9.0,10.0,3,Laptop & Accessory,4,Married,8,0,2.0,151.31,2.0,0.0
6.0,9.0,3,Mobile,3,Married,2,1,0.0,129.09,0.0,1.0
25.0,8.0,4,Others,3,Single,2,1,12.0,290.68,12.0,13.0
0.0,14.0,5,Mobile,5,Single,1,0,0.0,123.25,0.0,0.0
30.0,18.0,5,Laptop & Accessory,5,Married,6,0,1.0,178.8,1.0,0.0
24.0,12.0,4,Mobile,3,Single,1,0,7.0,128.38,7.0,0.0
8.0,10.0,3,Laptop & Accessory,3,Single,2,1,1.0,142.49,1.0,2.0
8.0,23.0,3,Laptop & Accessory,5,Married,4,1,7.0,189.66,7.0,8.0
1.0,27.0,4,Fashion,3,Divorced,5,0,3.0,223.24,3.0,0.0
12.0,16.0,5,Mobile Phone,4,Divorced,2,0,3.0,153.99,3.0,0.0
18.0,11.0,5,Laptop & Accessory,5,Single,2,1,4.0,157.69,4.0,5.0
4.0,13.0,3,Fashion,5,Married,3,0,2.0,196.37,2.0,0.0
17.0,17.0,5,Laptop & Accessory,3,Married,3,0,1.0,177.57,1.0,0.0
17.0,7.0,3,Mobile,1,Married,5,1,2.0,131.95,2.0,3.0
15.0,9.0,5,Laptop & Accessory,3,Single,4,1,8.0,193.11,8.0,9.0
14.0,13.0,4,Grocery,1,Single,3,1,8.0,289.37,8.0,9.0
1.0,9.0,4,Mobile Phone,5,Married,5,0,1.0,148.22,1.0,0.0
6.0,14.0,4,Laptop & Accessory,2,Divorced,6,0,3.0,217.04,3.0,0.0
1.0,17.0,4,Laptop & Accessory,1,Single,2,0,2.0,174.5,2.0,0.0
12.0,17.0,3,Fashion,2,Divorced,2,0,7.0,176.54,7.0,0.0
0.0,15.0,3,Mobile,5,Single,3,1,0.0,131.72,0.0,1.0
1.0,7.0,4,Mobile Phone,1,Single,3,1,9.0,151.86,9.0,10.0
0.0,10.0,4,Laptop & Accessory,2,Single,2,1,4.0,158.28,4.0,5.0
1.0,16.0,4,Mobile Phone,1,Single,3,0,1.0,135.81,1.0,0.0
8.0,24.0,1,Laptop & Accessory,5,Married,2,0,10.0,152.08,10.0,0.0
11.0,13.0,4,Laptop & Accessory,2,Single,1,0,5.0,140.28,5.0,0.0
6.0,12.0,3,Laptop & Accessory,1,Married,4,0,7.0,177.25,7.0,0.0
16.0,8.0,3,Laptop & Accessory,1,Married,2,1,8.0,178.47,8.0,9.0
1.0,23.0,4,Fashion,5,Single,4,1,3.0,210.64,3.0,4.0
2.0,8.0,5,Laptop & Accessory,1,Married,3,1,8.0,193.34,8.0,9.0
14.0,27.0,4,Fashion,1,Married,6,0,3.0,228.22,3.0,0.0
9.0,22.0,5,Mobile,5,Married,2,1,0.0,123.07,0.0,1.0
9.0,28.0,3,Mobile Phone,3,Single,2,1,0.0,116.75,0.0,1.0
14.0,8.0,3,Grocery,4,Single,2,0,4.0,260.15,4.0,0.0
19.0,9.0,5,Grocery,2,Divorced,11,0,9.0,292.92,9.0,0.0
30.0,6.0,3,Others,5,Divorced,4,1,5.0,297.01,5.0,6.0
1.0,7.0,4,Mobile Phone,4,Single,3,1,5.0,157.02,5.0,6.0
8.0,23.0,3,Laptop & Accessory,5,Divorced,4,1,7.0,189.66,7.0,8.0
18.0,15.0,4,Laptop & Accessory,3,Married,2,0,12.0,155.93,12.0,0.0
26.0,9.0,5,Others,3,Single,3,1,13.0,315.68,13.0,14.0
21.0,6.0,4,Others,2,Single,7,0,0.0,282.65,0.0,0.0
0.0,14.0,3,Mobile,3,Married,2,0,0.0,123.77,0.0,0.0
14.0,9.0,5,Laptop & Accessory,3,Married,8,0,1.0,159.48,1.0,0.0
12.0,16.0,4,Mobile Phone,1,Married,4,0,4.0,172.71,4.0,0.0
15.0,30.0,4,Fashion,3,Single,5,1,3.0,195.82,3.0,4.0
1.0,6.0,4,Laptop & Accessory,1,Married,2,1,7.0,168.34,7.0,8.0
12.0,9.0,4,Mobile Phone,3,Divorced,8,1,2.0,155.57,2.0,3.0
7.0,6.0,4,Mobile,4,Divorced,6,0,2.0,132.94,2.0,0.0
1.0,10.0,4,Mobile Phone,5,Single,3,1,8.0,158.48,8.0,9.0
23.0,6.0,4,Mobile Phone,3,Divorced,3,0,2.0,136.9,2.0,0.0
7.0,16.0,3,Laptop & Accessory,3,Married,2,1,7.0,140.01,7.0,8.0
4.0,14.0,4,Mobile Phone,4,Single,2,0,3.0,154.83,3.0,0.0
28.0,6.0,3,Others,5,Single,1,1,13.0,290.45,13.0,14.0
0.0,29.0,3,Fashion,5,Married,10,1,2.0,199.5,2.0,3.0
14.0,16.0,4,Mobile Phone,4,Married,10,1,1.0,161.17,1.0,2.0
18.0,34.0,4,Grocery,4,Single,2,0,6.0,267.04,6.0,0.0
1.0,21.0,4,Mobile Phone,3,Single,3,0,1.0,140.14,1.0,0.0
9.0,8.0,3,Laptop & Accessory,4,Married,5,1,0.0,169.62,0.0,1.0
1.0,29.0,4,Mobile Phone,3,Single,3,0,3.0,159.47,3.0,0.0
21.0,12.0,4,Laptop & Accessory,3,Single,3,0,2.0,142.4,2.0,0.0
14.0,14.0,5,Fashion,2,Single,3,0,3.0,206.5,3.0,0.0
1.0,22.0,4,Mobile Phone,3,Married,3,0,3.0,151.1,3.0,0.0
9.0,12.0,1,Mobile Phone,5,Divorced,2,1,0.0,116.01,0.0,1.0
9.0,11.0,4,Laptop & Accessory,3,Single,3,1,2.0,167.49,2.0,3.0
10.0,19.0,4,Laptop & Accessory,3,Married,11,1,2.0,171.63,2.0,3.0
4.0,14.0,5,Mobile Phone,4,Married,3,0,2.0,146.41,2.0,0.0
19.0,9.0,5,Laptop & Accessory,1,Married,3,0,10.0,182.7,10.0,0.0
15.0,16.0,3,Mobile,3,Married,4,0,3.0,129.36,3.0,0.0
18.0,8.0,4,Mobile Phone,1,Single,8,1,3.0,149.36,3.0,4.0
0.0,14.0,3,Mobile,5,Married,2,0,2.0,125.0,2.0,0.0
1.0,7.0,5,Mobile Phone,3,Married,8,1,3.0,153.0,3.0,4.0
15.0,10.0,3,Others,1,Married,2,0,15.0,292.32,15.0,0.0
1.0,16.0,4,Mobile Phone,2,Single,3,0,3.0,151.1,3.0,0.0
7.0,9.0,5,Laptop & Accessory,5,Single,4,0,12.0,147.59,12.0,0.0
7.0,15.0,4,Laptop & Accessory,3,Married,2,0,3.0,196.04,3.0,0.0
4.0,10.0,1,Mobile Phone,3,Married,9,0,2.0,139.78,2.0,0.0
18.0,11.0,2,Others,5,Married,3,0,14.0,316.9,14.0,0.0
21.0,9.0,4,Mobile Phone,3,Single,6,0,1.0,149.79,1.0,0.0
5.0,19.0,4,Mobile,4,Married,2,0,2.0,134.0,2.0,0.0
13.0,8.0,3,Laptop & Accessory,4,Married,4,0,10.0,156.77,10.0,0.0
6.0,14.0,3,Mobile,2,Single,1,0,2.0,125.0,2.0,0.0
4.0,9.0,4,Mobile Phone,2,Single,2,0,8.0,150.64,8.0,0.0
1.0,7.0,5,Mobile Phone,4,Single,3,0,1.0,153.36,1.0,0.0
8.0,33.0,5,Mobile Phone,3,Married,3,0,1.0,145.29,1.0,0.0
9.0,21.0,3,Mobile Phone,1,Single,2,0,0.0,112.32,0.0,0.0
1.0,21.0,5,Mobile Phone,4,Married,3,1,3.0,162.43,3.0,4.0
0.0,8.0,4,Laptop & Accessory,4,Single,8,1,2.0,199.07,2.0,3.0
30.0,14.0,3,Mobile,3,Married,2,0,2.0,123.72,2.0,0.0
1.0,33.0,4,Mobile Phone,1,Married,3,0,3.0,154.04,3.0,0.0
5.0,14.0,3,Mobile,5,Single,2,0,2.0,124.39,2.0,0.0
2.0,23.0,3,Laptop & Accessory,5,Single,2,0,8.0,181.61,8.0,0.0
0.0,22.0,1,Mobile,5,Single,2,0,14.0,127.43,14.0,0.0
1.0,34.0,4,Fashion,2,Divorced,3,0,10.0,201.39,10.0,0.0
9.0,9.0,3,Mobile Phone,3,Single,2,0,0.0,114.2,0.0,0.0
22.0,13.0,4,Fashion,3,Single,9,0,3.0,209.65,3.0,0.0
6.0,6.0,1,Laptop & Accessory,5,Married,2,0,8.0,140.37,8.0,0.0
3.0,18.0,3,Laptop & Accessory,3,Single,1,0,4.0,165.77,4.0,0.0
4.0,12.0,5,Laptop & Accessory,3,Married,3,0,3.0,186.18,3.0,0.0
8.0,8.0,3,Laptop & Accessory,4,Single,6,0,2.0,144.25,2.0,0.0
25.0,10.0,4,Grocery,4,Single,5,0,1.0,262.34,1.0,0.0
7.0,21.0,3,Laptop & Accessory,5,Single,2,0,6.0,161.25,6.0,0.0
11.0,8.0,4,Fashion,3,Married,4,1,2.0,177.56,2.0,3.0
3.0,14.0,3,Fashion,3,Married,6,0,7.0,172.64,7.0,0.0
14.0,7.0,4,Laptop & Accessory,3,Married,9,0,2.0,192.28,2.0,0.0
1.0,18.0,4,Laptop & Accessory,5,Divorced,3,1,4.0,172.41,4.0,5.0
1.0,13.0,4,Mobile Phone,1,Married,3,1,3.0,81.0,3.0,4.0
18.0,13.0,3,Fashion,5,Married,3,0,0.0,197.24,0.0,0.0
20.0,20.0,3,Laptop & Accessory,5,Single,3,0,7.0,149.6,7.0,0.0
9.0,20.0,3,Mobile Phone,3,Single,2,0,0.0,115.14,0.0,0.0
17.0,34.0,3,Grocery,5,Divorced,4,0,17.0,263.28,17.0,0.0
21.0,35.0,3,Fashion,3,Married,4,0,3.0,225.04,3.0,0.0
20.0,8.0,3,Grocery,1,Married,2,1,0.0,267.52,0.0,1.0
1.0,20.0,5,Laptop & Accessory,5,Married,7,1,3.0,186.34,3.0,4.0
9.0,13.0,4,Mobile,4,Married,2,0,1.0,121.41,1.0,0.0
22.0,8.0,5,Others,1,Single,8,0,1.0,307.65,1.0,0.0
0.0,35.0,4,Mobile,4,Single,1,0,4.0,134.79,4.0,0.0
9.0,8.0,4,Mobile,3,Single,2,0,2.0,120.44,2.0,0.0
16.0,28.0,4,Laptop & Accessory,3,Married,4,0,3.0,177.65,3.0,0.0
1.0,6.0,5,Mobile Phone,3,Single,3,0,3.0,155.33,3.0,0.0
24.0,27.0,4,Grocery,3,Married,4,1,14.0,237.45,14.0,15.0
4.0,13.0,2,Laptop & Accessory,2,Divorced,5,0,7.0,169.29,7.0,0.0
5.0,25.0,2,Mobile,3,Married,7,1,2.0,127.59,2.0,3.0
12.0,9.0,2,Laptop & Accessory,5,Single,8,1,13.0,184.8,13.0,14.0
15.0,10.0,5,Laptop & Accessory,4,Married,4,0,3.0,214.38,3.0,0.0
19.0,24.0,3,Fashion,3,Married,6,0,2.0,205.27,2.0,0.0
0.0,14.0,4,Mobile,3,Married,2,1,7.0,123.66,7.0,8.0
30.0,8.0,3,Grocery,4,Married,5,0,14.0,262.91,14.0,0.0
10.0,9.0,3,Laptop & Accessory,4,Single,4,0,1.0,141.07,1.0,0.0
0.0,8.0,3,Mobile Phone,3,Single,7,0,1.0,143.82,1.0,0.0
8.0,6.0,3,Laptop & Accessory,3,Single,2,0,3.0,148.59,3.0,0.0
26.0,13.0,1,Grocery,3,Married,4,0,3.0,248.14,3.0,0.0
6.0,12.0,2,Mobile Phone,4,Married,2,1,6.0,157.98,6.0,7.0
3.0,21.0,4,Fashion,5,Married,3,0,7.0,171.4,7.0,0.0
27.0,9.0,3,Laptop & Accessory,5,Divorced,3,0,5.0,159.4,5.0,0.0
7.0,14.0,1,Laptop & Accessory,3,Married,2,0,8.0,167.99,8.0,0.0
21.0,9.0,4,Laptop & Accessory,2,Married,7,0,5.0,175.7,5.0,0.0
0.0,33.0,3,Fashion,1,Married,2,0,9.0,176.39,9.0,0.0
0.0,14.0,2,Mobile,4,Married,2,1,2.0,123.28,2.0,3.0
6.0,10.0,4,Mobile Phone,4,Married,9,0,2.0,138.38,2.0,0.0
15.0,11.0,4,Fashion,3,Married,2,1,3.0,229.47,3.0,4.0
4.0,15.0,2,Fashion,5,Married,2,1,8.0,239.16000000000005,8.0,9.0
19.0,8.0,3,Laptop & Accessory,1,Married,3,0,4.0,173.79,4.0,0.0
6.0,31.0,4,Laptop & Accessory,4,Single,2,0,2.0,143.2,2.0,0.0
27.0,9.0,5,Fashion,4,Married,4,0,13.0,200.25,13.0,0.0
7.0,27.0,1,Laptop & Accessory,1,Single,2,0,7.0,153.37,7.0,0.0
0.0,14.0,3,Mobile,5,Divorced,2,0,2.0,125.0,2.0,0.0
18.0,26.0,3,Grocery,1,Married,1,1,10.0,234.96,10.0,11.0
13.0,25.0,3,Laptop & Accessory,2,Divorced,9,1,7.0,127.41,7.0,8.0
22.0,8.0,4,Laptop & Accessory,4,Married,3,0,8.0,153.9,8.0,0.0
8.0,8.0,3,Laptop & Accessory,1,Married,3,0,7.0,157.62,7.0,0.0
1.0,16.0,4,Mobile Phone,5,Single,3,0,3.0,152.28,3.0,0.0
7.0,10.0,3,Laptop & Accessory,3,Married,10,0,2.0,165.38,2.0,0.0
11.0,14.0,3,Mobile,4,Married,6,0,8.0,125.92,8.0,0.0
8.0,17.0,3,Mobile,3,Married,8,1,2.0,126.6,2.0,3.0
1.0,10.0,5,Mobile Phone,3,Single,3,0,3.0,155.33,3.0,0.0
25.0,18.0,5,Grocery,4,Single,5,0,4.0,256.42,4.0,0.0
19.0,9.0,4,Laptop & Accessory,1,Single,6,0,4.0,176.6,4.0,0.0
1.0,18.0,5,Mobile Phone,5,Single,3,1,1.0,151.0,1.0,2.0
3.0,22.0,5,Laptop & Accessory,3,Single,2,1,9.0,166.93,9.0,10.0
2.0,15.0,5,Mobile Phone,2,Married,3,0,5.0,174.36,5.0,0.0
9.0,8.0,4,Laptop & Accessory,1,Single,2,0,8.0,138.86,8.0,0.0
15.0,12.0,2,Laptop & Accessory,4,Single,5,0,3.0,193.7,3.0,0.0
21.0,7.0,4,Others,1,Single,7,0,0.0,282.65,0.0,0.0
28.0,10.0,4,Laptop & Accessory,5,Divorced,4,0,6.0,184.4,6.0,0.0
31.0,31.0,2,Fashion,1,Married,5,1,3.0,219.39,3.0,4.0
4.0,9.0,5,Laptop & Accessory,1,Single,7,1,1.0,193.77,1.0,2.0
1.0,11.0,4,Mobile Phone,5,Single,3,0,1.0,154.73,1.0,0.0
1.0,30.0,5,Laptop & Accessory,3,Married,3,0,9.0,160.4,9.0,0.0
19.0,8.0,3,Grocery,3,Married,7,0,1.0,278.61,1.0,0.0
25.0,8.0,4,Others,3,Single,2,1,12.0,290.68,12.0,13.0
0.0,13.0,4,Laptop & Accessory,5,Single,9,0,7.0,168.11,7.0,0.0
6.0,16.0,4,Laptop & Accessory,2,Divorced,3,1,6.0,188.22,6.0,7.0
9.0,10.0,3,Laptop & Accessory,4,Married,8,0,2.0,151.31,2.0,0.0
3.0,17.0,4,Mobile Phone,4,Married,2,0,2.0,157.91,2.0,0.0
19.0,24.0,3,Laptop & Accessory,3,Married,3,0,8.0,148.1,8.0,0.0
1.0,10.0,4,Mobile Phone,1,Single,3,1,1.0,140.69,1.0,2.0
1.0,17.0,5,Mobile Phone,3,Single,3,0,3.0,151.25,3.0,0.0
4.0,9.0,5,Mobile Phone,1,Single,2,0,3.0,152.2,3.0,0.0
0.0,12.0,4,Mobile,2,Single,2,1,0.0,129.26,0.0,1.0
8.0,14.0,4,Mobile Phone,3,Married,2,1,8.0,148.08,8.0,9.0
19.0,36.0,4,Fashion,1,Married,6,1,3.0,218.8,3.0,4.0
16.0,33.0,3,Fashion,5,Married,9,0,1.0,208.2,1.0,0.0
1.0,17.0,5,Mobile Phone,5,Single,3,0,1.0,139.16,1.0,0.0
22.0,7.0,2,Grocery,1,Single,4,0,2.0,293.85,2.0,0.0
5.0,11.0,3,Laptop & Accessory,4,Divorced,2,0,3.0,165.24,3.0,0.0
19.0,9.0,4,Laptop & Accessory,3,Married,6,0,8.0,176.54,8.0,0.0
10.0,17.0,4,Fashion,5,Married,9,1,8.0,208.21,8.0,9.0
30.0,18.0,5,Laptop & Accessory,5,Married,6,0,1.0,178.8,1.0,0.0
23.0,23.0,4,Mobile Phone,5,Married,6,1,3.0,150.87,3.0,4.0
13.0,16.0,4,Laptop & Accessory,4,Married,8,0,3.0,168.52,3.0,0.0
20.0,20.0,4,Laptop & Accessory,4,Single,8,0,10.0,180.62,10.0,0.0
14.0,11.0,5,Fashion,1,Married,9,0,12.0,233.55,12.0,0.0
8.0,22.0,4,Grocery,5,Married,9,0,10.0,295.07,10.0,0.0
1.0,25.0,4,Laptop & Accessory,3,Married,2,1,3.0,171.14,3.0,4.0
8.0,7.0,4,Mobile Phone,4,Married,3,1,4.0,148.42,4.0,5.0
13.0,29.0,4,Fashion,5,Single,3,1,9.0,233.8,9.0,10.0
11.0,6.0,1,Mobile,3,Divorced,2,0,0.0,128.44,0.0,0.0
0.0,6.0,4,Laptop & Accessory,2,Divorced,7,0,2.0,147.75,2.0,0.0
3.0,24.0,5,Fashion,5,Single,3,0,10.0,204.88,10.0,0.0
6.0,22.0,4,Laptop & Accessory,1,Married,7,0,3.0,191.67,3.0,0.0
12.0,10.0,4,Fashion,3,Married,2,0,3.0,231.09,3.0,0.0
8.0,10.0,4,Laptop & Accessory,4,Married,3,0,10.0,179.33,10.0,0.0
0.0,10.0,4,Laptop & Accessory,5,Divorced,2,0,3.0,142.56,3.0,0.0
9.0,16.0,4,Laptop & Accessory,3,Married,2,1,7.0,156.73,7.0,8.0
29.0,7.0,4,Others,5,Single,2,1,14.0,315.45,14.0,15.0
12.0,12.0,4,Fashion,5,Married,5,0,7.0,199.91,7.0,0.0
9.0,8.0,3,Mobile,4,Married,5,0,2.0,121.87,2.0,0.0
1.0,20.0,4,Mobile Phone,4,Divorced,3,0,1.0,145.33,1.0,0.0
9.0,13.0,3,Mobile,5,Single,4,0,2.0,120.62,2.0,0.0
26.0,14.0,3,Laptop & Accessory,1,Single,3,0,2.0,124.5,2.0,0.0
0.0,16.0,1,Mobile,3,Single,2,0,2.0,135.05,2.0,0.0
0.0,29.0,4,Fashion,5,Divorced,2,0,10.0,173.36,10.0,0.0
11.0,12.0,4,Mobile Phone,3,Married,2,0,4.0,137.02,4.0,0.0
15.0,32.0,3,Fashion,5,Married,4,1,0.0,231.91000000000005,0.0,1.0
13.0,7.0,3,Grocery,5,Married,3,0,16.0,268.23,16.0,0.0
3.0,35.0,3,Laptop & Accessory,5,Married,9,0,3.0,141.15,3.0,0.0
8.0,8.0,3,Laptop & Accessory,5,Married,3,0,0.0,150.93,0.0,0.0
16.0,16.0,5,Others,1,Single,10,0,2.0,321.13,2.0,0.0
1.0,25.0,2,Mobile Phone,5,Married,2,0,1.0,154.56,1.0,0.0
13.0,6.0,3,Laptop & Accessory,3,Single,4,1,0.0,147.28,0.0,1.0
1.0,14.0,6,Laptop & Accessory,3,Single,3,1,7.0,185.74,7.0,8.0
17.0,15.0,4,Laptop & Accessory,4,Married,6,0,1.0,172.65,1.0,0.0
29.0,6.0,3,Laptop & Accessory,3,Married,2,0,9.0,163.06,9.0,0.0
10.0,10.0,3,Mobile Phone,2,Married,5,0,8.0,0.0,8.0,0.0
2.0,6.0,3,Laptop & Accessory,3,Married,2,0,9.0,143.19,9.0,0.0
5.0,16.0,3,Laptop & Accessory,1,Single,9,0,0.0,146.48,0.0,0.0
2.0,12.0,4,Laptop & Accessory,2,Single,3,0,3.0,174.08,3.0,0.0
10.0,10.0,4,Mobile Phone,1,Married,7,0,1.0,153.35,1.0,0.0
4.0,22.0,5,Fashion,5,Married,4,0,8.0,196.4,8.0,0.0
30.0,22.0,3,Laptop & Accessory,5,Single,9,0,2.0,154.05,2.0,0.0
15.0,12.0,2,Mobile Phone,3,Married,4,1,4.0,146.27,4.0,5.0
12.0,17.0,3,Fashion,1,Married,2,0,7.0,176.54,7.0,0.0
29.0,8.0,2,Grocery,1,Married,4,0,1.0,272.32,1.0,0.0
12.0,16.0,3,Laptop & Accessory,5,Married,3,0,7.0,153.77,7.0,0.0
24.0,7.0,4,Laptop & Accessory,3,Married,2,0,14.0,188.47,14.0,0.0
17.0,9.0,3,Others,2,Divorced,5,1,1.0,295.13,1.0,2.0
10.0,20.0,4,Mobile Phone,4,Divorced,5,0,5.0,146.43,5.0,0.0
1.0,36.0,5,Mobile Phone,4,Single,2,0,5.0,159.79,5.0,0.0
10.0,17.0,3,Mobile Phone,3,Single,5,0,2.0,136.29,2.0,0.0
14.0,23.0,4,Fashion,1,Single,8,1,4.0,204.45,4.0,5.0
0.0,8.0,3,Mobile,4,Married,10,0,2.0,134.68,2.0,0.0
13.0,9.0,2,Fashion,3,Single,2,0,8.0,203.8,8.0,0.0
1.0,9.0,3,Mobile,4,Married,2,0,0.0,128.56,0.0,0.0
24.0,7.0,5,Mobile Phone,3,Married,4,0,3.0,161.9,3.0,0.0
8.0,17.0,4,Laptop & Accessory,3,Married,3,1,8.0,165.01,8.0,9.0
9.0,6.0,3,Mobile,4,Single,2,1,2.0,123.02,2.0,3.0
1.0,22.0,4,Mobile Phone,1,Single,3,0,1.0,153.71,1.0,0.0
10.0,17.0,5,Laptop & Accessory,3,Married,3,1,8.0,181.73,8.0,9.0
0.0,30.0,1,Mobile Phone,5,Single,2,0,0.0,110.91,0.0,0.0
0.0,16.0,3,Laptop & Accessory,3,Married,2,1,3.0,142.6,3.0,4.0
18.0,8.0,4,Grocery,2,Divorced,10,0,8.0,267.92,8.0,0.0
19.0,14.0,4,Mobile Phone,3,Divorced,6,1,3.0,169.77,3.0,4.0
15.0,8.0,5,Others,1,Married,2,0,9.0,298.45,9.0,0.0
9.0,9.0,4,Mobile Phone,3,Divorced,2,0,0.0,112.81,0.0,0.0
0.0,14.0,3,Mobile,2,Single,2,0,2.0,126.1,2.0,0.0
0.0,16.0,3,Fashion,5,Married,2,0,7.0,187.93,7.0,0.0
30.0,27.0,3,Grocery,1,Married,5,1,0.0,278.75,0.0,1.0
1.0,9.0,5,Mobile Phone,2,Single,9,0,1.0,152.85,1.0,0.0
16.0,30.0,4,Grocery,2,Single,4,0,1.0,284.92,1.0,0.0
9.0,9.0,3,Laptop & Accessory,4,Single,5,0,7.0,144.85,7.0,0.0
8.0,35.0,5,Laptop & Accessory,3,Married,3,0,8.0,192.12,8.0,0.0
30.0,11.0,4,Others,5,Married,6,0,3.0,324.43,3.0,0.0
10.0,11.0,4,Laptop & Accessory,4,Married,9,0,3.0,176.31,3.0,0.0
24.0,24.0,5,Fashion,5,Married,7,0,12.0,257.69,12.0,0.0
6.0,7.0,5,Mobile Phone,4,Divorced,8,0,3.0,148.32,3.0,0.0
9.0,7.0,4,Mobile,4,Married,1,0,2.0,122.69,2.0,0.0
4.0,9.0,4,Mobile Phone,4,Divorced,3,0,1.0,149.76,1.0,0.0
10.0,10.0,2,Laptop & Accessory,5,Married,8,0,5.0,193.42,5.0,0.0
24.0,20.0,3,Laptop & Accessory,2,Divorced,5,0,7.0,149.36,7.0,0.0
1.0,11.0,4,Fashion,5,Single,2,1,3.0,220.82,3.0,4.0
23.0,27.0,4,Laptop & Accessory,5,Married,3,0,12.0,190.67,12.0,0.0
4.0,8.0,3,Laptop & Accessory,1,Single,5,1,5.0,165.82,5.0,6.0
1.0,26.0,2,Laptop & Accessory,1,Single,10,1,5.0,178.04,5.0,6.0
3.0,12.0,4,Laptop & Accessory,2,Divorced,5,0,1.0,145.86,1.0,0.0
2.0,15.0,5,Mobile Phone,1,Married,3,0,5.0,174.36,5.0,0.0
2.0,6.0,3,Fashion,1,Married,2,0,1.0,179.18,1.0,0.0
19.0,30.0,4,Laptop & Accessory,5,Divorced,3,1,9.0,161.33,9.0,10.0
21.0,12.0,4,Laptop & Accessory,3,Single,3,0,2.0,142.4,2.0,0.0
21.0,9.0,5,Mobile Phone,1,Single,3,1,3.0,157.94,3.0,4.0
10.0,27.0,3,Mobile,2,Divorced,6,0,0.0,129.73,0.0,0.0
12.0,12.0,1,Fashion,3,Married,3,0,6.0,182.37,6.0,0.0
0.0,8.0,1,Laptop & Accessory,3,Single,1,0,7.0,165.0,7.0,0.0
16.0,33.0,4,Grocery,4,Divorced,7,0,9.0,260.25,9.0,0.0
15.0,19.0,1,Laptop & Accessory,5,Married,6,0,0.0,155.38,0.0,0.0
19.0,11.0,4,Laptop & Accessory,5,Married,6,1,4.0,175.06,4.0,5.0
9.0,14.0,3,Mobile,3,Single,5,0,9.0,125.19,9.0,0.0
10.0,17.0,4,Fashion,4,Married,7,0,8.0,198.14,8.0,0.0
8.0,28.0,1,Fashion,4,Married,8,0,3.0,219.96,3.0,0.0
1.0,15.0,4,Mobile Phone,1,Single,3,0,5.0,159.45,5.0,0.0
1.0,29.0,4,Mobile Phone,3,Single,3,0,3.0,159.47,3.0,0.0
11.0,6.0,1,Laptop & Accessory,1,Single,1,0,8.0,176.25,8.0,0.0
7.0,16.0,4,Laptop & Accessory,3,Married,2,0,7.0,150.63,7.0,0.0
1.0,17.0,4,Mobile,3,Single,3,1,2.0,135.09,2.0,3.0
7.0,11.0,5,Mobile Phone,4,Married,10,0,3.0,163.38,3.0,0.0
15.0,11.0,3,Fashion,4,Single,10,1,7.0,184.46,7.0,8.0
9.0,30.0,3,Laptop & Accessory,4,Divorced,8,0,8.0,156.74,8.0,0.0
15.0,32.0,3,Fashion,5,Divorced,4,1,0.0,231.91000000000005,0.0,1.0
9.0,14.0,5,Mobile Phone,1,Married,3,0,2.0,151.9,2.0,0.0
0.0,15.0,3,Mobile Phone,5,Single,8,0,4.0,142.0,4.0,0.0
3.0,17.0,4,Mobile Phone,4,Married,3,0,3.0,147.97,3.0,0.0
15.0,16.0,3,Mobile,3,Married,4,0,3.0,129.36,3.0,0.0
1.0,14.0,5,Fashion,2,Married,11,0,2.0,240.57,2.0,0.0
0.0,21.0,4,Mobile Phone,5,Married,1,0,3.0,147.74,3.0,0.0
12.0,18.0,3,Laptop & Accessory,4,Married,5,0,0.0,152.95,0.0,0.0
11.0,32.0,5,Laptop & Accessory,1,Married,9,0,4.0,182.31,4.0,0.0
13.0,16.0,4,Others,1,Single,4,0,4.0,319.31,4.0,0.0
6.0,14.0,3,Mobile Phone,4,Divorced,3,0,4.0,152.94,4.0,0.0
9.0,23.0,5,Fashion,4,Single,3,0,3.0,211.06,3.0,0.0
19.0,14.0,4,Laptop & Accessory,5,Married,9,1,7.0,146.15,7.0,8.0
15.0,9.0,1,Laptop & Accessory,1,Married,3,1,3.0,152.31,3.0,4.0
13.0,19.0,4,Laptop & Accessory,4,Married,6,0,1.0,177.95,1.0,0.0
6.0,6.0,1,Laptop & Accessory,5,Married,2,0,8.0,140.37,8.0,0.0
15.0,11.0,3,Fashion,4,Single,10,1,7.0,184.46,7.0,8.0
16.0,21.0,4,Grocery,3,Married,2,0,11.0,276.03,11.0,0.0
16.0,9.0,6,Others,1,Married,3,0,10.0,323.45,10.0,0.0
3.0,6.0,3,Mobile Phone,4,Married,2,0,7.0,137.48,7.0,0.0
19.0,6.0,3,Mobile,5,Single,7,0,7.0,134.23,7.0,0.0
11.0,7.0,4,Fashion,1,Single,6,0,3.0,199.91,3.0,0.0
1.0,18.0,2,Laptop & Accessory,3,Married,2,0,4.0,165.11,4.0,0.0
1.0,7.0,5,Mobile Phone,5,Divorced,3,1,1.0,148.19,1.0,2.0
6.0,13.0,3,Fashion,3,Married,1,0,3.0,216.91000000000005,3.0,0.0
6.0,15.0,2,Laptop & Accessory,3,Married,7,0,4.0,176.75,4.0,0.0
3.0,11.0,3,Mobile,5,Married,6,0,30.0,132.04,30.0,0.0
17.0,11.0,4,Mobile,3,Single,4,0,3.0,131.62,3.0,0.0
4.0,9.0,4,Mobile Phone,1,Single,2,0,8.0,150.64,8.0,0.0
15.0,6.0,3,Laptop & Accessory,3,Married,2,0,6.0,149.07,6.0,0.0
0.0,6.0,3,Laptop & Accessory,3,Divorced,2,0,7.0,152.96,7.0,0.0
1.0,16.0,6,Mobile Phone,4,Single,3,0,3.0,152.6,3.0,0.0
0.0,14.0,1,Mobile,2,Divorced,9,0,0.0,125.34,0.0,0.0
18.0,6.0,2,Others,2,Divorced,1,0,7.0,292.02,7.0,0.0
26.0,15.0,4,Mobile Phone,5,Divorced,11,0,5.0,154.5,5.0,0.0
12.0,9.0,4,Laptop & Accessory,5,Married,5,0,8.0,193.93,8.0,0.0
1.0,17.0,2,Mobile Phone,3,Married,4,0,3.0,145.73,3.0,0.0
9.0,9.0,4,Mobile Phone,1,Married,3,0,3.0,145.14,3.0,0.0
9.0,6.0,3,Mobile,3,Single,1,1,2.0,121.54,2.0,3.0
5.0,9.0,3,Fashion,1,Single,4,0,3.0,211.59,3.0,0.0
9.0,16.0,3,Mobile,3,Divorced,2,1,0.0,122.2,0.0,1.0
16.0,36.0,6,Laptop & Accessory,1,Single,6,0,1.0,167.72,1.0,0.0
7.0,8.0,4,Mobile,3,Married,4,0,7.0,127.68,7.0,0.0
8.0,29.0,5,Laptop & Accessory,1,Married,3,1,12.0,182.47,12.0,13.0
17.0,17.0,5,Laptop & Accessory,3,Married,3,0,1.0,177.57,1.0,0.0
12.0,7.0,5,Laptop & Accessory,2,Single,6,0,3.0,211.86,3.0,0.0
1.0,9.0,4,Laptop & Accessory,1,Married,2,0,3.0,167.27,3.0,0.0
15.0,13.0,5,Laptop & Accessory,4,Single,8,1,3.0,185.32,3.0,4.0
13.0,9.0,5,Laptop & Accessory,3,Single,3,0,11.0,170.53,11.0,0.0
9.0,14.0,1,Mobile,1,Married,2,0,1.0,122.69,1.0,0.0
4.0,10.0,4,Mobile Phone,3,Married,3,0,1.0,145.83,1.0,0.0
1.0,9.0,5,Mobile Phone,1,Single,3,0,1.0,150.64,1.0,0.0
1.0,9.0,3,Mobile,4,Married,2,0,0.0,128.56,0.0,0.0
8.0,7.0,5,Fashion,5,Divorced,11,0,3.0,229.82,3.0,0.0
1.0,14.0,4,Mobile Phone,3,Divorced,3,1,3.0,153.86,3.0,4.0
1.0,7.0,5,Mobile Phone,3,Married,3,0,4.0,145.07,4.0,0.0
0.0,8.0,5,Laptop & Accessory,1,Single,4,0,0.0,150.71,0.0,0.0
9.0,12.0,4,Fashion,4,Single,2,0,14.0,205.95,14.0,0.0
1.0,15.0,6,Mobile Phone,5,Divorced,3,0,2.0,149.51,2.0,0.0
12.0,8.0,4,Laptop & Accessory,1,Married,9,0,10.0,172.35,10.0,0.0
18.0,14.0,3,Laptop & Accessory,1,Married,10,0,8.0,136.97,8.0,0.0
1.0,23.0,6,Mobile Phone,5,Single,3,1,8.0,164.19,8.0,9.0
27.0,15.0,3,Laptop & Accessory,3,Married,4,0,3.0,128.97,3.0,0.0
19.0,7.0,3,Mobile,5,Single,7,0,7.0,134.23,7.0,0.0
7.0,15.0,4,Laptop & Accessory,3,Single,4,1,1.0,188.88,1.0,2.0
1.0,12.0,4,Mobile Phone,3,Single,3,1,3.0,159.41,3.0,4.0
4.0,29.0,4,Laptop & Accessory,2,Divorced,1,0,8.0,155.82,8.0,0.0
5.0,15.0,4,Laptop & Accessory,1,Single,3,0,9.0,169.24,9.0,0.0
9.0,26.0,3,Laptop & Accessory,3,Single,1,0,2.0,122.72,2.0,0.0
8.0,16.0,5,Fashion,4,Single,3,0,3.0,211.21,3.0,0.0
25.0,10.0,3,Grocery,2,Divorced,3,0,4.0,265.55,4.0,0.0
1.0,27.0,4,Laptop & Accessory,3,Single,3,0,3.0,224.81,3.0,0.0
21.0,11.0,4,Laptop & Accessory,3,Single,5,0,1.0,154.76,1.0,0.0
10.0,28.0,4,Laptop & Accessory,4,Married,6,0,3.0,214.26,3.0,0.0
2.0,6.0,1,Laptop & Accessory,3,Single,9,1,2.0,162.94,2.0,3.0
10.0,17.0,4,Fashion,5,Married,9,1,8.0,208.21,8.0,9.0
19.0,32.0,5,Laptop & Accessory,1,Married,2,0,9.0,184.06,9.0,0.0
0.0,14.0,1,Mobile,3,Married,8,0,2.0,135.17,2.0,0.0
27.0,8.0,5,Grocery,3,Married,6,1,3.0,254.65,3.0,4.0
8.0,7.0,2,Laptop & Accessory,1,Married,2,0,3.0,222.25,3.0,0.0
9.0,28.0,4,Laptop & Accessory,1,Married,3,1,8.0,165.14,8.0,9.0
5.0,14.0,3,Mobile,4,Divorced,2,0,7.0,123.7,7.0,0.0
14.0,19.0,4,Laptop & Accessory,5,Married,4,0,8.0,169.48,8.0,0.0
0.0,16.0,4,Fashion,5,Married,10,0,0.0,203.06,0.0,0.0
9.0,11.0,4,Mobile,5,Married,7,0,0.0,121.07,0.0,0.0
19.0,27.0,4,Grocery,1,Married,2,1,11.0,259.96,11.0,12.0
1.0,17.0,5,Fashion,5,Married,11,0,3.0,228.06,3.0,0.0
4.0,6.0,5,Laptop & Accessory,3,Divorced,1,0,4.0,143.45,4.0,0.0
18.0,13.0,3,Mobile Phone,3,Married,5,1,2.0,144.77,2.0,3.0
17.0,9.0,5,Fashion,1,Married,2,0,3.0,226.69,3.0,0.0
1.0,12.0,5,Fashion,2,Married,3,1,9.0,253.08,9.0,10.0
19.0,6.0,3,Fashion,5,Married,2,0,7.0,204.53,7.0,0.0
19.0,30.0,4,Laptop & Accessory,5,Married,3,1,9.0,161.33,9.0,10.0
8.0,9.0,4,Laptop & Accessory,5,Single,2,1,3.0,170.38,3.0,4.0
15.0,8.0,3,Mobile,3,Married,1,1,0.0,126.96,0.0,1.0
6.0,14.0,4,Mobile,3,Married,10,1,0.0,124.37,0.0,1.0
1.0,7.0,6,Mobile Phone,4,Single,9,1,8.0,147.16,8.0,9.0
7.0,32.0,4,Laptop & Accessory,3,Divorced,3,0,2.0,170.39,2.0,0.0
4.0,16.0,4,Laptop & Accessory,5,Married,3,0,11.0,155.72,11.0,0.0
7.0,12.0,4,Fashion,4,Divorced,8,0,9.0,243.78,9.0,0.0
20.0,9.0,4,Others,1,Married,9,1,3.0,318.28,3.0,4.0
6.0,19.0,3,Mobile,2,Single,4,0,2.0,134.52,2.0,0.0
16.0,33.0,4,Grocery,4,Married,7,0,9.0,260.25,9.0,0.0
8.0,8.0,5,Others,4,Single,3,1,11.0,288.24,11.0,12.0
22.0,14.0,3,Mobile,5,Married,5,1,2.0,125.87,2.0,3.0
9.0,6.0,3,Mobile,1,Married,4,0,2.0,122.7,2.0,0.0
17.0,14.0,2,Mobile Phone,1,Married,6,0,3.0,145.89,3.0,0.0
1.0,9.0,5,Mobile Phone,1,Single,2,0,2.0,164.04,2.0,0.0
1.0,30.0,2,Mobile Phone,1,Married,3,1,5.0,152.25,5.0,6.0
23.0,23.0,4,Fashion,5,Married,6,0,11.0,232.69,11.0,0.0
0.0,16.0,3,Laptop & Accessory,5,Single,2,0,8.0,142.13,8.0,0.0
0.0,10.0,4,Mobile Phone,3,Single,6,0,2.0,138.94,2.0,0.0
28.0,8.0,3,Fashion,4,Married,4,0,3.0,209.76,3.0,0.0
0.0,14.0,3,Mobile,1,Single,3,0,2.0,125.8,2.0,0.0
13.0,20.0,4,Others,3,Single,2,0,9.0,296.26,9.0,0.0
27.0,7.0,4,Laptop & Accessory,5,Single,9,0,11.0,208.81,11.0,0.0
6.0,20.0,5,Mobile Phone,4,Divorced,3,0,3.0,152.43,3.0,0.0
15.0,17.0,4,Laptop & Accessory,2,Single,9,0,11.0,187.3,11.0,0.0
20.0,9.0,4,Others,5,Single,5,0,2.0,314.47,2.0,0.0
16.0,14.0,3,Laptop & Accessory,4,Married,5,0,0.0,147.65,0.0,0.0
15.0,29.0,3,Grocery,1,Single,3,0,0.0,259.92,0.0,0.0
0.0,13.0,3,Mobile,3,Divorced,2,1,2.0,128.86,2.0,3.0
14.0,13.0,4,Grocery,3,Single,9,0,14.0,257.37,14.0,0.0
5.0,14.0,3,Fashion,1,Single,2,0,7.0,189.98,7.0,0.0
11.0,36.0,4,Fashion,4,Divorced,3,1,10.0,243.49,10.0,11.0
0.0,14.0,3,Mobile,2,Divorced,2,0,2.0,123.23,2.0,0.0
31.0,9.0,5,Grocery,2,Single,5,1,4.0,262.26,4.0,5.0
11.0,16.0,3,Laptop & Accessory,3,Married,4,0,2.0,160.77,2.0,0.0
20.0,9.0,4,Fashion,1,Married,6,1,3.0,228.68,3.0,4.0
0.0,8.0,1,Mobile,5,Single,8,0,1.0,134.24,1.0,0.0
21.0,8.0,4,Fashion,4,Married,2,0,13.0,244.57,13.0,0.0
9.0,18.0,4,Mobile,5,Married,2,0,0.0,120.33,0.0,0.0
26.0,14.0,3,Laptop & Accessory,2,Single,3,0,2.0,124.5,2.0,0.0
8.0,16.0,4,Laptop & Accessory,3,Married,3,0,4.0,182.14,4.0,0.0
5.0,10.0,4,Laptop & Accessory,3,Married,2,0,8.0,161.62,8.0,0.0
9.0,26.0,3,Mobile,3,Divorced,5,0,0.0,122.59,0.0,0.0
20.0,17.0,5,Fashion,2,Divorced,4,1,3.0,215.71,3.0,4.0
7.0,9.0,4,Laptop & Accessory,1,Married,4,1,1.0,181.03,1.0,2.0
15.0,14.0,3,Others,2,Married,2,0,9.0,284.3,9.0,0.0
3.0,23.0,3,Fashion,5,Divorced,2,1,3.0,219.16000000000005,3.0,4.0
2.0,8.0,4,Laptop & Accessory,4,Married,3,0,0.0,166.44,0.0,0.0
1.0,7.0,6,Laptop & Accessory,4,Single,8,0,1.0,192.35,1.0,0.0
8.0,30.0,4,Laptop & Accessory,3,Single,2,0,8.0,170.68,8.0,0.0
2.0,8.0,3,Grocery,2,Married,8,0,3.0,221.69,3.0,0.0
13.0,15.0,4,Mobile Phone,3,Divorced,3,0,8.0,162.55,8.0,0.0
15.0,8.0,4,Laptop & Accessory,5,Married,2,0,8.0,166.03,8.0,0.0
4.0,6.0,3,Laptop & Accessory,2,Single,9,1,5.0,159.93,5.0,6.0
10.0,15.0,4,Laptop & Accessory,4,Married,2,0,3.0,141.89,3.0,0.0
8.0,14.0,4,Mobile Phone,3,Married,2,1,8.0,148.08,8.0,9.0
4.0,8.0,5,Mobile,2,Married,5,1,0.0,127.78,0.0,1.0
20.0,10.0,3,Laptop & Accessory,1,Single,2,1,7.0,141.63,7.0,8.0
11.0,8.0,3,Mobile,3,Married,7,1,1.0,130.57,1.0,2.0
24.0,17.0,4,Grocery,4,Single,4,0,3.0,231.42,3.0,0.0
3.0,7.0,4,Fashion,1,Married,3,0,2.0,204.18,2.0,0.0
6.0,12.0,2,Mobile Phone,1,Married,5,0,3.0,158.12,3.0,0.0
0.0,11.0,4,Mobile,3,Single,1,0,0.0,129.66,0.0,0.0
24.0,36.0,5,Grocery,3,Married,2,0,8.0,295.46,8.0,0.0
19.0,10.0,4,Others,4,Married,3,0,8.0,287.89,8.0,0.0
1.0,11.0,4,Mobile Phone,1,Single,11,1,1.0,147.85,1.0,2.0
16.0,9.0,4,Fashion,1,Married,4,1,3.0,226.24,3.0,4.0
1.0,16.0,5,Mobile Phone,3,Divorced,2,1,1.0,158.88,1.0,2.0
1.0,15.0,2,Mobile Phone,3,Married,9,0,3.0,160.17,3.0,0.0
6.0,7.0,4,Fashion,1,Married,3,0,3.0,229.22,3.0,0.0
29.0,15.0,3,Mobile,3,Divorced,3,0,3.0,129.42,3.0,0.0
7.0,14.0,4,Laptop & Accessory,3,Married,3,0,9.0,184.68,9.0,0.0
28.0,24.0,4,Fashion,3,Married,10,0,9.0,232.39,9.0,0.0
9.0,23.0,4,Fashion,4,Divorced,2,0,10.0,205.2,10.0,0.0
2.0,23.0,4,Mobile Phone,3,Single,3,0,5.0,146.44,5.0,0.0
9.0,17.0,3,Mobile,5,Married,1,0,4.0,120.99,4.0,0.0
0.0,19.0,3,Laptop & Accessory,3,Single,4,1,2.0,198.54,2.0,3.0
11.0,21.0,4,Mobile Phone,5,Married,3,0,18.0,155.34,18.0,0.0
1.0,27.0,4,Fashion,3,Married,5,0,3.0,223.24,3.0,0.0
15.0,8.0,3,Fashion,1,Married,3,1,9.0,201.24,9.0,10.0
16.0,36.0,4,Laptop & Accessory,4,Married,3,0,9.0,169.34,9.0,0.0
9.0,7.0,3,Mobile Phone,3,Married,2,0,1.0,112.23,1.0,0.0
9.0,16.0,5,Laptop & Accessory,4,Single,11,0,1.0,190.4,1.0,0.0
19.0,13.0,3,Laptop & Accessory,3,Married,3,0,0.0,152.58,0.0,0.0
2.0,15.0,4,Mobile Phone,2,Single,1,0,2.0,139.83,2.0,0.0
29.0,7.0,2,Grocery,2,Married,4,0,1.0,272.32,1.0,0.0
21.0,10.0,4,Grocery,1,Married,3,0,2.0,252.02,2.0,0.0
0.0,6.0,4,Laptop & Accessory,5,Divorced,6,0,0.0,142.98,0.0,0.0
24.0,6.0,3,Mobile,1,Married,2,0,0.0,127.23,0.0,0.0
6.0,11.0,4,Fashion,2,Married,5,0,2.0,171.19,2.0,0.0
1.0,31.0,4,Mobile Phone,4,Married,3,1,1.0,149.08,1.0,2.0
26.0,30.0,1,Fashion,1,Married,4,0,2.0,170.05,2.0,0.0
5.0,14.0,1,Laptop & Accessory,3,Married,6,0,3.0,151.75,3.0,0.0
14.0,9.0,5,Mobile Phone,2,Single,2,1,4.0,148.42,4.0,5.0
3.0,6.0,3,Mobile Phone,4,Divorced,1,1,7.0,135.79,7.0,8.0
4.0,18.0,3,Mobile Phone,1,Married,9,1,2.0,139.29,2.0,3.0
4.0,27.0,4,Laptop & Accessory,5,Married,2,0,3.0,224.57,3.0,0.0
1.0,22.0,4,Mobile Phone,1,Single,3,0,1.0,137.32,1.0,0.0
14.0,35.0,5,Fashion,5,Married,6,1,1.0,233.54,1.0,2.0
8.0,7.0,2,Mobile Phone,1,Single,4,0,4.0,157.8,4.0,0.0
11.0,9.0,3,Mobile,3,Divorced,4,0,2.0,128.21,2.0,0.0
8.0,31.0,3,Fashion,3,Married,2,1,1.0,203.88,1.0,2.0
5.0,15.0,3,Laptop & Accessory,1,Married,2,1,5.0,163.22,5.0,6.0
19.0,20.0,3,Mobile Phone,4,Married,10,1,3.0,149.63,3.0,4.0
8.0,27.0,2,Mobile Phone,3,Divorced,2,0,1.0,150.85,1.0,0.0
5.0,15.0,5,Laptop & Accessory,1,Married,1,0,7.0,146.68,7.0,0.0
23.0,34.0,3,Grocery,5,Married,5,1,2.0,268.8,2.0,3.0
1.0,11.0,4,Mobile Phone,1,Single,3,1,3.0,153.75,3.0,4.0
7.0,7.0,5,Mobile Phone,5,Single,5,1,3.0,152.99,3.0,4.0
13.0,7.0,5,Grocery,1,Married,3,0,9.0,252.42,9.0,0.0
1.0,17.0,4,Laptop & Accessory,3,Married,3,1,4.0,167.6,4.0,5.0
1.0,26.0,5,Mobile Phone,4,Married,3,1,1.0,149.13,1.0,2.0
2.0,33.0,3,Laptop & Accessory,3,Divorced,5,0,1.0,143.35,1.0,0.0
3.0,30.0,3,Mobile,3,Married,2,0,0.0,126.93,0.0,0.0
6.0,15.0,3,Mobile,2,Divorced,1,0,10.0,127.81,10.0,0.0
2.0,33.0,5,Laptop & Accessory,5,Divorced,3,0,5.0,172.24,5.0,0.0
31.0,22.0,4,Grocery,3,Married,4,1,3.0,282.87,3.0,4.0
8.0,6.0,3,Laptop & Accessory,3,Married,10,0,9.0,147.17,9.0,0.0
11.0,28.0,4,Mobile Phone,2,Divorced,7,0,1.0,154.73,1.0,0.0
8.0,26.0,4,Laptop & Accessory,4,Married,6,0,11.0,169.44,11.0,0.0
14.0,9.0,5,Mobile Phone,3,Single,4,0,3.0,153.09,3.0,0.0
0.0,9.0,3,Mobile,5,Single,1,0,4.0,131.02,4.0,0.0
15.0,14.0,6,Others,3,Married,3,0,11.0,324.73,11.0,0.0
2.0,16.0,4,Laptop & Accessory,1,Single,3,0,8.0,177.53,8.0,0.0
19.0,19.0,3,Laptop & Accessory,4,Single,7,0,9.0,155.62,9.0,0.0
4.0,15.0,3,Fashion,4,Married,2,0,8.0,206.48,8.0,0.0
27.0,25.0,3,Fashion,4,Divorced,3,0,1.0,207.25,1.0,0.0
2.0,8.0,3,Mobile,4,Divorced,1,0,2.0,131.8,2.0,0.0
6.0,20.0,3,Mobile,4,Married,2,0,6.0,127.56,6.0,0.0
0.0,16.0,3,Grocery,5,Married,2,1,10.0,270.68,10.0,11.0
8.0,6.0,4,Mobile,3,Single,2,0,4.0,128.59,4.0,0.0
0.0,34.0,3,Laptop & Accessory,4,Married,2,0,4.0,162.72,4.0,0.0
12.0,8.0,3,Fashion,3,Single,1,0,3.0,209.38,3.0,0.0
1.0,9.0,4,Mobile Phone,5,Married,3,1,1.0,145.74,1.0,2.0
12.0,7.0,5,Fashion,3,Single,11,1,1.0,178.81,1.0,2.0
13.0,9.0,2,Fashion,3,Single,2,0,8.0,203.8,8.0,0.0
10.0,10.0,4,Mobile Phone,4,Single,6,0,3.0,145.88,3.0,0.0
11.0,6.0,2,Laptop & Accessory,2,Single,1,0,8.0,176.25,8.0,0.0
3.0,12.0,4,Laptop & Accessory,2,Divorced,1,0,7.0,146.27,7.0,0.0
1.0,16.0,4,Laptop & Accessory,5,Single,2,1,4.0,207.24,4.0,5.0
6.0,13.0,3,Fashion,3,Divorced,1,0,3.0,216.91000000000005,3.0,0.0
7.0,34.0,4,Laptop & Accessory,3,Married,2,0,7.0,167.12,7.0,0.0
2.0,12.0,4,Mobile,4,Married,2,0,0.0,128.04,0.0,0.0
8.0,8.0,4,Laptop & Accessory,1,Married,11,0,2.0,179.84,2.0,0.0
1.0,9.0,4,Mobile Phone,5,Married,2,0,3.0,155.41,3.0,0.0
22.0,14.0,4,Grocery,4,Divorced,7,0,3.0,231.2,3.0,0.0
10.0,16.0,2,Mobile Phone,4,Married,3,0,3.0,153.1,3.0,0.0
1.0,12.0,4,Mobile Phone,1,Single,2,1,3.0,148.79,3.0,4.0
13.0,8.0,3,Laptop & Accessory,4,Married,8,0,3.0,157.15,3.0,0.0
30.0,15.0,4,Mobile Phone,5,Married,6,1,3.0,167.57,3.0,4.0
1.0,22.0,4,Laptop & Accessory,3,Married,9,0,1.0,173.34,1.0,0.0
9.0,23.0,4,Mobile,4,Divorced,2,0,0.0,121.27,0.0,0.0
4.0,11.0,3,Mobile Phone,2,Divorced,1,1,3.0,148.21,3.0,4.0
9.0,9.0,4,Laptop & Accessory,1,Married,4,0,8.0,182.62,8.0,0.0
9.0,9.0,4,Fashion,1,Married,5,0,12.0,196.99,12.0,0.0
29.0,15.0,4,Grocery,3,Married,4,1,3.0,272.56,3.0,4.0
18.0,6.0,3,Fashion,4,Married,2,0,7.0,174.41,7.0,0.0
9.0,30.0,3,Mobile,4,Single,2,0,4.0,121.77,4.0,0.0
1.0,24.0,5,Mobile Phone,1,Married,7,0,4.0,148.67,4.0,0.0
6.0,26.0,6,Fashion,3,Married,5,0,3.0,221.1,3.0,0.0
9.0,15.0,4,Laptop & Accessory,3,Married,3,0,10.0,166.48,10.0,0.0
6.0,14.0,1,Mobile,5,Married,7,0,6.0,131.43,6.0,0.0
11.0,20.0,3,Laptop & Accessory,4,Married,1,0,7.0,199.24,7.0,0.0
11.0,11.0,4,Mobile Phone,3,Married,9,1,4.0,154.96,4.0,5.0
18.0,8.0,3,Laptop & Accessory,4,Married,1,0,7.0,148.05,7.0,0.0
1.0,7.0,3,Mobile,1,Married,2,0,2.0,127.06,2.0,0.0
14.0,12.0,3,Fashion,2,Single,4,1,0.0,235.91000000000005,0.0,1.0
1.0,33.0,5,Laptop & Accessory,5,Single,7,0,2.0,191.96,2.0,0.0
2.0,26.0,3,Laptop & Accessory,1,Married,3,0,2.0,169.31,2.0,0.0
12.0,8.0,1,Fashion,3,Single,1,0,7.0,178.8,7.0,0.0
1.0,25.0,2,Laptop & Accessory,3,Divorced,4,0,3.0,187.32,3.0,0.0
14.0,12.0,3,Mobile Phone,5,Single,3,1,17.0,147.21,17.0,18.0
9.0,6.0,3,Mobile,1,Married,2,0,3.0,120.44,3.0,0.0
19.0,11.0,6,Fashion,3,Married,6,0,3.0,222.56,3.0,0.0
10.0,11.0,3,Laptop & Accessory,1,Married,8,0,4.0,163.47,4.0,0.0
0.0,7.0,3,Mobile,1,Married,5,0,2.0,132.29,2.0,0.0
9.0,9.0,4,Laptop & Accessory,4,Single,7,0,3.0,169.25,3.0,0.0
1.0,9.0,4,Mobile Phone,4,Married,3,0,3.0,147.26,3.0,0.0
4.0,9.0,3,Mobile,5,Married,2,1,3.0,130.65,3.0,4.0
5.0,9.0,4,Mobile Phone,3,Married,3,0,4.0,159.77,4.0,0.0
16.0,9.0,4,Grocery,5,Married,2,0,8.0,301.65,8.0,0.0
0.0,8.0,4,Mobile,1,Single,8,0,0.0,127.85,0.0,0.0
14.0,35.0,6,Fashion,5,Married,5,0,2.0,234.32,2.0,0.0
12.0,14.0,2,Mobile Phone,3,Married,3,0,4.0,151.1,4.0,0.0
9.0,9.0,3,Mobile Phone,4,Single,2,0,0.0,114.83,0.0,0.0
1.0,7.0,5,Mobile Phone,4,Single,3,1,3.0,146.74,3.0,4.0
9.0,11.0,3,Laptop & Accessory,4,Single,9,0,7.0,159.14,7.0,0.0
19.0,31.0,4,Mobile Phone,4,Single,3,0,5.0,146.77,5.0,0.0
14.0,16.0,4,Laptop & Accessory,5,Married,2,0,2.0,179.73,2.0,0.0
23.0,14.0,3,Mobile Phone,4,Divorced,8,0,2.0,138.75,2.0,0.0
3.0,27.0,4,Laptop & Accessory,2,Married,4,0,3.0,194.31,3.0,0.0
1.0,34.0,4,Laptop & Accessory,1,Single,3,1,8.0,183.13,8.0,9.0
5.0,25.0,1,Mobile,3,Married,7,1,2.0,127.59,2.0,3.0
0.0,8.0,1,Laptop & Accessory,3,Married,2,0,7.0,152.06,7.0,0.0
8.0,24.0,3,Laptop & Accessory,5,Married,1,0,4.0,0.0,4.0,0.0
9.0,10.0,4,Mobile,5,Married,2,0,0.0,121.09,0.0,0.0
2.0,14.0,3,Mobile,5,Divorced,8,1,2.0,124.04,2.0,3.0
16.0,17.0,3,Fashion,3,Married,2,0,9.0,175.1,9.0,0.0
7.0,11.0,4,Laptop & Accessory,4,Married,7,0,8.0,155.55,8.0,0.0
12.0,17.0,4,Laptop & Accessory,2,Single,3,1,4.0,181.66,4.0,5.0
7.0,6.0,4,Mobile Phone,2,Divorced,2,1,3.0,136.22,3.0,4.0
13.0,22.0,3,Fashion,1,Single,7,1,3.0,179.45,3.0,4.0
1.0,14.0,4,Mobile Phone,4,Single,3,1,1.0,149.72,1.0,2.0
17.0,30.0,5,Mobile Phone,3,Single,3,0,4.0,137.08,4.0,0.0
14.0,33.0,5,Laptop & Accessory,1,Married,5,1,1.0,169.22,1.0,2.0
20.0,7.0,3,Fashion,4,Married,1,0,3.0,219.57,3.0,0.0
26.0,8.0,4,Fashion,4,Married,3,0,12.0,175.25,12.0,0.0
12.0,11.0,4,Mobile Phone,3,Married,9,0,1.0,158.06,1.0,0.0
1.0,14.0,4,Mobile Phone,4,Single,3,0,1.0,151.79,1.0,0.0
3.0,13.0,3,Mobile,4,Single,1,0,2.0,129.83,2.0,0.0
23.0,15.0,5,Grocery,4,Divorced,8,0,4.0,256.2,4.0,0.0
3.0,20.0,5,Laptop & Accessory,4,Married,6,1,4.0,165.25,4.0,5.0
5.0,19.0,4,Mobile Phone,1,Married,10,1,3.0,164.29,3.0,4.0
1.0,12.0,5,Mobile Phone,3,Married,3,1,8.0,148.66,8.0,9.0
16.0,12.0,4,Mobile Phone,3,Married,6,0,1.0,145.93,1.0,0.0
9.0,11.0,3,Mobile,3,Divorced,5,0,0.0,120.93,0.0,0.0
1.0,13.0,5,Mobile Phone,1,Single,3,1,1.0,154.26,1.0,2.0
12.0,8.0,4,Laptop & Accessory,1,Married,9,0,4.0,152.04,4.0,0.0
4.0,8.0,3,Laptop & Accessory,5,Single,8,0,3.0,153.32,3.0,0.0
1.0,31.0,2,Mobile Phone,5,Single,3,0,1.0,135.91,1.0,0.0
9.0,9.0,6,Others,4,Single,4,1,12.0,313.24,12.0,13.0
1.0,13.0,6,Mobile Phone,3,Married,2,0,1.0,148.51,1.0,0.0
12.0,21.0,4,Laptop & Accessory,4,Married,2,0,3.0,224.24,3.0,0.0
11.0,7.0,4,Laptop & Accessory,4,Divorced,8,0,4.0,189.47,4.0,0.0
3.0,15.0,3,Laptop & Accessory,5,Married,2,0,10.0,130.72,10.0,0.0
6.0,7.0,4,Laptop & Accessory,5,Married,6,0,3.0,165.87,3.0,0.0
1.0,28.0,2,Mobile Phone,1,Single,3,0,3.0,151.78,3.0,0.0
27.0,26.0,3,Laptop & Accessory,3,Single,4,0,3.0,148.69,3.0,0.0
4.0,16.0,4,Laptop & Accessory,5,Married,3,0,11.0,155.72,11.0,0.0
9.0,6.0,3,Laptop & Accessory,4,Divorced,1,0,5.0,152.28,5.0,0.0
10.0,15.0,4,Laptop & Accessory,2,Married,6,0,8.0,175.79,8.0,0.0
6.0,8.0,5,Mobile Phone,4,Married,2,0,3.0,147.69,3.0,0.0
23.0,12.0,4,Laptop & Accessory,3,Divorced,4,0,3.0,191.51,3.0,0.0
30.0,13.0,3,Grocery,5,Divorced,11,0,8.0,257.12,8.0,0.0
10.0,11.0,4,Laptop & Accessory,4,Married,9,0,3.0,176.31,3.0,0.0
9.0,9.0,4,Mobile,2,Divorced,4,0,0.0,121.77,0.0,0.0
11.0,17.0,2,Fashion,1,Married,3,1,9.0,262.44,9.0,10.0
0.0,10.0,4,Mobile,1,Married,1,0,4.0,131.62,4.0,0.0
1.0,18.0,4,Mobile Phone,5,Married,2,0,5.0,145.99,5.0,0.0
13.0,14.0,3,Laptop & Accessory,3,Married,4,1,3.0,167.96,3.0,4.0
9.0,7.0,4,Fashion,3,Single,3,0,3.0,212.89,3.0,0.0
1.0,7.0,5,Mobile Phone,4,Single,3,1,3.0,145.7,3.0,4.0
1.0,17.0,4,Laptop & Accessory,3,Married,3,1,4.0,167.6,4.0,5.0
0.0,14.0,4,Mobile,1,Single,2,1,0.0,124.39,0.0,1.0
19.0,14.0,2,Laptop & Accessory,3,Married,6,0,3.0,189.34,3.0,0.0
29.0,15.0,5,Grocery,4,Married,3,1,1.0,260.77,1.0,2.0
10.0,10.0,4,Laptop & Accessory,4,Single,6,0,8.0,169.85,8.0,0.0
1.0,9.0,4,Mobile Phone,4,Single,3,0,1.0,138.93,1.0,0.0
13.0,11.0,4,Fashion,5,Married,6,1,12.0,204.75,12.0,13.0
7.0,6.0,1,Mobile,2,Single,3,0,3.0,132.8,3.0,0.0
7.0,8.0,4,Laptop & Accessory,3,Divorced,2,0,9.0,195.47,9.0,0.0
6.0,7.0,4,Mobile Phone,1,Married,2,0,3.0,148.14,3.0,0.0
10.0,19.0,3,Laptop & Accessory,1,Married,2,0,7.0,142.85,7.0,0.0
5.0,10.0,4,Fashion,3,Married,11,0,3.0,261.75,3.0,0.0
17.0,14.0,1,Mobile,1,Married,3,1,2.0,128.18,2.0,3.0
5.0,6.0,3,Mobile,2,Married,1,0,2.0,123.14,2.0,0.0
23.0,30.0,3,Grocery,3,Divorced,4,1,5.0,239.73,5.0,6.0
3.0,9.0,4,Laptop & Accessory,3,Divorced,3,0,3.0,171.49,3.0,0.0
13.0,14.0,3,Laptop & Accessory,3,Divorced,4,1,3.0,167.96,3.0,4.0
16.0,8.0,3,Mobile,1,Single,1,0,8.0,135.39,8.0,0.0
0.0,14.0,4,Mobile,1,Married,6,0,3.0,123.67,3.0,0.0
20.0,12.0,4,Laptop & Accessory,1,Single,6,1,9.0,182.72,9.0,10.0
0.0,14.0,1,Mobile,3,Married,8,0,2.0,135.17,2.0,0.0
15.0,12.0,2,Mobile Phone,3,Divorced,4,1,4.0,146.27,4.0,5.0
1.0,24.0,4,Mobile Phone,4,Married,2,1,2.0,155.58,2.0,3.0
14.0,12.0,3,Fashion,3,Single,2,0,7.0,192.41,7.0,0.0
26.0,14.0,3,Grocery,1,Married,6,0,3.0,218.36,3.0,0.0
4.0,31.0,2,Grocery,4,Single,6,1,1.0,256.94,1.0,2.0
8.0,31.0,4,Fashion,4,Married,4,0,8.0,209.03,8.0,0.0
7.0,17.0,4,Laptop & Accessory,4,Divorced,5,0,8.0,144.9,8.0,0.0
3.0,8.0,5,Grocery,1,Married,5,0,8.0,286.24,8.0,0.0
30.0,6.0,3,Fashion,2,Divorced,4,1,3.0,219.04,3.0,4.0
10.0,25.0,3,Laptop & Accessory,3,Married,4,0,2.0,157.68,2.0,0.0
2.0,8.0,3,Grocery,1,Married,8,0,3.0,221.69,3.0,0.0
6.0,6.0,4,Mobile,5,Single,4,1,2.0,127.99,2.0,3.0
19.0,14.0,3,Mobile,3,Married,9,0,8.0,123.39,8.0,0.0
9.0,12.0,1,Mobile Phone,5,Married,2,1,0.0,116.01,0.0,1.0
7.0,8.0,1,Mobile,1,Married,1,1,2.0,129.32,2.0,3.0
3.0,16.0,3,Fashion,3,Single,10,0,2.0,196.67,2.0,0.0
30.0,15.0,4,Mobile Phone,5,Married,6,1,3.0,167.57,3.0,4.0
11.0,14.0,3,Mobile,5,Single,4,0,0.0,126.19,0.0,0.0
8.0,8.0,5,Mobile Phone,4,Married,7,0,3.0,157.94,3.0,0.0
1.0,14.0,2,Mobile Phone,5,Single,2,0,8.0,160.78,8.0,0.0
28.0,14.0,4,Laptop & Accessory,1,Married,6,0,8.0,193.54,8.0,0.0
10.0,6.0,3,Fashion,1,Single,5,0,2.0,174.91,2.0,0.0
11.0,7.0,4,Mobile Phone,2,Single,3,0,8.0,146.15,8.0,0.0
7.0,14.0,3,Laptop & Accessory,3,Single,4,0,3.0,161.42,3.0,0.0
17.0,21.0,4,Grocery,5,Divorced,8,0,1.0,296.59,1.0,0.0
6.0,17.0,4,Mobile Phone,3,Married,8,0,4.0,159.33,4.0,0.0
13.0,10.0,5,Laptop & Accessory,3,Married,2,0,8.0,155.69,8.0,0.0
1.0,35.0,5,Laptop & Accessory,5,Single,5,0,4.0,167.84,4.0,0.0
6.0,23.0,3,Grocery,3,Single,2,0,0.0,274.44,0.0,0.0
31.0,14.0,2,Laptop & Accessory,1,Married,2,1,10.0,177.2,10.0,11.0
18.0,7.0,4,Mobile Phone,1,Married,6,1,3.0,156.95,3.0,4.0
1.0,11.0,5,Mobile Phone,2,Divorced,2,0,5.0,156.62,5.0,0.0
2.0,9.0,3,Mobile Phone,5,Single,2,1,5.0,147.23,5.0,6.0
11.0,7.0,5,Laptop & Accessory,3,Married,3,0,8.0,184.93,8.0,0.0
9.0,27.0,1,Mobile,4,Married,2,0,13.0,120.28,13.0,0.0
5.0,32.0,3,Laptop & Accessory,2,Divorced,1,0,2.0,144.65,2.0,0.0
1.0,9.0,4,Mobile Phone,5,Married,3,1,1.0,145.74,1.0,2.0
0.0,7.0,5,Laptop & Accessory,4,Single,7,0,0.0,167.35,0.0,0.0
9.0,13.0,3,Mobile,1,Married,2,1,2.0,122.75,2.0,3.0
7.0,17.0,2,Fashion,3,Married,2,1,9.0,208.8,9.0,10.0
0.0,14.0,3,Laptop & Accessory,4,Married,2,0,7.0,162.14,7.0,0.0
1.0,16.0,5,Mobile Phone,5,Married,5,0,3.0,169.0,3.0,0.0
6.0,11.0,3,Laptop & Accessory,1,Married,7,0,2.0,199.98,2.0,0.0
0.0,15.0,1,Mobile Phone,3,Married,2,0,4.0,144.01,4.0,0.0
1.0,20.0,5,Mobile Phone,5,Married,6,1,1.0,148.35,1.0,2.0
0.0,16.0,3,Laptop & Accessory,5,Single,2,0,8.0,142.13,8.0,0.0
7.0,14.0,4,Laptop & Accessory,4,Divorced,2,0,3.0,168.02,3.0,0.0
0.0,16.0,3,Fashion,5,Married,2,0,7.0,187.93,7.0,0.0
21.0,14.0,5,Fashion,5,Married,9,1,3.0,225.08,3.0,4.0
27.0,11.0,3,Others,5,Married,5,0,2.0,294.06,2.0,0.0
1.0,16.0,5,Mobile Phone,5,Single,2,1,3.0,148.21,3.0,4.0
13.0,15.0,3,Fashion,3,Single,10,0,13.0,234.99,13.0,0.0
0.0,14.0,3,Mobile,5,Single,6,1,4.0,126.57,4.0,5.0
1.0,10.0,4,Mobile Phone,5,Single,2,0,5.0,156.02,5.0,0.0
26.0,13.0,2,Grocery,3,Divorced,4,0,3.0,248.14,3.0,0.0
9.0,35.0,5,Mobile Phone,3,Married,2,0,3.0,149.3,3.0,0.0
1.0,12.0,4,Others,3,Married,8,0,1.0,308.03,1.0,0.0
0.0,31.0,1,Mobile,1,Single,2,1,1.0,129.94,1.0,2.0
8.0,13.0,3,Fashion,3,Single,4,0,6.0,202.21,6.0,0.0
14.0,18.0,3,Mobile Phone,2,Divorced,4,1,0.0,147.66,0.0,1.0
7.0,8.0,4,Laptop & Accessory,5,Married,7,0,9.0,159.57,9.0,0.0
3.0,30.0,1,Grocery,4,Single,5,1,0.0,231.94,0.0,1.0
1.0,16.0,5,Mobile Phone,5,Divorced,5,0,3.0,169.0,3.0,0.0
8.0,9.0,4,Laptop & Accessory,1,Single,3,0,5.0,187.74,5.0,0.0
13.0,8.0,4,Mobile,3,Single,3,0,2.0,128.09,2.0,0.0
5.0,15.0,2,Mobile Phone,4,Single,11,0,3.0,146.09,3.0,0.0
28.0,27.0,4,Laptop & Accessory,3,Single,5,0,4.0,173.69,4.0,0.0
25.0,9.0,4,Fashion,3,Divorced,3,1,4.0,179.69,4.0,5.0
12.0,7.0,5,Fashion,3,Single,11,1,1.0,178.81,1.0,2.0
27.0,7.0,5,Grocery,3,Married,6,1,3.0,254.65,3.0,4.0
1.0,14.0,3,Mobile,2,Single,2,0,2.0,133.1,2.0,0.0
14.0,8.0,4,Mobile Phone,1,Married,10,0,1.0,149.06,1.0,0.0
0.0,14.0,3,Mobile,2,Divorced,6,1,4.0,124.36,4.0,5.0
12.0,21.0,4,Laptop & Accessory,4,Married,2,0,3.0,224.24,3.0,0.0
0.0,12.0,3,Mobile Phone,1,Married,2,1,2.0,56.0,2.0,3.0
14.0,12.0,5,Fashion,5,Married,7,1,3.0,229.75,3.0,4.0
27.0,13.0,3,Laptop & Accessory,1,Married,5,0,7.0,168.54,7.0,0.0
9.0,14.0,4,Mobile Phone,3,Divorced,3,0,1.0,149.04,1.0,0.0
0.0,21.0,3,Fashion,3,Divorced,8,1,7.0,236.1,7.0,8.0
3.0,16.0,2,Mobile Phone,3,Married,8,0,1.0,149.51,1.0,0.0
7.0,12.0,5,Mobile Phone,1,Married,3,0,3.0,154.11,3.0,0.0
9.0,15.0,3,Mobile,5,Single,4,0,0.0,120.18,0.0,0.0
18.0,11.0,5,Laptop & Accessory,5,Single,2,1,4.0,157.69,4.0,5.0
3.0,9.0,4,Mobile Phone,4,Divorced,2,0,3.0,156.8,3.0,0.0
0.0,9.0,1,Laptop & Accessory,1,Married,2,1,4.0,146.47,4.0,5.0
6.0,10.0,4,Laptop & Accessory,5,Married,3,0,4.0,192.25,4.0,0.0
13.0,32.0,3,Laptop & Accessory,5,Divorced,2,0,5.0,183.96,5.0,0.0
1.0,16.0,4,Mobile Phone,5,Single,9,0,5.0,167.0,5.0,0.0
19.0,13.0,4,Fashion,5,Married,6,1,1.0,257.45,1.0,2.0
12.0,9.0,4,Mobile Phone,4,Married,7,0,9.0,150.92,9.0,0.0
2.0,7.0,3,Mobile Phone,1,Married,2,0,2.0,137.6,2.0,0.0
11.0,16.0,5,Laptop & Accessory,4,Married,3,0,4.0,166.89,4.0,0.0
8.0,12.0,5,Laptop & Accessory,1,Married,3,0,14.0,164.86,14.0,0.0
4.0,8.0,3,Fashion,3,Married,2,1,6.0,198.52,6.0,7.0
2.0,28.0,2,Fashion,4,Married,8,0,3.0,219.96,3.0,0.0
10.0,31.0,3,Laptop & Accessory,3,Married,4,1,7.0,144.49,7.0,8.0
11.0,16.0,6,Grocery,3,Married,9,0,11.0,254.36,11.0,0.0
2.0,29.0,1,Mobile,3,Divorced,2,0,7.0,127.0,7.0,0.0
18.0,14.0,3,Laptop & Accessory,4,Married,9,0,15.0,123.48,15.0,0.0
0.0,8.0,3,Laptop & Accessory,1,Married,1,0,2.0,142.27,2.0,0.0
14.0,9.0,4,Mobile Phone,3,Married,4,0,3.0,145.01,3.0,0.0
26.0,13.0,3,Others,3,Married,4,0,7.0,286.06,7.0,0.0
27.0,31.0,2,Fashion,1,Married,5,0,3.0,195.05,3.0,0.0
27.0,6.0,3,Fashion,3,Married,8,0,4.0,205.02,4.0,0.0
31.0,9.0,4,Grocery,4,Married,6,0,15.0,287.91,15.0,0.0
20.0,31.0,3,Fashion,3,Single,3,0,11.0,186.33,11.0,0.0
17.0,17.0,4,Mobile Phone,2,Single,2,0,8.0,149.55,8.0,0.0
18.0,32.0,4,Laptop & Accessory,5,Married,2,0,5.0,143.85,5.0,0.0
11.0,17.0,2,Fashion,1,Married,3,1,9.0,262.44,9.0,10.0
5.0,11.0,4,Laptop & Accessory,1,Single,9,0,0.0,196.79,0.0,0.0
14.0,8.0,3,Grocery,5,Divorced,8,0,8.0,265.95,8.0,0.0
7.0,14.0,3,Laptop & Accessory,3,Single,4,0,3.0,161.42,3.0,0.0
7.0,12.0,4,Laptop & Accessory,2,Divorced,8,0,3.0,224.98,3.0,0.0
1.0,21.0,5,Mobile Phone,4,Married,3,1,3.0,162.43,3.0,4.0
23.0,15.0,3,Others,3,Married,5,1,0.0,293.31,0.0,1.0
4.0,30.0,3,Laptop & Accessory,1,Single,3,0,4.0,152.38,4.0,0.0
1.0,13.0,4,Mobile Phone,2,Divorced,3,1,3.0,151.59,3.0,4.0
9.0,9.0,4,Mobile,1,Single,1,0,1.0,120.45,1.0,0.0
9.0,15.0,4,Laptop & Accessory,4,Married,3,1,2.0,188.47,2.0,3.0
2.0,16.0,4,Mobile Phone,1,Married,3,0,5.0,145.7,5.0,0.0
1.0,14.0,4,Mobile Phone,1,Married,3,1,3.0,147.75,3.0,4.0
11.0,7.0,4,Mobile Phone,1,Single,3,0,8.0,146.15,8.0,0.0
4.0,34.0,4,Laptop & Accessory,2,Married,9,0,8.0,178.04,8.0,0.0
0.0,12.0,3,Mobile,5,Single,3,0,3.0,129.6,3.0,0.0
1.0,31.0,6,Mobile Phone,1,Single,3,1,1.0,148.4,1.0,2.0
2.0,16.0,4,Mobile Phone,2,Divorced,3,0,5.0,145.7,5.0,0.0
4.0,8.0,4,Laptop & Accessory,5,Divorced,4,0,0.0,164.1,0.0,0.0
9.0,12.0,5,Mobile,3,Married,2,0,7.0,127.41,7.0,0.0
1.0,24.0,4,Mobile Phone,4,Married,3,0,1.0,147.1,1.0,0.0
18.0,7.0,4,Laptop & Accessory,5,Married,7,1,4.0,179.54,4.0,5.0
4.0,14.0,4,Mobile Phone,4,Single,2,0,3.0,154.83,3.0,0.0
15.0,14.0,2,Mobile Phone,3,Divorced,3,0,9.0,158.76,9.0,0.0
3.0,31.0,3,Laptop & Accessory,3,Divorced,8,1,2.0,147.36,2.0,3.0
9.0,16.0,4,Laptop & Accessory,3,Single,3,0,9.0,175.98,9.0,0.0
9.0,6.0,3,Laptop & Accessory,2,Single,5,0,0.0,166.53,0.0,0.0
9.0,21.0,5,Mobile,1,Married,1,1,3.0,121.68,3.0,4.0
1.0,10.0,4,Mobile Phone,3,Single,3,0,8.0,165.84,8.0,0.0
10.0,33.0,1,Laptop & Accessory,3,Single,5,1,3.0,163.97,3.0,4.0
0.0,12.0,3,Mobile,3,Divorced,1,0,2.0,127.73,2.0,0.0
0.0,11.0,3,Mobile Phone,2,Single,2,0,0.0,110.51,0.0,0.0
0.0,15.0,4,Mobile,5,Single,8,0,3.0,134.07,3.0,0.0
28.0,12.0,4,Others,5,Married,6,0,3.0,319.06,3.0,0.0
6.0,14.0,3,Mobile,1,Single,5,0,0.0,124.96,0.0,0.0
2.0,26.0,3,Laptop & Accessory,2,Married,3,0,2.0,169.31,2.0,0.0
19.0,13.0,5,Fashion,1,Single,8,0,3.0,213.65,3.0,0.0
31.0,7.0,5,Laptop & Accessory,3,Single,9,0,4.0,179.73,4.0,0.0
1.0,35.0,4,Laptop & Accessory,4,Divorced,3,0,5.0,187.72,5.0,0.0
0.0,16.0,4,Fashion,5,Married,10,0,0.0,203.06,0.0,0.0
14.0,10.0,5,Laptop & Accessory,4,Married,7,0,2.0,164.3,2.0,0.0
9.0,6.0,3,Mobile,4,Single,2,0,1.0,120.96,1.0,0.0
0.0,6.0,1,Fashion,4,Single,2,0,7.0,174.46,7.0,0.0
1.0,17.0,5,Laptop & Accessory,2,Divorced,3,1,5.0,182.69,5.0,6.0
2.0,7.0,6,Laptop & Accessory,2,Divorced,2,0,6.0,191.74,6.0,0.0
15.0,9.0,1,Laptop & Accessory,2,Divorced,3,1,3.0,152.31,3.0,4.0
25.0,15.0,5,Fashion,4,Married,7,0,8.0,249.9,8.0,0.0
21.0,10.0,4,Fashion,3,Single,8,0,3.0,209.99,3.0,0.0
7.0,14.0,4,Laptop & Accessory,4,Married,2,0,3.0,168.02,3.0,0.0
29.0,9.0,5,Grocery,5,Single,9,0,3.0,292.56,3.0,0.0
11.0,9.0,3,Laptop & Accessory,3,Single,4,1,2.0,143.17,2.0,3.0
10.0,13.0,6,Mobile Phone,3,Married,3,0,8.0,152.41,8.0,0.0
0.0,14.0,4,Laptop & Accessory,5,Single,7,0,2.0,153.26,2.0,0.0
9.0,15.0,4,Fashion,1,Single,2,0,7.0,196.19,7.0,0.0
26.0,6.0,3,Laptop & Accessory,5,Single,8,0,10.0,183.81,10.0,0.0
28.0,6.0,4,Laptop & Accessory,3,Single,9,0,1.0,162.8,1.0,0.0
1.0,7.0,5,Mobile Phone,3,Married,3,1,1.0,154.33,1.0,2.0
1.0,16.0,5,Mobile Phone,3,Married,2,1,1.0,158.88,1.0,2.0
12.0,30.0,5,Fashion,3,Single,2,0,3.0,220.26,3.0,0.0
5.0,30.0,3,Laptop & Accessory,1,Married,2,0,7.0,153.09,7.0,0.0
8.0,9.0,4,Laptop & Accessory,2,Single,3,0,5.0,187.74,5.0,0.0
1.0,17.0,5,Mobile Phone,3,Single,3,0,1.0,137.0,1.0,0.0
2.0,11.0,4,Laptop & Accessory,4,Married,2,1,9.0,141.87,9.0,10.0
3.0,31.0,3,Laptop & Accessory,3,Married,8,1,2.0,147.36,2.0,3.0
4.0,14.0,4,Mobile,4,Single,1,1,2.0,126.57,2.0,3.0
5.0,16.0,3,Laptop & Accessory,1,Single,2,0,8.0,153.96,8.0,0.0
6.0,11.0,4,Mobile,2,Divorced,2,0,2.0,129.11,2.0,0.0
0.0,14.0,2,Laptop & Accessory,4,Divorced,1,0,2.0,148.51,2.0,0.0
9.0,13.0,3,Mobile,3,Married,1,1,7.0,123.08,7.0,8.0
13.0,11.0,5,Laptop & Accessory,3,Married,6,0,10.0,184.02,10.0,0.0
29.0,9.0,4,Grocery,1,Single,4,1,3.0,291.59,3.0,4.0
13.0,27.0,4,Laptop & Accessory,1,Married,4,0,3.0,166.27,3.0,0.0
5.0,7.0,4,Laptop & Accessory,2,Single,10,1,6.0,184.93,6.0,7.0
7.0,7.0,2,Laptop & Accessory,5,Married,3,0,9.0,165.37,9.0,0.0
15.0,11.0,4,Mobile Phone,3,Married,11,1,8.0,149.61,8.0,9.0
12.0,9.0,5,Laptop & Accessory,1,Married,5,0,6.0,177.49,6.0,0.0
15.0,14.0,3,Laptop & Accessory,4,Married,1,0,2.0,168.25,2.0,0.0
28.0,9.0,5,Fashion,3,Married,8,0,1.0,231.86,1.0,0.0
21.0,9.0,5,Mobile Phone,2,Single,3,1,3.0,157.94,3.0,4.0
10.0,19.0,5,Fashion,2,Single,2,0,3.0,213.58,3.0,0.0
0.0,15.0,3,Mobile Phone,1,Single,2,0,0.0,110.81,0.0,0.0
19.0,33.0,5,Laptop & Accessory,5,Married,3,0,6.0,168.85,6.0,0.0
13.0,9.0,4,Mobile,3,Married,2,1,2.0,126.83,2.0,3.0
0.0,35.0,5,Laptop & Accessory,5,Single,9,0,2.0,149.69,2.0,0.0
2.0,33.0,5,Laptop & Accessory,5,Married,3,0,5.0,172.24,5.0,0.0
1.0,7.0,6,Mobile Phone,4,Single,9,1,8.0,147.16,8.0,9.0
9.0,9.0,3,Mobile,4,Single,5,0,2.0,120.88,2.0,0.0
0.0,14.0,3,Mobile,4,Single,1,0,2.0,124.22,2.0,0.0
1.0,30.0,4,Fashion,5,Married,11,1,3.0,224.5,3.0,4.0
19.0,9.0,4,Laptop & Accessory,2,Single,6,0,4.0,176.6,4.0,0.0
0.0,26.0,3,Laptop & Accessory,3,Single,2,0,7.0,199.81,7.0,0.0
1.0,9.0,4,Mobile Phone,5,Divorced,8,1,3.0,145.42,3.0,4.0
8.0,17.0,4,Mobile Phone,3,Married,3,1,1.0,163.15,1.0,2.0
23.0,6.0,3,Laptop & Accessory,3,Divorced,1,0,13.0,163.47,13.0,0.0
29.0,15.0,3,Mobile,3,Married,3,0,3.0,129.42,3.0,0.0
9.0,7.0,3,Mobile,1,Married,2,0,3.0,120.44,3.0,0.0
1.0,15.0,3,Laptop & Accessory,2,Single,2,0,7.0,152.53,7.0,0.0
21.0,33.0,4,Others,3,Married,5,0,1.0,321.58,1.0,0.0
30.0,13.0,1,Laptop & Accessory,1,Married,1,1,9.0,152.2,9.0,10.0
11.0,16.0,3,Laptop & Accessory,3,Married,4,0,2.0,160.77,2.0,0.0
30.0,8.0,4,Grocery,2,Single,4,1,3.0,237.26,3.0,4.0
15.0,13.0,4,Mobile Phone,5,Single,4,1,18.0,172.21,18.0,19.0
2.0,8.0,3,Laptop & Accessory,1,Married,2,0,3.0,188.53,3.0,0.0
13.0,28.0,6,Laptop & Accessory,3,Married,8,0,3.0,182.36,3.0,0.0
25.0,10.0,4,Grocery,4,Single,5,0,1.0,262.34,1.0,0.0
5.0,7.0,6,Laptop & Accessory,3,Married,2,0,5.0,168.45,5.0,0.0
1.0,14.0,4,Laptop & Accessory,3,Married,3,0,2.0,173.83,2.0,0.0
1.0,7.0,5,Laptop & Accessory,5,Single,3,0,8.0,167.94,8.0,0.0
14.0,16.0,5,Laptop & Accessory,2,Divorced,11,0,3.0,173.76,3.0,0.0
16.0,9.0,4,Laptop & Accessory,2,Divorced,3,0,3.0,165.89,3.0,0.0
26.0,18.0,4,Laptop & Accessory,3,Divorced,10,0,5.0,156.49,5.0,0.0
2.0,34.0,4,Mobile Phone,5,Single,2,0,4.0,137.85,4.0,0.0
20.0,10.0,3,Laptop & Accessory,2,Single,2,1,7.0,141.63,7.0,8.0
1.0,23.0,6,Mobile Phone,5,Single,3,1,8.0,164.19,8.0,9.0
14.0,25.0,3,Laptop & Accessory,5,Married,3,0,0.0,130.72,0.0,0.0
1.0,10.0,4,Mobile Phone,5,Single,2,0,5.0,156.02,5.0,0.0
1.0,10.0,4,Laptop & Accessory,5,Divorced,3,1,4.0,166.94,4.0,5.0
0.0,8.0,3,Laptop & Accessory,3,Single,2,1,4.0,144.78,4.0,5.0
6.0,7.0,4,Laptop & Accessory,4,Married,3,0,10.0,187.2,10.0,0.0
12.0,6.0,2,Fashion,2,Married,1,0,7.0,196.13,7.0,0.0
4.0,17.0,5,Laptop & Accessory,3,Divorced,3,0,5.0,190.78,5.0,0.0
10.0,12.0,4,Laptop & Accessory,4,Single,10,0,8.0,184.14,8.0,0.0
1.0,23.0,4,Mobile Phone,4,Married,4,1,3.0,148.73,3.0,4.0
29.0,25.0,4,Grocery,4,Single,5,0,8.0,293.35,8.0,0.0
19.0,21.0,3,Others,4,Married,6,0,3.0,290.81,3.0,0.0
24.0,13.0,4,Laptop & Accessory,3,Married,3,0,0.0,161.32,0.0,0.0
1.0,7.0,5,Mobile Phone,5,Single,8,0,8.0,148.62,8.0,0.0
10.0,13.0,4,Laptop & Accessory,4,Married,8,0,2.0,174.41,2.0,0.0
9.0,22.0,4,Laptop & Accessory,5,Married,5,0,2.0,156.47,2.0,0.0
26.0,14.0,4,Fashion,4,Single,9,0,3.0,229.45,3.0,0.0
9.0,30.0,4,Mobile,3,Single,6,1,3.0,120.28,3.0,4.0
17.0,35.0,3,Laptop & Accessory,1,Single,2,0,17.0,145.41,17.0,0.0
16.0,15.0,4,Laptop & Accessory,4,Married,2,0,3.0,193.25,3.0,0.0
7.0,14.0,4,Laptop & Accessory,5,Married,2,0,4.0,168.73,4.0,0.0
20.0,6.0,3,Fashion,4,Married,1,0,3.0,219.57,3.0,0.0
4.0,9.0,6,Laptop & Accessory,1,Single,4,0,3.0,185.91,3.0,0.0
9.0,23.0,5,Mobile,3,Married,2,0,2.0,123.05,2.0,0.0
18.0,29.0,3,Laptop & Accessory,5,Married,2,1,8.0,136.33,8.0,9.0
8.0,13.0,5,Laptop & Accessory,4,Married,8,0,1.0,170.05,1.0,0.0
13.0,7.0,3,Fashion,2,Married,2,0,3.0,221.13,3.0,0.0
12.0,14.0,3,Laptop & Accessory,5,Married,3,1,8.0,181.05,8.0,9.0
8.0,14.0,4,Mobile,2,Divorced,2,0,2.0,123.76,2.0,0.0
11.0,18.0,4,Mobile Phone,3,Single,6,0,3.0,161.29,3.0,0.0
11.0,22.0,3,Laptop & Accessory,4,Single,3,0,2.0,141.98,2.0,0.0
0.0,32.0,3,Laptop & Accessory,2,Single,2,0,4.0,161.8,4.0,0.0
1.0,11.0,3,Laptop & Accessory,1,Single,2,0,2.0,149.08,2.0,0.0
9.0,12.0,5,Mobile,3,Married,2,0,7.0,127.41,7.0,0.0
6.0,9.0,4,Laptop & Accessory,3,Single,6,1,8.0,174.98,8.0,9.0
2.0,16.0,4,Laptop & Accessory,3,Single,10,0,4.0,158.69,4.0,0.0
24.0,7.0,4,Others,1,Married,5,0,7.0,320.17,7.0,0.0
7.0,16.0,3,Mobile Phone,3,Married,2,1,0.0,138.15,0.0,1.0
2.0,15.0,4,Mobile Phone,1,Single,3,0,3.0,158.1,3.0,0.0
0.0,9.0,3,Mobile,5,Single,2,1,7.0,133.48,7.0,8.0
28.0,14.0,4,Grocery,4,Married,2,1,0.0,235.77,0.0,1.0
21.0,9.0,4,Laptop & Accessory,1,Married,7,0,5.0,175.7,5.0,0.0
16.0,15.0,4,Mobile Phone,3,Single,6,0,1.0,164.68,1.0,0.0
9.0,16.0,4,Mobile Phone,5,Single,2,0,0.0,114.16,0.0,0.0
1.0,10.0,4,Mobile Phone,3,Single,3,0,1.0,139.2,1.0,0.0
5.0,7.0,3,Fashion,1,Married,2,0,7.0,204.22,7.0,0.0
9.0,25.0,4,Laptop & Accessory,3,Married,3,1,3.0,181.89,3.0,4.0
7.0,8.0,3,Laptop & Accessory,2,Single,2,0,4.0,162.74,4.0,0.0
15.0,8.0,3,Laptop & Accessory,2,Divorced,2,0,2.0,140.89,2.0,0.0
8.0,24.0,3,Laptop & Accessory,3,Married,2,1,2.0,156.89,2.0,3.0
17.0,6.0,3,Laptop & Accessory,3,Divorced,8,0,0.0,147.68,0.0,0.0
0.0,16.0,3,Mobile Phone,3,Single,2,1,1.0,110.09,1.0,2.0
9.0,13.0,3,Mobile,4,Single,3,0,3.0,120.13,3.0,0.0
24.0,14.0,4,Fashion,4,Married,6,0,3.0,224.9,3.0,0.0
9.0,14.0,4,Mobile Phone,4,Single,2,0,0.0,112.61,0.0,0.0
12.0,9.0,2,Laptop & Accessory,5,Single,8,1,13.0,184.8,13.0,14.0
1.0,26.0,3,Laptop & Accessory,2,Single,10,1,5.0,178.04,5.0,6.0
10.0,9.0,4,Laptop & Accessory,4,Single,11,1,13.0,179.1,13.0,14.0
22.0,16.0,3,Others,5,Single,10,1,2.0,286.65,2.0,3.0
0.0,11.0,3,Mobile,1,Single,2,0,2.0,131.17,2.0,0.0
3.0,13.0,3,Laptop & Accessory,5,Married,8,0,2.0,147.79,2.0,0.0
2.0,8.0,3,Laptop & Accessory,3,Married,2,0,2.0,146.49,2.0,0.0
0.0,15.0,3,Mobile Phone,1,Single,2,0,0.0,110.81,0.0,0.0
9.0,9.0,3,Mobile Phone,1,Married,2,0,0.0,117.06,0.0,0.0
8.0,9.0,3,Fashion,2,Married,7,0,8.0,178.23,8.0,0.0
1.0,11.0,2,Laptop & Accessory,4,Married,3,1,4.0,186.42,4.0,5.0
0.0,35.0,3,Laptop & Accessory,3,Married,6,0,0.0,143.06,0.0,0.0
11.0,14.0,4,Mobile,4,Single,2,0,3.0,124.4,3.0,0.0
1.0,12.0,4,Mobile Phone,3,Single,3,1,1.0,153.51,1.0,2.0
9.0,13.0,3,Mobile,5,Single,4,1,3.0,121.66,3.0,4.0
9.0,13.0,2,Mobile,2,Married,5,0,2.0,120.89,2.0,0.0
11.0,29.0,4,Fashion,3,Single,1,0,8.0,195.26,8.0,0.0
13.0,14.0,3,Laptop & Accessory,5,Married,3,1,0.0,165.16,0.0,1.0
22.0,11.0,5,Fashion,3,Single,9,0,9.0,234.99,9.0,0.0
16.0,30.0,5,Laptop & Accessory,3,Single,3,0,8.0,168.32,8.0,0.0
27.0,14.0,3,Laptop & Accessory,3,Single,8,0,0.0,137.8,0.0,0.0
11.0,21.0,4,Fashion,1,Married,1,1,3.0,215.1,3.0,4.0
11.0,17.0,4,Laptop & Accessory,4,Single,4,1,2.0,166.97,2.0,3.0
5.0,11.0,3,Laptop & Accessory,4,Married,2,0,3.0,165.24,3.0,0.0
9.0,13.0,4,Mobile Phone,3,Divorced,2,1,3.0,160.06,3.0,4.0
9.0,16.0,4,Laptop & Accessory,3,Married,2,1,7.0,156.73,7.0,8.0
0.0,10.0,3,Mobile,4,Single,2,0,2.0,132.95,2.0,0.0
9.0,11.0,1,Mobile,3,Divorced,3,1,3.0,121.27,3.0,4.0
12.0,27.0,5,Laptop & Accessory,3,Married,7,0,2.0,157.36,2.0,0.0
13.0,8.0,3,Laptop & Accessory,4,Divorced,6,0,0.0,143.27,0.0,0.0
10.0,10.0,5,Fashion,1,Married,2,0,5.0,201.44,5.0,0.0
11.0,6.0,3,Laptop & Accessory,4,Married,1,0,8.0,144.4,8.0,0.0
10.0,25.0,4,Mobile Phone,2,Single,3,0,8.0,146.53,8.0,0.0
8.0,7.0,5,Mobile Phone,2,Divorced,3,1,4.0,161.22,4.0,5.0
24.0,17.0,5,Fashion,2,Single,8,0,3.0,229.96,3.0,0.0
22.0,9.0,2,Mobile Phone,4,Single,7,0,1.0,150.59,1.0,0.0
5.0,7.0,5,Mobile Phone,5,Married,3,0,3.0,147.18,3.0,0.0
8.0,22.0,4,Laptop & Accessory,5,Single,3,0,7.0,186.25,7.0,0.0
1.0,7.0,6,Mobile Phone,5,Single,2,0,1.0,148.25,1.0,0.0
7.0,14.0,4,Fashion,3,Divorced,2,0,8.0,241.91000000000005,8.0,0.0
12.0,12.0,1,Fashion,3,Married,3,0,6.0,182.37,6.0,0.0
1.0,7.0,4,Laptop & Accessory,3,Divorced,2,0,3.0,173.98,3.0,0.0
18.0,26.0,5,Fashion,5,Married,3,1,7.0,208.51,7.0,8.0
6.0,9.0,4,Mobile Phone,4,Divorced,3,0,8.0,148.7,8.0,0.0
0.0,10.0,3,Mobile,1,Single,2,1,2.0,128.75,2.0,3.0
6.0,36.0,5,Mobile Phone,4,Single,3,0,2.0,153.37,2.0,0.0
11.0,15.0,4,Laptop & Accessory,4,Married,4,0,8.0,165.71,8.0,0.0
18.0,24.0,6,Mobile Phone,3,Single,4,0,1.0,147.9,1.0,0.0
1.0,7.0,4,Laptop & Accessory,4,Married,3,0,5.0,188.97,5.0,0.0
16.0,9.0,5,Laptop & Accessory,1,Single,5,0,1.0,192.81,1.0,0.0
14.0,9.0,4,Others,3,Married,2,0,10.0,319.36,10.0,0.0
19.0,8.0,4,Fashion,4,Married,3,0,8.0,199.41,8.0,0.0
1.0,8.0,4,Mobile Phone,1,Married,2,1,2.0,138.67,2.0,3.0
12.0,17.0,4,Laptop & Accessory,1,Married,3,0,10.0,178.43,10.0,0.0
0.0,10.0,4,Mobile,2,Divorced,1,0,4.0,131.62,4.0,0.0
9.0,25.0,2,Laptop & Accessory,5,Married,3,0,11.0,177.08,11.0,0.0
14.0,7.0,6,Laptop & Accessory,1,Married,4,1,3.0,199.57,3.0,4.0
1.0,10.0,5,Mobile Phone,3,Married,3,1,2.0,150.66,2.0,3.0
1.0,15.0,4,Mobile Phone,3,Single,3,0,1.0,144.04,1.0,0.0
7.0,24.0,5,Mobile Phone,3,Married,11,1,1.0,149.37,1.0,2.0
4.0,11.0,3,Laptop & Accessory,1,Married,2,0,2.0,154.76,2.0,0.0
15.0,15.0,3,Mobile Phone,1,Single,2,0,8.0,136.73,8.0,0.0
3.0,16.0,5,Mobile Phone,1,Single,2,0,3.0,164.83,3.0,0.0
1.0,16.0,3,Laptop & Accessory,3,Single,4,0,7.0,136.6,7.0,0.0
1.0,36.0,5,Laptop & Accessory,3,Single,3,0,9.0,170.08,9.0,0.0
9.0,17.0,3,Fashion,1,Married,1,0,8.0,197.38,8.0,0.0
27.0,20.0,3,Laptop & Accessory,5,Married,3,0,4.0,169.5,4.0,0.0
14.0,8.0,4,Laptop & Accessory,1,Married,6,0,4.0,190.13,4.0,0.0
0.0,14.0,1,Laptop & Accessory,4,Married,1,0,2.0,148.51,2.0,0.0
14.0,7.0,5,Grocery,4,Married,3,0,12.0,260.03,12.0,0.0
1.0,12.0,4,Mobile Phone,4,Single,3,1,3.0,149.78,3.0,4.0
2.0,14.0,4,Laptop & Accessory,1,Married,2,1,2.0,150.56,2.0,3.0
5.0,12.0,4,Laptop & Accessory,1,Married,3,0,3.0,179.76,3.0,0.0
9.0,8.0,4,Fashion,3,Divorced,2,0,0.0,175.96,0.0,0.0
9.0,15.0,5,Fashion,2,Divorced,6,1,3.0,228.77,3.0,4.0
6.0,19.0,4,Grocery,5,Single,2,1,15.0,262.58,15.0,16.0
3.0,9.0,4,Laptop & Accessory,1,Married,3,0,3.0,213.53,3.0,0.0
9.0,17.0,4,Mobile Phone,2,Married,3,0,3.0,164.17,3.0,0.0
9.0,6.0,3,Mobile Phone,3,Divorced,2,0,1.0,112.23,1.0,0.0
14.0,14.0,4,Others,4,Single,3,0,9.0,323.33,9.0,0.0
15.0,12.0,3,Fashion,5,Married,10,0,7.0,233.48,7.0,0.0
22.0,11.0,3,Laptop & Accessory,3,Married,3,0,2.0,166.51,2.0,0.0
10.0,9.0,4,Mobile Phone,1,Single,5,1,3.0,151.44,3.0,4.0
4.0,8.0,3,Laptop & Accessory,5,Single,8,0,3.0,153.32,3.0,0.0
30.0,30.0,1,Fashion,1,Married,4,1,4.0,194.39,4.0,5.0
5.0,10.0,3,Mobile Phone,4,Married,3,0,2.0,139.31,2.0,0.0
3.0,13.0,3,Mobile,4,Single,1,0,2.0,129.83,2.0,0.0
0.0,23.0,3,Mobile,3,Married,1,1,0.0,127.41,0.0,1.0
1.0,8.0,4,Mobile Phone,5,Single,2,0,7.0,153.67,7.0,0.0
1.0,7.0,4,Fashion,5,Divorced,3,0,8.0,199.12,8.0,0.0
9.0,12.0,4,Mobile,3,Married,1,0,3.0,121.87,3.0,0.0
19.0,14.0,3,Laptop & Accessory,3,Divorced,6,0,3.0,189.34,3.0,0.0
12.0,14.0,5,Laptop & Accessory,2,Single,2,0,6.0,165.28,6.0,0.0
1.0,23.0,6,Mobile Phone,5,Married,3,1,1.0,148.07,1.0,2.0
1.0,17.0,5,Mobile Phone,5,Single,8,1,1.0,149.04,1.0,2.0
20.0,8.0,3,Others,4,Single,8,1,8.0,292.46,8.0,9.0
10.0,23.0,5,Laptop & Accessory,5,Married,6,0,3.0,181.47,3.0,0.0
0.0,8.0,3,Mobile,5,Divorced,8,0,7.0,127.07,7.0,0.0
15.0,11.0,6,Laptop & Accessory,4,Married,8,0,3.0,189.3,3.0,0.0
25.0,21.0,4,Laptop & Accessory,1,Married,6,0,8.0,174.36,8.0,0.0
17.0,26.0,3,Mobile,4,Single,2,0,3.0,134.2,3.0,0.0
9.0,11.0,4,Mobile,5,Married,10,1,0.0,134.19,0.0,1.0
28.0,24.0,3,Laptop & Accessory,4,Married,4,1,7.0,163.85,7.0,8.0
29.0,7.0,3,Laptop & Accessory,3,Married,2,0,9.0,163.06,9.0,0.0
15.0,7.0,2,Fashion,5,Married,3,0,8.0,208.92,8.0,0.0
13.0,31.0,5,Grocery,1,Married,2,0,7.0,245.31,7.0,0.0
1.0,25.0,2,Mobile Phone,5,Married,2,0,1.0,154.56,1.0,0.0
5.0,7.0,5,Mobile Phone,5,Divorced,3,0,3.0,147.18,3.0,0.0
17.0,32.0,5,Fashion,1,Married,7,0,1.0,232.98,1.0,0.0
12.0,14.0,2,Laptop & Accessory,5,Married,3,1,8.0,181.05,8.0,9.0
0.0,14.0,3,Mobile,4,Single,2,1,0.0,124.72,0.0,1.0
16.0,6.0,3,Laptop & Accessory,2,Divorced,5,0,2.0,155.62,2.0,0.0
8.0,13.0,4,Mobile,1,Married,2,0,1.0,126.9,1.0,0.0
23.0,9.0,4,Others,1,Married,5,0,4.0,316.61,4.0,0.0
15.0,12.0,2,Laptop & Accessory,4,Single,5,0,3.0,193.7,3.0,0.0
5.0,19.0,3,Laptop & Accessory,2,Married,3,0,3.0,144.03,3.0,0.0
7.0,17.0,5,Laptop & Accessory,1,Single,5,0,2.0,171.82,2.0,0.0
12.0,13.0,4,Others,1,Married,2,0,3.0,292.72,3.0,0.0
3.0,33.0,3,Laptop & Accessory,1,Married,8,0,7.0,153.04,7.0,0.0
26.0,7.0,4,Grocery,2,Divorced,4,0,9.0,295.99,9.0,0.0
15.0,14.0,3,Mobile,5,Married,4,0,2.0,125.76,2.0,0.0
11.0,17.0,5,Laptop & Accessory,1,Married,4,1,1.0,191.94,1.0,2.0
9.0,20.0,3,Mobile Phone,3,Single,2,0,0.0,115.14,0.0,0.0
4.0,35.0,4,Laptop & Accessory,1,Married,2,0,7.0,154.68,7.0,0.0
15.0,13.0,4,Fashion,1,Single,5,1,1.0,260.91,1.0,2.0
8.0,34.0,4,Mobile Phone,4,Single,4,0,3.0,148.11,3.0,0.0
1.0,13.0,3,Laptop & Accessory,5,Single,1,0,3.0,148.98,3.0,0.0
9.0,11.0,3,Fashion,5,Married,5,0,2.0,180.08,2.0,0.0
7.0,10.0,4,Mobile Phone,4,Married,5,1,4.0,147.77,4.0,5.0
12.0,7.0,2,Mobile Phone,3,Married,3,0,1.0,153.44,1.0,0.0
11.0,10.0,3,Mobile,3,Married,8,0,0.0,133.06,0.0,0.0
17.0,9.0,3,Others,1,Married,5,1,1.0,295.13,1.0,2.0
8.0,17.0,4,Mobile Phone,3,Married,3,1,1.0,147.2,1.0,2.0
12.0,16.0,3,Fashion,3,Single,8,0,2.0,234.64,2.0,0.0
10.0,6.0,3,Fashion,2,Single,5,0,2.0,174.91,2.0,0.0
5.0,36.0,5,Laptop & Accessory,1,Married,3,0,8.0,179.68,8.0,0.0
23.0,25.0,5,Others,3,Married,3,1,10.0,320.02,10.0,11.0
19.0,8.0,3,Laptop & Accessory,2,Married,3,0,4.0,173.79,4.0,0.0
24.0,9.0,4,Grocery,3,Married,7,0,4.0,301.39,4.0,0.0
8.0,32.0,3,Fashion,1,Single,2,1,7.0,188.37,7.0,8.0
7.0,25.0,3,Laptop & Accessory,4,Married,5,0,10.0,144.44,10.0,0.0
23.0,6.0,3,Laptop & Accessory,3,Married,1,0,13.0,163.47,13.0,0.0
2.0,7.0,5,Laptop & Accessory,1,Married,3,1,8.0,193.34,8.0,9.0
17.0,13.0,5,Laptop & Accessory,3,Single,3,1,9.0,165.81,9.0,10.0
2.0,16.0,4,Mobile Phone,3,Married,7,0,3.0,148.77,3.0,0.0
3.0,30.0,2,Mobile Phone,3,Divorced,3,0,8.0,152.0,8.0,0.0
5.0,30.0,5,Laptop & Accessory,2,Divorced,2,0,9.0,180.82,9.0,0.0
20.0,15.0,5,Laptop & Accessory,5,Married,10,1,8.0,171.15,8.0,9.0
15.0,12.0,3,Fashion,5,Married,10,0,7.0,233.48,7.0,0.0
1.0,11.0,6,Fashion,1,Married,3,0,3.0,229.0,3.0,0.0
13.0,26.0,4,Laptop & Accessory,1,Married,10,0,3.0,164.02,3.0,0.0
1.0,34.0,4,Laptop & Accessory,1,Single,3,1,8.0,183.13,8.0,9.0
0.0,6.0,4,Fashion,3,Divorced,6,0,7.0,206.09,7.0,0.0
1.0,11.0,5,Laptop & Accessory,1,Single,3,1,4.0,169.87,4.0,5.0
1.0,14.0,4,Mobile Phone,4,Single,3,0,1.0,151.79,1.0,0.0
9.0,23.0,4,Fashion,4,Married,2,0,10.0,205.2,10.0,0.0
19.0,9.0,5,Laptop & Accessory,1,Married,3,0,10.0,182.7,10.0,0.0
20.0,32.0,3,Others,3,Married,4,0,0.0,296.58,0.0,0.0
9.0,19.0,3,Mobile,3,Married,2,0,6.0,120.96,6.0,0.0
20.0,8.0,3,Laptop & Accessory,2,Married,6,0,4.0,150.7,4.0,0.0
6.0,8.0,3,Laptop & Accessory,1,Married,2,0,4.0,155.05,4.0,0.0
0.0,7.0,4,Mobile,3,Married,2,1,0.0,129.33,0.0,1.0
30.0,13.0,1,Laptop & Accessory,2,Married,1,1,9.0,152.2,9.0,10.0
1.0,25.0,4,Mobile,5,Divorced,2,0,3.0,131.96,3.0,0.0
4.0,32.0,4,Laptop & Accessory,3,Divorced,9,1,3.0,172.36,3.0,4.0
9.0,15.0,3,Mobile,5,Single,4,0,0.0,120.18,0.0,0.0
20.0,11.0,5,Others,4,Married,4,0,9.0,312.89,9.0,0.0
12.0,9.0,5,Fashion,3,Married,5,1,3.0,202.56,3.0,4.0
6.0,8.0,3,Laptop & Accessory,4,Single,9,0,7.0,151.47,7.0,0.0
19.0,9.0,4,Laptop & Accessory,4,Married,2,0,8.0,173.05,8.0,0.0
16.0,9.0,5,Laptop & Accessory,2,Single,5,0,1.0,192.81,1.0,0.0
21.0,9.0,2,Grocery,4,Married,8,0,3.0,284.72,3.0,0.0
7.0,7.0,3,Mobile,5,Married,6,0,3.0,129.96,3.0,0.0
14.0,31.0,4,Laptop & Accessory,1,Married,3,0,8.0,158.19,8.0,0.0
20.0,9.0,4,Grocery,3,Married,8,0,2.0,303.61,2.0,0.0
7.0,35.0,3,Fashion,4,Married,4,0,3.0,192.5,3.0,0.0
0.0,15.0,3,Laptop & Accessory,1,Single,2,0,7.0,141.05,7.0,0.0
29.0,27.0,4,Laptop & Accessory,2,Divorced,5,1,9.0,179.15,9.0,10.0
12.0,12.0,4,Fashion,5,Married,5,0,7.0,199.91,7.0,0.0
19.0,35.0,4,Mobile Phone,1,Married,6,0,4.0,146.32,4.0,0.0
26.0,13.0,4,Fashion,1,Married,8,1,3.0,209.34,3.0,4.0
7.0,21.0,4,Mobile Phone,4,Married,3,0,7.0,152.56,7.0,0.0
16.0,12.0,4,Others,3,Divorced,8,0,1.0,308.03,1.0,0.0
3.0,6.0,5,Mobile Phone,3,Divorced,4,0,2.0,138.33,2.0,0.0
17.0,10.0,1,Others,5,Married,2,0,13.0,291.9,13.0,0.0
27.0,23.0,3,Fashion,3,Divorced,9,0,8.0,207.39,8.0,0.0
13.0,7.0,4,Mobile Phone,3,Married,9,0,3.0,147.32,3.0,0.0
1.0,8.0,4,Mobile Phone,3,Single,2,0,3.0,158.75,3.0,0.0
4.0,29.0,4,Laptop & Accessory,1,Married,1,0,8.0,155.82,8.0,0.0
0.0,16.0,4,Mobile Phone,3,Single,2,0,0.0,112.0,0.0,0.0
1.0,12.0,2,Mobile Phone,3,Single,5,1,4.0,149.32,4.0,5.0
13.0,10.0,3,Laptop & Accessory,4,Divorced,11,0,7.0,188.89,7.0,0.0
24.0,12.0,3,Others,3,Single,8,0,15.0,295.37,15.0,0.0
9.0,17.0,3,Mobile,4,Married,2,0,2.0,122.44,2.0,0.0
21.0,28.0,3,Grocery,1,Married,4,0,7.0,271.74,7.0,0.0
1.0,12.0,3,Mobile Phone,4,Married,3,1,3.0,148.28,3.0,4.0
1.0,22.0,2,Laptop & Accessory,5,Single,1,0,7.0,156.61,7.0,0.0
8.0,33.0,5,Mobile Phone,3,Married,3,0,1.0,145.29,1.0,0.0
1.0,7.0,4,Laptop & Accessory,3,Divorced,3,0,8.0,177.96,8.0,0.0
10.0,17.0,4,Fashion,3,Divorced,5,0,8.0,195.94,8.0,0.0
1.0,8.0,6,Laptop & Accessory,4,Single,8,0,1.0,192.35,1.0,0.0
3.0,10.0,4,Laptop & Accessory,3,Divorced,6,1,1.0,177.38,1.0,2.0
8.0,18.0,5,Laptop & Accessory,4,Divorced,6,0,9.0,169.9,9.0,0.0
7.0,7.0,2,Laptop & Accessory,5,Married,4,0,4.0,178.76,4.0,0.0
0.0,10.0,3,Mobile,2,Single,2,1,2.0,128.75,2.0,3.0
31.0,10.0,5,Mobile Phone,2,Divorced,5,0,1.0,146.77,1.0,0.0
31.0,28.0,4,Grocery,1,Married,6,1,1.0,303.75,1.0,2.0
1.0,14.0,3,Mobile,1,Single,2,0,2.0,133.1,2.0,0.0
0.0,9.0,4,Mobile,3,Single,2,0,0.0,132.3,0.0,0.0
1.0,15.0,5,Mobile Phone,4,Single,3,0,1.0,137.61,1.0,0.0
6.0,29.0,3,Fashion,1,Single,2,1,12.0,234.58,12.0,13.0
7.0,29.0,4,Laptop & Accessory,4,Married,2,0,8.0,186.46,8.0,0.0
18.0,7.0,4,Fashion,3,Married,4,0,4.0,207.48,4.0,0.0
5.0,14.0,5,Mobile Phone,3,Married,5,0,3.0,148.29,3.0,0.0
0.0,15.0,3,Mobile Phone,5,Single,8,0,4.0,142.0,4.0,0.0
12.0,30.0,4,Laptop & Accessory,2,Married,11,0,3.0,182.45,3.0,0.0
8.0,9.0,4,Laptop & Accessory,3,Single,4,0,3.0,165.33,3.0,0.0
6.0,8.0,3,Laptop & Accessory,1,Married,2,0,4.0,155.05,4.0,0.0
13.0,8.0,3,Laptop & Accessory,4,Married,8,0,3.0,157.15,3.0,0.0
11.0,6.0,1,Mobile,3,Married,2,0,0.0,128.44,0.0,0.0
8.0,8.0,4,Fashion,4,Married,3,0,4.0,202.74,4.0,0.0
14.0,8.0,4,Mobile Phone,4,Married,5,0,4.0,148.87,4.0,0.0
13.0,25.0,4,Laptop & Accessory,3,Single,2,0,8.0,170.34,8.0,0.0
0.0,14.0,3,Mobile,1,Single,2,0,2.0,126.1,2.0,0.0
4.0,9.0,5,Laptop & Accessory,1,Married,3,0,9.0,166.52,9.0,0.0
16.0,10.0,2,Laptop & Accessory,2,Divorced,4,1,4.0,177.31,4.0,5.0
1.0,17.0,4,Laptop & Accessory,1,Single,3,0,3.0,171.84,3.0,0.0
14.0,21.0,5,Others,3,Single,3,0,10.0,321.26,10.0,0.0
12.0,9.0,5,Mobile Phone,4,Married,6,0,6.0,149.68,6.0,0.0
1.0,29.0,5,Mobile Phone,4,Married,3,0,1.0,153.63,1.0,0.0
30.0,15.0,4,Mobile,4,Married,5,1,0.0,133.46,0.0,1.0
8.0,22.0,3,Fashion,4,Divorced,1,0,9.0,180.2,9.0,0.0
13.0,7.0,2,Fashion,1,Married,2,0,3.0,221.13,3.0,0.0
5.0,14.0,4,Fashion,1,Single,3,1,11.0,196.43,11.0,12.0
10.0,16.0,4,Fashion,1,Married,6,0,3.0,225.96,3.0,0.0
1.0,11.0,5,Laptop & Accessory,2,Single,3,1,4.0,169.87,4.0,5.0
8.0,18.0,5,Laptop & Accessory,4,Married,6,0,9.0,169.9,9.0,0.0
17.0,9.0,5,Fashion,1,Married,2,0,3.0,226.69,3.0,0.0
0.0,15.0,1,Mobile Phone,3,Married,2,0,4.0,144.01,4.0,0.0
1.0,15.0,5,Laptop & Accessory,5,Single,8,0,3.0,178.26,3.0,0.0
10.0,21.0,4,Laptop & Accessory,2,Divorced,2,1,12.0,190.86,12.0,13.0
3.0,10.0,5,Fashion,3,Married,3,0,8.0,244.35,8.0,0.0
1.0,30.0,4,Fashion,5,Married,11,1,3.0,224.5,3.0,4.0
17.0,10.0,6,Others,2,Divorced,5,0,8.0,322.4,8.0,0.0
11.0,18.0,4,Laptop & Accessory,5,Married,3,0,2.0,162.88,2.0,0.0
4.0,16.0,3,Fashion,3,Married,5,0,3.0,210.31,3.0,0.0
8.0,12.0,5,Fashion,5,Single,4,0,9.0,241.31,9.0,0.0
8.0,14.0,3,Mobile,1,Married,2,0,2.0,125.72,2.0,0.0
7.0,11.0,4,Laptop & Accessory,1,Married,2,0,13.0,139.86,13.0,0.0
6.0,31.0,4,Laptop & Accessory,1,Married,3,0,8.0,178.09,8.0,0.0
6.0,15.0,2,Laptop & Accessory,2,Divorced,3,0,9.0,187.09,9.0,0.0
3.0,35.0,5,Mobile Phone,5,Single,3,0,5.0,162.85,5.0,0.0
1.0,9.0,4,Mobile Phone,3,Single,8,0,2.0,168.82,2.0,0.0
26.0,6.0,4,Grocery,3,Married,5,1,3.0,229.65,3.0,4.0
11.0,16.0,5,Fashion,3,Married,4,0,11.0,232.06,11.0,0.0
23.0,7.0,4,Grocery,3,Single,6,0,1.0,278.79,1.0,0.0
1.0,7.0,5,Laptop & Accessory,3,Single,3,0,3.0,171.17,3.0,0.0
20.0,9.0,3,Grocery,3,Married,10,1,13.0,237.7,13.0,14.0
4.0,12.0,2,Laptop & Accessory,2,Married,5,0,7.0,154.6,7.0,0.0
15.0,11.0,6,Laptop & Accessory,4,Married,8,0,3.0,189.3,3.0,0.0
9.0,35.0,2,Laptop & Accessory,3,Married,3,0,9.0,159.07,9.0,0.0
1.0,12.0,4,Mobile Phone,4,Single,2,0,3.0,149.22,3.0,0.0
9.0,9.0,3,Laptop & Accessory,4,Single,4,1,1.0,192.78,1.0,2.0
12.0,14.0,3,Mobile Phone,3,Divorced,2,0,7.0,137.55,7.0,0.0
19.0,32.0,5,Laptop & Accessory,1,Married,2,0,9.0,184.06,9.0,0.0
5.0,8.0,3,Mobile,5,Married,2,0,0.0,128.27,0.0,0.0
25.0,9.0,6,Laptop & Accessory,4,Married,7,0,3.0,179.82,3.0,0.0
1.0,9.0,2,Laptop & Accessory,3,Single,2,0,8.0,190.0,8.0,0.0
11.0,14.0,4,Laptop & Accessory,5,Married,7,1,5.0,167.84,5.0,6.0
1.0,5.0,5,Mobile Phone,4,Married,3,0,1.0,150.96,1.0,0.0
2.0,14.0,5,Laptop & Accessory,5,Married,4,0,7.0,197.15,7.0,0.0
27.0,15.0,4,Grocery,2,Divorced,7,0,3.0,243.36,3.0,0.0
15.0,8.0,4,Mobile Phone,4,Married,5,0,0.0,148.41,0.0,0.0
16.0,7.0,5,Laptop & Accessory,1,Married,11,1,3.0,185.62,3.0,4.0
1.0,16.0,4,Mobile Phone,5,Single,4,1,1.0,156.72,1.0,2.0
17.0,26.0,3,Mobile,4,Single,2,0,3.0,134.2,3.0,0.0
6.0,31.0,4,Laptop & Accessory,4,Single,2,0,2.0,143.2,2.0,0.0
22.0,24.0,4,Others,3,Married,2,1,9.0,295.02,9.0,10.0
14.0,7.0,4,Grocery,5,Married,4,0,17.0,293.23,17.0,0.0
25.0,13.0,5,Mobile Phone,3,Single,2,0,8.0,153.38,8.0,0.0
12.0,13.0,5,Mobile Phone,3,Married,3,0,5.0,162.02,5.0,0.0
1.0,16.0,4,Mobile Phone,4,Single,3,0,4.0,147.79,4.0,0.0
17.0,22.0,5,Laptop & Accessory,1,Married,5,0,3.0,193.04,3.0,0.0
0.0,6.0,3,Mobile,1,Single,2,1,8.0,126.86,8.0,9.0
13.0,15.0,4,Mobile Phone,3,Married,3,0,8.0,162.55,8.0,0.0
1.0,15.0,5,Mobile Phone,1,Married,8,0,3.0,146.8,3.0,0.0
11.0,26.0,4,Fashion,4,Single,3,1,10.0,201.42,10.0,11.0
3.0,16.0,4,Laptop & Accessory,3,Divorced,2,0,4.0,165.78,4.0,0.0
9.0,18.0,4,Laptop & Accessory,2,Married,3,0,3.0,174.68,3.0,0.0
1.0,7.0,5,Laptop & Accessory,5,Divorced,7,0,1.0,167.98,1.0,0.0
10.0,17.0,4,Fashion,1,Single,3,0,3.0,224.8,3.0,0.0
10.0,16.0,3,Laptop & Accessory,4,Single,3,1,1.0,141.97,1.0,2.0
31.0,10.0,5,Laptop & Accessory,1,Single,7,0,6.0,176.71,6.0,0.0
1.0,17.0,2,Mobile Phone,3,Single,3,0,3.0,160.05,3.0,0.0
16.0,19.0,4,Mobile Phone,4,Married,10,0,5.0,152.66,5.0,0.0
2.0,14.0,4,Laptop & Accessory,5,Single,2,0,4.0,173.98,4.0,0.0
7.0,28.0,4,Laptop & Accessory,1,Married,2,1,11.0,157.47,11.0,12.0
2.0,10.0,4,Mobile Phone,4,Married,3,0,1.0,153.56,1.0,0.0
11.0,16.0,5,Laptop & Accessory,4,Married,3,0,4.0,166.89,4.0,0.0
10.0,16.0,3,Laptop & Accessory,4,Single,3,1,1.0,141.97,1.0,2.0
0.0,10.0,1,Laptop & Accessory,4,Married,2,1,3.0,161.42,3.0,4.0
16.0,12.0,4,Grocery,2,Married,5,1,0.0,266.27,0.0,1.0
9.0,23.0,5,Mobile,3,Married,2,0,2.0,123.05,2.0,0.0
21.0,33.0,4,Others,3,Married,5,0,1.0,321.58,1.0,0.0
0.0,10.0,3,Mobile Phone,2,Divorced,2,1,6.0,136.91,6.0,7.0
1.0,12.0,5,Fashion,1,Married,3,1,9.0,253.08,9.0,10.0
4.0,23.0,4,Laptop & Accessory,3,Married,10,0,3.0,178.01,3.0,0.0
9.0,15.0,1,Mobile,4,Married,2,0,2.0,128.1,2.0,0.0
5.0,8.0,3,Laptop & Accessory,4,Married,1,1,2.0,140.78,2.0,3.0
2.0,9.0,4,Laptop & Accessory,4,Divorced,3,1,6.0,172.79,6.0,7.0
2.0,17.0,4,Laptop & Accessory,3,Single,5,0,8.0,161.6,8.0,0.0
16.0,9.0,4,Grocery,5,Divorced,2,0,8.0,301.65,8.0,0.0
5.0,14.0,5,Fashion,1,Married,11,0,2.0,240.57,2.0,0.0
25.0,13.0,5,Mobile Phone,3,Single,2,0,8.0,153.38,8.0,0.0
27.0,30.0,4,Grocery,1,Single,8,0,9.0,267.75,9.0,0.0
9.0,12.0,3,Laptop & Accessory,3,Married,3,1,5.0,123.06,5.0,6.0
9.0,10.0,4,Fashion,1,Married,8,0,9.0,203.23,9.0,0.0
17.0,6.0,4,Laptop & Accessory,3,Single,5,0,2.0,159.85,2.0,0.0
0.0,15.0,3,Mobile,3,Married,2,0,2.0,127.42,2.0,0.0
4.0,8.0,3,Laptop & Accessory,2,Single,5,1,5.0,165.82,5.0,6.0
22.0,8.0,3,Others,1,Married,4,0,3.0,291.61,3.0,0.0
4.0,7.0,4,Mobile Phone,4,Married,3,0,8.0,162.48,8.0,0.0
9.0,15.0,2,Mobile Phone,1,Married,3,0,2.0,147.69,2.0,0.0
30.0,11.0,4,Fashion,4,Married,3,1,4.0,205.52,4.0,5.0
0.0,10.0,3,Mobile,5,Single,2,0,0.0,129.73,0.0,0.0
5.0,9.0,5,Laptop & Accessory,5,Married,5,0,1.0,189.1,1.0,0.0
19.0,8.0,3,Fashion,1,Married,4,0,7.0,185.78,7.0,0.0
21.0,10.0,4,Grocery,3,Married,11,1,14.0,262.7,14.0,15.0
15.0,9.0,4,Grocery,4,Single,3,0,5.0,285.15,5.0,0.0
16.0,33.0,4,Fashion,5,Married,5,1,1.0,256.91,1.0,2.0
14.0,14.0,3,Laptop & Accessory,4,Married,6,0,4.0,143.93,4.0,0.0
2.0,13.0,3,Laptop & Accessory,1,Married,2,1,0.0,166.23,0.0,1.0
9.0,13.0,3,Mobile Phone,3,Married,2,0,0.0,112.74,0.0,0.0
2.0,14.0,4,Laptop & Accessory,5,Single,2,0,4.0,173.98,4.0,0.0
0.0,11.0,4,Laptop & Accessory,3,Single,2,1,3.0,157.44,3.0,4.0
5.0,14.0,5,Mobile Phone,3,Divorced,5,0,3.0,148.29,3.0,0.0
17.0,13.0,3,Others,1,Married,1,1,10.0,290.49,10.0,11.0
1.0,17.0,4,Laptop & Accessory,5,Single,3,0,9.0,167.13,9.0,0.0
2.0,22.0,4,Mobile Phone,3,Married,3,0,3.0,147.07,3.0,0.0
4.0,10.0,4,Mobile Phone,1,Married,6,0,5.0,145.97,5.0,0.0
5.0,18.0,3,Grocery,5,Single,1,1,14.0,237.58,14.0,15.0
12.0,13.0,5,Laptop & Accessory,3,Married,4,0,8.0,178.21,8.0,0.0
9.0,11.0,5,Mobile Phone,1,Married,3,0,3.0,148.76,3.0,0.0
2.0,8.0,6,Laptop & Accessory,1,Married,2,0,6.0,191.74,6.0,0.0
22.0,9.0,4,Laptop & Accessory,5,Married,5,0,2.0,147.89,2.0,0.0
9.0,6.0,4,Laptop & Accessory,3,Married,1,0,2.0,143.74,2.0,0.0
17.0,8.0,3,Fashion,3,Single,6,1,2.0,202.09,2.0,3.0
20.0,33.0,5,Laptop & Accessory,4,Single,10,0,3.0,204.91,3.0,0.0
12.0,9.0,4,Mobile Phone,1,Single,7,1,3.0,164.44,3.0,4.0
11.0,26.0,4,Mobile Phone,4,Married,6,0,1.0,155.22,1.0,0.0
0.0,8.0,4,Laptop & Accessory,4,Single,8,1,2.0,199.07,2.0,3.0
2.0,22.0,4,Mobile Phone,3,Married,3,0,3.0,147.07,3.0,0.0
0.0,14.0,3,Mobile,1,Single,1,1,2.0,123.79,2.0,3.0
5.0,14.0,4,Fashion,2,Single,3,1,11.0,196.43,11.0,12.0
1.0,13.0,4,Mobile Phone,5,Married,6,1,3.0,145.73,3.0,4.0
23.0,15.0,5,Laptop & Accessory,4,Married,3,0,8.0,176.3,8.0,0.0
8.0,14.0,3,Mobile Phone,3,Single,2,0,4.0,143.23,4.0,0.0
17.0,34.0,4,Fashion,5,Married,10,0,2.0,233.2,2.0,0.0
1.0,11.0,4,Mobile Phone,4,Single,3,0,3.0,157.95,3.0,0.0
19.0,15.0,4,Laptop & Accessory,1,Married,11,0,9.0,161.97,9.0,0.0
1.0,33.0,5,Mobile Phone,3,Married,3,1,4.0,153.14,4.0,5.0
10.0,17.0,5,Laptop & Accessory,3,Married,3,1,8.0,181.73,8.0,9.0
8.0,16.0,4,Fashion,1,Married,2,0,3.0,210.0,3.0,0.0
1.0,7.0,5,Mobile Phone,4,Single,3,1,3.0,146.74,3.0,4.0
7.0,22.0,4,Laptop & Accessory,1,Married,2,1,2.0,37.0,2.0,3.0
0.0,8.0,3,Mobile Phone,1,Divorced,7,1,2.0,137.22,2.0,3.0
27.0,23.0,3,Fashion,3,Married,9,0,8.0,207.39,8.0,0.0
7.0,21.0,3,Laptop & Accessory,5,Single,2,0,6.0,161.25,6.0,0.0
1.0,13.0,3,Laptop & Accessory,5,Single,1,0,3.0,148.98,3.0,0.0
6.0,6.0,2,Grocery,3,Married,5,0,5.0,261.84,5.0,0.0
0.0,29.0,3,Fashion,5,Married,10,1,2.0,199.5,2.0,3.0
5.0,15.0,3,Laptop & Accessory,2,Divorced,2,1,5.0,163.22,5.0,6.0
2.0,34.0,6,Laptop & Accessory,5,Married,2,0,1.0,173.77,1.0,0.0
7.0,12.0,4,Laptop & Accessory,4,Married,7,0,0.0,145.05,0.0,0.0
23.0,12.0,4,Laptop & Accessory,3,Married,4,0,3.0,191.51,3.0,0.0
0.0,14.0,3,Mobile,3,Married,2,0,3.0,125.17,3.0,0.0
5.0,11.0,4,Laptop & Accessory,4,Married,4,0,5.0,158.78,5.0,0.0
8.0,14.0,4,Mobile,3,Married,1,0,2.0,124.3,2.0,0.0
0.0,13.0,5,Laptop & Accessory,3,Single,2,1,6.0,160.74,6.0,7.0
9.0,12.0,3,Laptop & Accessory,3,Divorced,3,1,5.0,123.06,5.0,6.0
0.0,14.0,3,Mobile,4,Single,1,0,2.0,124.22,2.0,0.0
17.0,35.0,2,Mobile Phone,3,Single,6,0,3.0,172.39,3.0,0.0
0.0,14.0,3,Mobile,1,Married,6,1,4.0,124.36,4.0,5.0
11.0,18.0,4,Fashion,2,Married,3,1,8.0,246.85,8.0,9.0
25.0,25.0,3,Mobile Phone,2,Divorced,1,0,2.0,142.58,2.0,0.0
3.0,7.0,4,Laptop & Accessory,3,Divorced,3,0,10.0,168.19,10.0,0.0
7.0,32.0,4,Laptop & Accessory,3,Married,3,0,2.0,170.39,2.0,0.0
19.0,24.0,3,Laptop & Accessory,3,Married,3,0,8.0,148.1,8.0,0.0
14.0,9.0,4,Laptop & Accessory,4,Married,5,0,11.0,181.77,11.0,0.0
7.0,28.0,2,Mobile Phone,4,Married,3,0,14.0,145.28,14.0,0.0
14.0,12.0,5,Fashion,5,Divorced,7,1,3.0,229.75,3.0,4.0
23.0,18.0,3,Fashion,1,Single,5,0,1.0,192.08,1.0,0.0
25.0,9.0,4,Grocery,5,Divorced,2,0,16.0,268.56,16.0,0.0
25.0,33.0,4,Grocery,3,Married,4,0,18.0,288.07,18.0,0.0
6.0,14.0,3,Laptop & Accessory,3,Married,1,0,2.0,171.04,2.0,0.0
10.0,6.0,5,Laptop & Accessory,1,Married,2,0,3.0,195.25,3.0,0.0
15.0,14.0,1,Laptop & Accessory,4,Divorced,7,1,0.0,123.72,0.0,1.0
29.0,25.0,4,Grocery,4,Single,5,0,9.0,293.35,9.0,0.0
3.0,15.0,6,Laptop & Accessory,5,Married,5,0,3.0,222.15,3.0,0.0
9.0,26.0,3,Mobile,4,Married,1,1,4.0,121.48,4.0,5.0
11.0,17.0,4,Mobile Phone,4,Married,3,0,8.0,164.36,8.0,0.0
4.0,12.0,5,Mobile Phone,2,Married,11,0,4.0,162.61,4.0,0.0
0.0,6.0,3,Mobile Phone,4,Married,2,0,4.0,138.16,4.0,0.0
15.0,8.0,4,Laptop & Accessory,2,Single,4,0,0.0,167.81,0.0,0.0
5.0,12.0,4,Laptop & Accessory,1,Married,3,0,3.0,179.76,3.0,0.0
8.0,22.0,4,Fashion,4,Single,2,0,3.0,186.06,3.0,0.0
20.0,8.0,2,Grocery,5,Single,3,0,13.0,300.67,13.0,0.0
1.0,22.0,5,Mobile Phone,5,Married,2,0,4.0,172.74,4.0,0.0
19.0,36.0,4,Fashion,1,Divorced,6,1,3.0,218.8,3.0,4.0
9.0,27.0,4,Mobile,5,Married,1,0,0.0,122.96,0.0,0.0
12.0,22.0,5,Fashion,1,Married,2,1,10.0,240.1,10.0,11.0
6.0,19.0,3,Mobile,1,Single,4,0,2.0,134.52,2.0,0.0
7.0,14.0,3,Mobile,5,Married,5,0,2.0,123.62,2.0,0.0
21.0,6.0,1,Grocery,2,Single,3,0,1.0,268.85,1.0,0.0
4.0,36.0,4,Laptop & Accessory,5,Married,10,0,4.0,166.15,4.0,0.0
9.0,14.0,1,Mobile,4,Single,10,0,2.0,121.09,2.0,0.0
21.0,28.0,3,Grocery,1,Married,4,0,7.0,271.74,7.0,0.0
18.0,7.0,4,Mobile Phone,1,Single,8,1,3.0,149.36,3.0,4.0
0.0,6.0,3,Mobile,3,Divorced,4,0,2.0,129.09,2.0,0.0
12.0,7.0,4,Fashion,3,Single,6,1,1.0,203.61,1.0,2.0
9.0,34.0,4,Laptop & Accessory,3,Married,4,0,8.0,193.83,8.0,0.0
6.0,10.0,4,Laptop & Accessory,5,Divorced,3,0,4.0,192.25,4.0,0.0
17.0,31.0,4,Fashion,5,Single,8,1,3.0,229.48,3.0,4.0
14.0,33.0,4,Laptop & Accessory,5,Divorced,3,0,6.0,208.96,6.0,0.0
1.0,12.0,2,Laptop & Accessory,5,Married,3,0,6.0,165.0,6.0,0.0
5.0,12.0,4,Laptop & Accessory,3,Married,3,0,3.0,208.46,3.0,0.0
8.0,11.0,4,Fashion,1,Married,4,1,3.0,222.13,3.0,4.0
3.0,16.0,4,Laptop & Accessory,3,Married,2,0,4.0,165.78,4.0,0.0
8.0,9.0,4,Mobile Phone,3,Married,8,0,3.0,147.31,3.0,0.0
15.0,13.0,4,Fashion,3,Single,3,0,3.0,217.41,3.0,0.0
1.0,7.0,5,Mobile Phone,3,Married,3,0,4.0,145.07,4.0,0.0
5.0,12.0,4,Mobile Phone,1,Married,2,1,4.0,173.21,4.0,5.0
1.0,17.0,5,Fashion,5,Married,11,0,3.0,228.06,3.0,0.0
6.0,17.0,4,Fashion,1,Single,4,0,1.0,237.44,1.0,0.0
1.0,36.0,4,Mobile Phone,5,Married,3,0,3.0,164.07,3.0,0.0
0.0,34.0,4,Laptop & Accessory,5,Single,4,0,3.0,142.84,3.0,0.0
8.0,17.0,4,Mobile Phone,4,Married,3,0,1.0,145.08,1.0,0.0
19.0,14.0,3,Mobile,3,Married,9,0,8.0,123.39,8.0,0.0
15.0,18.0,3,Laptop & Accessory,1,Married,4,1,0.0,150.87,0.0,1.0
12.0,30.0,4,Grocery,1,Married,1,0,3.0,220.31,3.0,0.0
0.0,14.0,3,Mobile,1,Single,3,0,2.0,125.8,2.0,0.0
22.0,14.0,3,Fashion,4,Married,5,0,7.0,174.03,7.0,0.0
16.0,16.0,5,Others,1,Single,10,0,2.0,321.13,2.0,0.0
1.0,7.0,4,Laptop & Accessory,4,Married,3,0,5.0,188.97,5.0,0.0
16.0,22.0,3,Grocery,2,Divorced,6,1,9.0,260.64,9.0,10.0
0.0,28.0,3,Laptop & Accessory,3,Married,2,1,7.0,161.79,7.0,8.0
8.0,16.0,3,Laptop & Accessory,3,Single,4,1,4.0,161.42,4.0,5.0
6.0,20.0,4,Laptop & Accessory,1,Married,4,0,4.0,169.03,4.0,0.0
10.0,16.0,3,Mobile Phone,4,Married,2,0,7.0,139.36,7.0,0.0
22.0,14.0,4,Grocery,4,Married,7,0,3.0,231.2,3.0,0.0
9.0,8.0,1,Mobile,2,Divorced,2,0,7.0,120.11,7.0,0.0
30.0,7.0,1,Laptop & Accessory,3,Married,1,0,8.0,149.0,8.0,0.0
9.0,13.0,4,Mobile,4,Married,2,0,1.0,121.41,1.0,0.0
10.0,7.0,4,Laptop & Accessory,1,Single,6,0,1.0,191.53,1.0,0.0
7.0,8.0,3,Laptop & Accessory,3,Single,3,0,2.0,140.33,2.0,0.0
2.0,7.0,3,Laptop & Accessory,5,Married,1,0,2.0,153.73,2.0,0.0
19.0,27.0,4,Laptop & Accessory,3,Single,10,0,2.0,173.5,2.0,0.0
1.0,21.0,4,Mobile Phone,2,Divorced,7,1,5.0,149.36,5.0,6.0
10.0,13.0,3,Fashion,3,Single,5,0,2.0,236.64,2.0,0.0
0.0,6.0,4,Mobile Phone,3,Single,1,1,2.0,137.3,2.0,3.0
21.0,11.0,4,Laptop & Accessory,1,Single,3,1,8.0,166.63,8.0,9.0
5.0,6.0,3,Fashion,1,Married,2,0,7.0,204.22,7.0,0.0
4.0,24.0,4,Fashion,5,Divorced,3,1,9.0,244.16000000000005,9.0,10.0
9.0,13.0,3,Mobile Phone,1,Single,3,0,1.0,146.78,1.0,0.0
16.0,25.0,4,Laptop & Accessory,5,Married,8,1,3.0,179.1,3.0,4.0
4.0,9.0,4,Mobile Phone,4,Married,3,0,1.0,149.76,1.0,0.0
3.0,14.0,3,Mobile,1,Single,1,0,7.0,125.64,7.0,0.0
9.0,6.0,3,Laptop & Accessory,1,Married,2,1,11.0,162.01,11.0,12.0
2.0,24.0,4,Laptop & Accessory,5,Married,3,0,9.0,170.58,9.0,0.0
9.0,29.0,3,Laptop & Accessory,4,Married,5,0,2.0,120.42,2.0,0.0
18.0,8.0,3,Laptop & Accessory,3,Married,5,0,7.0,151.54,7.0,0.0
24.0,18.0,4,Others,4,Single,5,0,5.0,324.26,5.0,0.0
9.0,10.0,5,Mobile Phone,3,Married,3,0,1.0,137.81,1.0,0.0
9.0,6.0,4,Mobile,4,Single,2,1,2.0,120.7,2.0,3.0
9.0,16.0,4,Mobile Phone,5,Single,2,0,0.0,114.16,0.0,0.0
0.0,21.0,3,Fashion,3,Married,8,1,7.0,236.1,7.0,8.0
1.0,16.0,4,Laptop & Accessory,5,Single,5,1,4.0,207.24,4.0,5.0
14.0,16.0,5,Laptop & Accessory,4,Single,2,0,9.0,161.51,9.0,0.0
11.0,11.0,4,Mobile Phone,2,Married,6,0,9.0,25.0,9.0,0.0
9.0,6.0,3,Mobile,1,Single,2,0,7.0,121.15,7.0,0.0
18.0,12.0,4,Fashion,2,Single,7,0,8.0,188.65,8.0,0.0
13.0,15.0,3,Laptop & Accessory,5,Married,1,0,1.0,154.73,1.0,0.0
8.0,33.0,3,Laptop & Accessory,3,Married,3,0,7.0,168.83,7.0,0.0
10.0,31.0,4,Laptop & Accessory,4,Divorced,9,0,9.0,181.74,9.0,0.0
14.0,9.0,4,Mobile Phone,3,Married,4,0,3.0,145.01,3.0,0.0
3.0,9.0,4,Mobile Phone,4,Married,2,0,5.0,152.03,5.0,0.0
21.0,10.0,4,Grocery,1,Married,3,0,2.0,252.02,2.0,0.0
9.0,7.0,5,Laptop & Accessory,5,Single,2,0,9.0,168.12,9.0,0.0
11.0,23.0,5,Laptop & Accessory,3,Married,6,0,1.0,188.34,1.0,0.0
9.0,15.0,1,Mobile,4,Married,2,0,2.0,128.1,2.0,0.0
0.0,9.0,4,Fashion,1,Married,2,1,7.0,203.25,7.0,8.0
7.0,15.0,3,Fashion,2,Married,1,0,6.0,185.0,6.0,0.0
11.0,10.0,4,Laptop & Accessory,4,Single,5,0,2.0,166.07,2.0,0.0
8.0,22.0,4,Fashion,2,Divorced,3,0,6.0,204.78,6.0,0.0
7.0,8.0,3,Laptop & Accessory,1,Single,2,0,4.0,162.74,4.0,0.0
18.0,13.0,1,Laptop & Accessory,3,Married,5,0,2.0,164.34,2.0,0.0
8.0,14.0,3,Mobile,3,Divorced,2,0,0.0,124.04,0.0,0.0
11.0,18.0,4,Laptop & Accessory,5,Married,3,0,2.0,162.88,2.0,0.0
27.0,8.0,4,Fashion,3,Divorced,7,0,0.0,206.86,0.0,0.0
11.0,9.0,3,Mobile,3,Married,4,0,2.0,128.21,2.0,0.0
30.0,14.0,3,Mobile,3,Married,2,0,2.0,123.72,2.0,0.0
1.0,12.0,4,Mobile Phone,4,Single,3,1,3.0,149.78,3.0,4.0
4.0,15.0,4,Fashion,3,Married,7,0,8.0,197.64,8.0,0.0
9.0,20.0,3,Mobile,5,Divorced,2,1,8.0,122.35,8.0,9.0
8.0,14.0,4,Mobile Phone,1,Single,3,0,1.0,154.72,1.0,0.0
12.0,12.0,3,Fashion,4,Single,5,0,2.0,183.76,2.0,0.0
15.0,8.0,3,Grocery,5,Divorced,1,0,7.0,276.65,7.0,0.0
23.0,6.0,3,Grocery,1,Married,10,0,3.0,273.99,3.0,0.0
7.0,16.0,3,Mobile,3,Single,2,1,2.0,129.36,2.0,3.0
6.0,13.0,4,Mobile Phone,3,Single,5,0,5.0,155.38,5.0,0.0
12.0,7.0,4,Fashion,5,Married,3,0,12.0,260.82,12.0,0.0
13.0,15.0,3,Laptop & Accessory,3,Married,4,0,7.0,139.75,7.0,0.0
13.0,9.0,5,Laptop & Accessory,2,Divorced,10,0,5.0,177.04,5.0,0.0
10.0,6.0,4,Laptop & Accessory,3,Married,2,0,7.0,159.93,7.0,0.0
6.0,13.0,3,Laptop & Accessory,4,Divorced,1,0,2.0,143.02,2.0,0.0
3.0,17.0,4,Mobile Phone,3,Single,3,0,1.0,151.42,1.0,0.0
0.0,13.0,5,Laptop & Accessory,3,Single,2,1,6.0,160.74,6.0,7.0
11.0,8.0,1,Laptop & Accessory,5,Single,7,1,12.0,159.8,12.0,13.0
6.0,12.0,4,Laptop & Accessory,4,Divorced,3,0,4.0,190.24,4.0,0.0
14.0,7.0,4,Laptop & Accessory,3,Single,5,1,1.0,172.28,1.0,2.0
9.0,6.0,3,Mobile,3,Married,8,0,2.0,122.32,2.0,0.0
9.0,6.0,3,Mobile,3,Single,1,0,5.0,120.58,5.0,0.0
12.0,25.0,6,Laptop & Accessory,1,Married,5,1,1.0,183.11,1.0,2.0
31.0,35.0,5,Fashion,5,Married,6,0,3.0,227.66,3.0,0.0
5.0,13.0,2,Laptop & Accessory,1,Married,6,0,8.0,179.6,8.0,0.0
11.0,14.0,3,Mobile,3,Married,3,1,7.0,126.55,7.0,8.0
4.0,14.0,4,Laptop & Accessory,5,Married,9,0,3.0,172.79,3.0,0.0
4.0,9.0,5,Laptop & Accessory,2,Single,7,1,1.0,193.77,1.0,2.0
9.0,18.0,4,Mobile,5,Divorced,2,0,0.0,120.33,0.0,0.0
14.0,12.0,3,Mobile Phone,5,Single,3,1,17.0,147.21,17.0,18.0
21.0,22.0,3,Laptop & Accessory,3,Married,9,0,7.0,164.39,7.0,0.0
6.0,12.0,4,Laptop & Accessory,4,Married,3,0,4.0,190.24,4.0,0.0
11.0,8.0,3,Laptop & Accessory,3,Married,10,0,0.0,165.53,0.0,0.0
17.0,16.0,3,Laptop & Accessory,1,Married,3,1,3.0,164.65,3.0,4.0
8.0,24.0,3,Laptop & Accessory,5,Married,1,0,4.0,155.61,4.0,0.0
5.0,14.0,1,Laptop & Accessory,1,Married,2,0,8.0,162.09,8.0,0.0
15.0,8.0,4,Mobile Phone,1,Married,5,0,1.0,152.82,1.0,0.0
8.0,14.0,3,Mobile,2,Divorced,2,0,2.0,125.72,2.0,0.0
12.0,9.0,4,Mobile Phone,2,Divorced,3,1,1.0,142.02,1.0,2.0
1.0,31.0,4,Mobile Phone,2,Divorced,2,0,2.0,149.0,2.0,0.0
2.0,7.0,4,Mobile Phone,1,Married,3,0,4.0,145.44,4.0,0.0
19.0,35.0,5,Grocery,4,Single,3,0,7.0,292.04,7.0,0.0
0.0,18.0,3,Laptop & Accessory,1,Single,4,1,7.0,145.81,7.0,8.0
7.0,7.0,5,Laptop & Accessory,2,Single,2,0,5.0,194.49,5.0,0.0
1.0,22.0,4,Mobile Phone,3,Divorced,3,0,3.0,151.1,3.0,0.0
13.0,22.0,4,Grocery,5,Single,2,0,11.0,258.41,11.0,0.0
19.0,8.0,3,Fashion,1,Married,5,1,3.0,203.68,3.0,4.0
4.0,11.0,5,Laptop & Accessory,4,Married,3,1,8.0,177.09,8.0,9.0
1.0,7.0,4,Mobile Phone,2,Single,3,0,1.0,141.11,1.0,0.0
3.0,34.0,4,Laptop & Accessory,3,Married,6,0,2.0,168.35,2.0,0.0
9.0,9.0,3,Mobile Phone,3,Single,2,0,0.0,114.2,0.0,0.0
26.0,13.0,3,Others,3,Married,4,0,7.0,286.06,7.0,0.0
4.0,22.0,5,Fashion,5,Married,4,0,8.0,196.4,8.0,0.0
20.0,7.0,2,Grocery,5,Single,3,0,13.0,300.67,13.0,0.0
5.0,14.0,1,Laptop & Accessory,3,Divorced,6,0,3.0,151.75,3.0,0.0
3.0,6.0,4,Laptop & Accessory,1,Married,2,1,0.0,151.26,0.0,1.0
5.0,14.0,3,Mobile,5,Single,2,0,2.0,124.39,2.0,0.0
9.0,6.0,4,Mobile,5,Married,2,0,2.0,122.18,2.0,0.0
8.0,11.0,4,Fashion,1,Married,4,1,3.0,222.13,3.0,4.0
20.0,12.0,4,Laptop & Accessory,4,Married,3,1,3.0,175.21,3.0,4.0
21.0,21.0,4,Laptop & Accessory,4,Married,10,0,8.0,179.67,8.0,0.0
9.0,26.0,3,Laptop & Accessory,3,Single,1,0,2.0,122.72,2.0,0.0
7.0,14.0,3,Mobile,4,Married,2,1,3.0,123.42,3.0,4.0
16.0,33.0,4,Fashion,5,Divorced,5,1,1.0,256.91,1.0,2.0
5.0,35.0,3,Mobile Phone,3,Single,10,0,7.0,140.25,7.0,0.0
1.0,10.0,4,Laptop & Accessory,3,Married,2,0,3.0,174.99,3.0,0.0
4.0,8.0,4,Laptop & Accessory,5,Married,4,0,0.0,164.1,0.0,0.0
6.0,7.0,5,Mobile Phone,4,Married,8,0,3.0,148.32,3.0,0.0
16.0,12.0,4,Laptop & Accessory,3,Single,2,1,8.0,140.81,8.0,9.0
4.0,19.0,4,Laptop & Accessory,3,Single,2,0,5.0,190.77,5.0,0.0
22.0,9.0,4,Laptop & Accessory,5,Divorced,5,0,2.0,147.89,2.0,0.0
9.0,14.0,5,Mobile,5,Married,2,1,7.0,121.19,7.0,8.0
8.0,14.0,3,Mobile,3,Married,2,0,0.0,124.04,0.0,0.0
11.0,31.0,4,Fashion,4,Married,4,0,3.0,220.61,3.0,0.0
5.0,9.0,6,Mobile Phone,1,Married,3,1,1.0,136.29,1.0,2.0
5.0,6.0,3,Laptop & Accessory,5,Married,5,0,2.0,140.87,2.0,0.0
20.0,14.0,4,Fashion,3,Married,8,0,8.0,233.45,8.0,0.0
7.0,17.0,4,Laptop & Accessory,4,Married,5,0,8.0,144.9,8.0,0.0
1.0,15.0,6,Mobile Phone,5,Married,3,1,8.0,146.19,8.0,9.0
19.0,7.0,3,Others,2,Divorced,2,0,8.0,317.02,8.0,0.0
5.0,14.0,4,Laptop & Accessory,5,Divorced,3,0,13.0,168.06,13.0,0.0
7.0,8.0,4,Mobile Phone,5,Single,2,0,3.0,143.81,3.0,0.0
11.0,16.0,4,Fashion,3,Married,1,1,7.0,187.4,7.0,8.0
9.0,24.0,3,Laptop & Accessory,2,Single,3,0,9.0,177.79,9.0,0.0
13.0,18.0,4,Fashion,1,Married,3,0,8.0,201.54,8.0,0.0
14.0,15.0,3,Fashion,3,Married,4,1,7.0,181.89,7.0,8.0
3.0,10.0,4,Mobile Phone,5,Single,3,1,6.0,172.23,6.0,7.0
19.0,8.0,5,Grocery,4,Married,4,1,7.0,268.72,7.0,8.0
14.0,15.0,5,Fashion,4,Married,4,0,9.0,262.57,9.0,0.0
28.0,8.0,3,Grocery,2,Single,3,1,2.0,266.59,2.0,3.0
1.0,15.0,6,Mobile Phone,5,Divorced,3,1,8.0,146.19,8.0,9.0
11.0,13.0,4,Laptop & Accessory,2,Divorced,6,0,2.0,190.02,2.0,0.0
3.0,7.0,4,Laptop & Accessory,5,Married,2,0,3.0,178.73,3.0,0.0
15.0,18.0,3,Laptop & Accessory,1,Married,4,1,0.0,150.87,0.0,1.0
23.0,28.0,5,Grocery,1,Single,2,1,9.0,244.11,9.0,10.0
0.0,14.0,4,Mobile,1,Single,2,1,1.0,123.89,1.0,2.0
17.0,8.0,1,Fashion,1,Married,2,1,7.0,178.79,7.0,8.0
9.0,27.0,4,Mobile,4,Single,2,1,0.0,121.21,0.0,1.0
3.0,28.0,2,Fashion,5,Married,3,0,3.0,224.8,3.0,0.0
19.0,11.0,4,Laptop & Accessory,4,Married,3,0,9.0,169.47,9.0,0.0
1.0,9.0,5,Mobile Phone,3,Single,3,0,3.0,145.44,3.0,0.0
3.0,20.0,5,Laptop & Accessory,4,Married,6,1,4.0,165.25,4.0,5.0
4.0,7.0,6,Mobile Phone,3,Married,5,0,3.0,163.33,3.0,0.0
6.0,14.0,2,Mobile Phone,4,Married,3,0,4.0,152.94,4.0,0.0
5.0,16.0,5,Mobile Phone,4,Single,2,1,3.0,151.57,3.0,4.0
23.0,14.0,3,Mobile,2,Divorced,5,0,0.0,123.8,0.0,0.0
21.0,32.0,4,Fashion,3,Single,4,0,3.0,211.33,3.0,0.0
7.0,27.0,2,Laptop & Accessory,2,Single,2,0,7.0,153.37,7.0,0.0
15.0,35.0,5,Laptop & Accessory,2,Single,5,0,0.0,142.72,0.0,0.0
0.0,8.0,4,Mobile,2,Single,8,0,0.0,127.85,0.0,0.0
18.0,7.0,3,Fashion,4,Married,2,0,7.0,174.41,7.0,0.0
22.0,9.0,2,Mobile Phone,4,Single,7,0,1.0,150.59,1.0,0.0
6.0,9.0,5,Laptop & Accessory,5,Single,6,0,5.0,146.76,5.0,0.0
3.0,16.0,4,Mobile Phone,3,Married,11,0,3.0,154.74,3.0,0.0
1.0,9.0,4,Mobile Phone,3,Married,8,1,3.0,164.77,3.0,4.0
10.0,13.0,2,Mobile Phone,1,Married,5,0,1.0,155.38,1.0,0.0
18.0,14.0,4,Others,1,Married,2,1,11.0,315.49,11.0,12.0
4.0,14.0,3,Fashion,2,Married,2,0,9.0,207.93,9.0,0.0
16.0,15.0,4,Others,2,Married,3,0,10.0,309.3,10.0,0.0
27.0,13.0,4,Laptop & Accessory,3,Divorced,4,1,6.0,148.06,6.0,7.0
3.0,30.0,2,Mobile Phone,3,Married,3,0,8.0,152.0,8.0,0.0
1.0,10.0,5,Mobile Phone,3,Single,3,0,1.0,157.3,1.0,0.0
10.0,15.0,5,Mobile Phone,5,Married,2,0,4.0,148.42,4.0,0.0
0.0,6.0,4,Mobile,4,Single,2,0,0.0,128.36,0.0,0.0
17.0,14.0,3,Mobile,1,Single,7,1,2.0,124.36,2.0,3.0
12.0,10.0,4,Laptop & Accessory,2,Single,10,1,1.0,193.61,1.0,2.0
4.0,12.0,4,Mobile Phone,5,Married,7,0,31.0,157.04,31.0,0.0
0.0,8.0,4,Mobile Phone,2,Single,2,0,0.0,111.02,0.0,0.0
1.0,16.0,4,Laptop & Accessory,1,Single,3,0,8.0,166.05,8.0,0.0
10.0,14.0,3,Mobile,1,Married,2,1,2.0,123.26,2.0,3.0
1.0,12.0,4,Mobile Phone,3,Single,3,1,3.0,159.41,3.0,4.0
9.0,14.0,3,Laptop & Accessory,2,Married,5,0,7.0,150.79,7.0,0.0
14.0,9.0,4,Others,3,Married,2,0,13.0,305.41,13.0,0.0
2.0,26.0,3,Mobile Phone,1,Married,2,0,10.0,138.12,10.0,0.0
14.0,15.0,5,Fashion,4,Married,4,0,9.0,262.57,9.0,0.0
20.0,10.0,3,Laptop & Accessory,3,Single,4,0,0.0,129.76,0.0,0.0
9.0,25.0,4,Laptop & Accessory,3,Divorced,3,0,1.0,171.01,1.0,0.0
5.0,11.0,3,Mobile,4,Single,3,0,7.0,127.18,7.0,0.0
21.0,9.0,4,Mobile Phone,3,Single,6,0,1.0,149.79,1.0,0.0
6.0,15.0,4,Fashion,2,Single,3,0,3.0,214.98,3.0,0.0
15.0,11.0,3,Others,3,Divorced,7,0,0.0,283.03,0.0,0.0
19.0,9.0,5,Mobile Phone,3,Single,3,0,1.0,147.74,1.0,0.0
31.0,10.0,5,Laptop & Accessory,2,Single,7,0,6.0,176.71,6.0,0.0
1.0,11.0,3,Laptop & Accessory,5,Single,1,0,3.0,184.63,3.0,0.0
15.0,35.0,5,Laptop & Accessory,1,Single,5,0,0.0,142.72,0.0,0.0
1.0,26.0,4,Mobile Phone,2,Divorced,3,0,3.0,148.23,3.0,0.0
18.0,12.0,5,Mobile Phone,3,Single,5,0,4.0,156.62,4.0,0.0
14.0,28.0,3,Laptop & Accessory,1,Married,4,1,3.0,154.67,3.0,4.0
22.0,31.0,3,Mobile,5,Married,2,0,4.0,132.11,4.0,0.0
9.0,14.0,3,Mobile,3,Single,2,0,0.0,119.04,0.0,0.0
16.0,15.0,3,Laptop & Accessory,3,Married,4,1,7.0,156.79,7.0,8.0
1.0,25.0,4,Mobile Phone,2,Single,3,0,1.0,151.93,1.0,0.0
16.0,19.0,4,Laptop & Accessory,1,Married,5,1,1.0,175.87,1.0,2.0
23.0,17.0,3,Others,4,Single,4,0,4.0,299.26,4.0,0.0
29.0,15.0,3,Grocery,1,Married,8,0,3.0,211.03,3.0,0.0
20.0,20.0,3,Laptop & Accessory,4,Married,9,0,7.0,154.67,7.0,0.0
28.0,26.0,4,Laptop & Accessory,5,Married,11,1,5.0,179.85,5.0,6.0
11.0,12.0,4,Laptop & Accessory,1,Married,9,0,5.0,188.47,5.0,0.0
7.0,30.0,4,Fashion,1,Single,3,1,13.0,259.58,13.0,14.0
1.0,8.0,4,Mobile Phone,3,Married,3,0,2.0,137.23,2.0,0.0
25.0,16.0,4,Mobile Phone,1,Married,5,0,4.0,145.75,4.0,0.0
17.0,35.0,3,Laptop & Accessory,2,Single,2,0,17.0,145.41,17.0,0.0
16.0,20.0,2,Laptop & Accessory,5,Married,7,0,1.0,180.38,1.0,0.0
0.0,8.0,3,Mobile,3,Single,2,0,2.0,127.83,2.0,0.0
1.0,33.0,4,Laptop & Accessory,1,Married,3,1,9.0,181.17,9.0,10.0
17.0,8.0,1,Fashion,1,Married,2,1,7.0,178.79,7.0,8.0
20.0,20.0,3,Laptop & Accessory,3,Married,4,1,2.0,145.91,2.0,3.0
9.0,9.0,3,Mobile,3,Married,2,0,0.0,120.83,0.0,0.0
8.0,31.0,3,Fashion,3,Married,2,1,1.0,203.88,1.0,2.0
9.0,31.0,3,Mobile,4,Married,2,1,8.0,120.22,8.0,9.0
20.0,14.0,4,Laptop & Accessory,3,Married,4,0,1.0,177.58,1.0,0.0
14.0,19.0,4,Laptop & Accessory,5,Married,4,0,8.0,169.48,8.0,0.0
51.0,7.0,2,Laptop & Accessory,3,Divorced,2,0,9.0,174.0,9.0,0.0
20.0,8.0,4,Mobile,2,Single,2,1,2.0,132.94,2.0,3.0
11.0,7.0,6,Laptop & Accessory,1,Married,3,0,3.0,220.25,3.0,0.0
6.0,12.0,5,Laptop & Accessory,4,Married,5,0,6.0,183.78,6.0,0.0
8.0,15.0,2,Laptop & Accessory,3,Married,3,0,9.0,192.99,9.0,0.0
20.0,25.0,4,Fashion,3,Divorced,7,0,3.0,230.27,3.0,0.0
1.0,25.0,4,Mobile,5,Married,2,0,3.0,131.96,3.0,0.0
2.0,23.0,4,Fashion,5,Single,2,0,9.0,179.88,9.0,0.0
11.0,12.0,2,Mobile Phone,3,Single,2,0,4.0,160.0,4.0,0.0
1.0,30.0,5,Laptop & Accessory,1,Married,9,1,1.0,166.57,1.0,2.0
28.0,32.0,4,Others,1,Married,2,0,13.0,295.86,13.0,0.0
3.0,28.0,3,Fashion,5,Married,1,0,8.0,184.12,8.0,0.0
8.0,14.0,4,Mobile,5,Single,2,0,2.0,124.5,2.0,0.0
14.0,6.0,1,Fashion,5,Married,2,0,7.0,183.92,7.0,0.0
3.0,13.0,3,Laptop & Accessory,3,Married,2,0,9.0,134.91,9.0,0.0
28.0,20.0,2,Others,4,Single,9,0,15.0,287.22,15.0,0.0
9.0,24.0,3,Mobile,1,Single,2,0,7.0,121.53,7.0,0.0
1.0,29.0,4,Mobile Phone,3,Divorced,6,1,2.0,146.32,2.0,3.0
2.0,12.0,4,Mobile,4,Married,2,0,0.0,128.04,0.0,0.0
9.0,26.0,3,Mobile,1,Married,2,0,2.0,121.57,2.0,0.0
6.0,6.0,1,Grocery,3,Married,5,0,5.0,261.84,5.0,0.0
2.0,29.0,3,Mobile Phone,5,Single,1,0,3.0,139.04,3.0,0.0
1.0,9.0,4,Mobile Phone,5,Married,9,0,8.0,152.07,8.0,0.0
27.0,8.0,3,Fashion,3,Married,10,0,3.0,235.49,3.0,0.0
3.0,12.0,4,Laptop & Accessory,1,Married,5,0,1.0,145.86,1.0,0.0
19.0,15.0,4,Laptop & Accessory,2,Divorced,11,0,9.0,161.97,9.0,0.0
1.0,8.0,4,Mobile Phone,3,Married,5,0,3.0,154.09,3.0,0.0
8.0,27.0,3,Laptop & Accessory,1,Married,2,1,7.0,140.14,7.0,8.0
9.0,15.0,4,Laptop & Accessory,3,Married,3,0,10.0,166.48,10.0,0.0
13.0,7.0,4,Others,3,Married,3,1,7.0,316.97,7.0,8.0
1.0,33.0,5,Laptop & Accessory,5,Married,1,0,0.0,148.77,0.0,0.0
7.0,9.0,5,Laptop & Accessory,5,Single,4,0,12.0,147.59,12.0,0.0
26.0,9.0,5,Others,3,Single,3,1,13.0,315.68,13.0,14.0
21.0,10.0,3,Fashion,1,Single,2,0,8.0,178.98,8.0,0.0
11.0,6.0,4,Fashion,3,Single,10,1,0.0,153.81,0.0,1.0
29.0,29.0,3,Grocery,4,Married,5,1,9.0,234.02,9.0,10.0
18.0,12.0,5,Mobile Phone,3,Single,5,0,4.0,156.62,4.0,0.0
11.0,8.0,3,Fashion,4,Single,8,0,0.0,173.51,0.0,0.0
11.0,14.0,1,Mobile,3,Married,2,0,3.0,126.1,3.0,0.0
8.0,14.0,3,Laptop & Accessory,3,Married,2,0,9.0,141.48,9.0,0.0
16.0,32.0,3,Grocery,1,Married,2,1,12.0,269.59,12.0,13.0
0.0,14.0,4,Mobile,3,Single,2,0,2.0,126.25,2.0,0.0
1.0,15.0,5,Mobile Phone,4,Single,3,0,1.0,137.61,1.0,0.0
9.0,11.0,3,Mobile Phone,4,Single,2,1,0.0,118.78,0.0,1.0
25.0,17.0,3,Laptop & Accessory,3,Divorced,9,0,4.0,131.49,4.0,0.0
8.0,16.0,4,Fashion,2,Married,2,0,3.0,210.0,3.0,0.0
10.0,33.0,1,Laptop & Accessory,3,Single,5,1,3.0,163.97,3.0,4.0
1.0,15.0,2,Laptop & Accessory,4,Married,2,0,3.0,173.51,3.0,0.0
16.0,9.0,2,Laptop & Accessory,5,Married,9,0,4.0,187.72,4.0,0.0
2.0,14.0,4,Laptop & Accessory,2,Divorced,2,1,2.0,150.56,2.0,3.0
1.0,28.0,5,Mobile Phone,5,Married,2,0,1.0,147.96,1.0,0.0
2.0,9.0,4,Laptop & Accessory,4,Married,6,0,5.0,173.55,5.0,0.0
0.0,11.0,3,Mobile Phone,1,Single,2,0,0.0,110.51,0.0,0.0
8.0,6.0,3,Fashion,4,Divorced,2,0,6.0,172.95,6.0,0.0
18.0,31.0,6,Mobile Phone,3,Single,4,0,5.0,162.08,5.0,0.0
19.0,6.0,3,Fashion,5,Married,2,0,7.0,204.53,7.0,0.0
1.0,7.0,4,Mobile Phone,1,Married,11,1,3.0,172.87,3.0,4.0
25.0,9.0,4,Fashion,3,Married,3,1,4.0,179.69,4.0,5.0
3.0,17.0,5,Laptop & Accessory,3,Single,11,0,5.0,183.69,5.0,0.0
2.0,16.0,3,Mobile,4,Married,1,0,1.0,132.91,1.0,0.0
1.0,11.0,4,Mobile Phone,3,Single,3,0,1.0,148.18,1.0,0.0
3.0,17.0,4,Mobile Phone,4,Married,2,0,2.0,157.91,2.0,0.0
17.0,22.0,5,Grocery,3,Married,3,0,12.0,301.03,12.0,0.0
3.0,31.0,4,Fashion,4,Single,3,1,0.0,190.94,0.0,1.0
20.0,20.0,3,Laptop & Accessory,5,Single,3,0,7.0,149.6,7.0,0.0
26.0,9.0,3,Grocery,3,Divorced,4,1,3.0,275.84,3.0,4.0
20.0,22.0,4,Others,4,Divorced,7,0,4.0,315.81,4.0,0.0
7.0,15.0,4,Fashion,4,Single,2,0,7.0,186.21,7.0,0.0
1.0,7.0,5,Laptop & Accessory,1,Married,1,0,5.0,166.74,5.0,0.0
11.0,6.0,3,Laptop & Accessory,1,Married,8,0,9.0,147.35,9.0,0.0
17.0,13.0,4,Fashion,1,Married,4,0,17.0,202.48,17.0,0.0
8.0,24.0,3,Fashion,1,Single,3,0,2.0,193.62,2.0,0.0
0.0,19.0,4,Laptop & Accessory,5,Married,6,1,2.0,161.34,2.0,3.0
2.0,33.0,3,Laptop & Accessory,3,Married,5,0,1.0,143.35,1.0,0.0
0.0,13.0,1,Mobile Phone,5,Single,1,0,7.0,135.78,7.0,0.0
20.0,22.0,1,Laptop & Accessory,3,Married,2,1,7.0,150.67,7.0,8.0
15.0,17.0,6,Laptop & Accessory,4,Single,3,0,10.0,186.51,10.0,0.0
23.0,14.0,3,Mobile Phone,4,Married,8,0,2.0,138.75,2.0,0.0
28.0,16.0,4,Laptop & Accessory,3,Married,5,0,4.0,153.97,4.0,0.0
6.0,10.0,4,Fashion,2,Single,5,0,8.0,236.59,8.0,0.0
13.0,17.0,4,Laptop & Accessory,5,Married,4,0,8.0,178.77,8.0,0.0
13.0,8.0,1,Laptop & Accessory,4,Married,2,0,7.0,142.44,7.0,0.0
28.0,12.0,4,Others,5,Divorced,6,0,3.0,319.06,3.0,0.0
61.0,28.0,4,Grocery,1,Married,6,1,1.0,303.75,1.0,2.0
1.0,21.0,4,Mobile Phone,1,Married,7,1,5.0,149.36,5.0,6.0
1.0,14.0,4,Mobile Phone,2,Married,2,0,4.0,149.36,4.0,0.0
22.0,17.0,5,Others,4,Married,6,0,10.0,321.65,10.0,0.0
1.0,16.0,5,Mobile Phone,4,Married,3,0,1.0,151.94,1.0,0.0
8.0,14.0,3,Laptop & Accessory,3,Married,2,0,9.0,141.48,9.0,0.0
7.0,16.0,3,Laptop & Accessory,3,Married,2,1,7.0,140.01,7.0,8.0
26.0,26.0,4,Mobile Phone,1,Married,2,0,3.0,167.58,3.0,0.0
0.0,6.0,4,Mobile Phone,5,Divorced,2,0,3.0,139.55,3.0,0.0
10.0,6.0,4,Laptop & Accessory,2,Divorced,2,0,11.0,164.74,11.0,0.0
15.0,18.0,3,Mobile,4,Married,9,0,4.0,127.66,4.0,0.0
4.0,6.0,5,Laptop & Accessory,5,Married,2,0,7.0,150.03,7.0,0.0
28.0,8.0,4,Grocery,1,Single,8,0,8.0,298.28,8.0,0.0
18.0,10.0,5,Fashion,3,Married,5,0,3.0,197.56,3.0,0.0
25.0,34.0,1,Grocery,3,Divorced,3,1,2.0,232.47000000000003,2.0,3.0
10.0,21.0,4,Laptop & Accessory,1,Married,2,1,12.0,190.86,12.0,13.0
24.0,11.0,3,Grocery,4,Married,2,1,10.0,240.26,10.0,11.0
3.0,13.0,3,Laptop & Accessory,3,Married,2,0,9.0,134.91,9.0,0.0
19.0,12.0,6,Laptop & Accessory,5,Single,3,1,5.0,182.69,5.0,6.0
22.0,14.0,4,Laptop & Accessory,5,Married,6,0,3.0,179.86,3.0,0.0
0.0,14.0,3,Mobile,1,Single,2,0,7.0,125.7,7.0,0.0
4.0,16.0,5,Mobile Phone,3,Single,3,0,9.0,147.06,9.0,0.0
0.0,16.0,4,Laptop & Accessory,1,Married,2,1,4.0,157.69,4.0,5.0
24.0,31.0,4,Grocery,3,Married,5,1,6.0,264.73,6.0,7.0
8.0,11.0,4,Laptop & Accessory,3,Married,11,0,3.0,190.38,3.0,0.0
21.0,23.0,2,Laptop & Accessory,3,Married,3,1,8.0,175.67,8.0,9.0
2.0,23.0,2,Laptop & Accessory,5,Single,2,0,8.0,181.61,8.0,0.0
16.0,9.0,4,Grocery,3,Divorced,2,1,11.0,303.61,11.0,12.0
12.0,26.0,3,Laptop & Accessory,1,Married,3,0,2.0,141.27,2.0,0.0
0.0,9.0,3,Mobile Phone,5,Divorced,6,0,2.0,140.31,2.0,0.0
10.0,6.0,4,Mobile Phone,5,Divorced,3,0,2.0,139.2,2.0,0.0
5.0,9.0,4,Laptop & Accessory,1,Single,6,1,6.0,190.82,6.0,7.0
17.0,13.0,5,Grocery,2,Married,6,1,1.0,291.27,1.0,2.0
9.0,16.0,2,Mobile,3,Divorced,4,1,7.0,122.13,7.0,8.0
1.0,8.0,3,Laptop & Accessory,4,Married,5,0,4.0,148.55,4.0,0.0
13.0,10.0,3,Others,3,Divorced,2,0,9.0,290.33,9.0,0.0
11.0,14.0,4,Laptop & Accessory,5,Married,7,1,5.0,167.84,5.0,6.0
25.0,25.0,3,Mobile Phone,1,Married,1,0,2.0,142.58,2.0,0.0
13.0,31.0,4,Laptop & Accessory,1,Single,9,0,8.0,166.08,8.0,0.0
11.0,35.0,3,Laptop & Accessory,2,Divorced,4,0,7.0,162.61,7.0,0.0
4.0,26.0,1,Mobile,2,Divorced,1,0,2.0,127.91,2.0,0.0
9.0,11.0,3,Laptop & Accessory,1,Married,4,0,0.0,120.86,0.0,0.0
25.0,17.0,3,Laptop & Accessory,3,Married,9,0,4.0,131.49,4.0,0.0
9.0,7.0,5,Mobile Phone,3,Divorced,8,0,8.0,147.58,8.0,0.0
20.0,25.0,4,Laptop & Accessory,3,Married,4,0,9.0,173.1,9.0,0.0
4.0,13.0,5,Laptop & Accessory,2,Divorced,2,0,8.0,171.27,8.0,0.0
0.0,10.0,2,Mobile,5,Divorced,3,0,2.0,128.19,2.0,0.0
30.0,7.0,3,Others,5,Married,4,1,5.0,297.01,5.0,6.0
24.0,9.0,3,Fashion,3,Married,3,0,3.0,231.16000000000005,3.0,0.0
25.0,7.0,5,Fashion,5,Single,5,0,9.0,199.84,9.0,0.0
1.0,32.0,5,Mobile Phone,4,Divorced,7,0,2.0,150.46,2.0,0.0
8.0,9.0,2,Mobile Phone,1,Married,2,1,3.0,154.32,3.0,4.0
9.0,15.0,3,Mobile,2,Divorced,2,0,4.0,120.7,4.0,0.0
1.0,23.0,3,Laptop & Accessory,5,Married,2,0,8.0,145.58,8.0,0.0
14.0,23.0,5,Laptop & Accessory,3,Single,8,0,1.0,175.94,1.0,0.0
16.0,31.0,4,Fashion,5,Married,3,1,9.0,199.06,9.0,10.0
7.0,11.0,5,Mobile Phone,4,Divorced,8,0,2.0,151.22,2.0,0.0
1.0,9.0,4,Mobile Phone,5,Married,3,0,1.0,148.41,1.0,0.0
4.0,18.0,3,Others,3,Divorced,2,0,8.0,295.45,8.0,0.0
13.0,31.0,5,Grocery,1,Married,2,0,7.0,245.31,7.0,0.0
6.0,10.0,4,Fashion,1,Single,5,0,8.0,236.59,8.0,0.0
10.0,18.0,5,Laptop & Accessory,1,Married,6,0,1.0,191.52,1.0,0.0
9.0,31.0,4,Mobile,4,Single,5,1,2.0,123.13,2.0,3.0
3.0,11.0,4,Mobile Phone,1,Married,10,0,3.0,137.61,3.0,0.0
7.0,10.0,4,Mobile Phone,3,Married,3,1,1.0,154.09,1.0,2.0
14.0,18.0,4,Laptop & Accessory,3,Married,3,0,5.0,188.23,5.0,0.0
1.0,31.0,5,Mobile Phone,3,Single,7,1,4.0,145.28,4.0,5.0
4.0,14.0,4,Laptop & Accessory,3,Married,3,0,10.0,159.91,10.0,0.0
7.0,9.0,4,Laptop & Accessory,4,Single,10,0,8.0,176.47,8.0,0.0
15.0,20.0,4,Laptop & Accessory,3,Single,8,0,3.0,162.44,3.0,0.0
12.0,34.0,4,Laptop & Accessory,5,Single,4,0,3.0,142.84,3.0,0.0
2.0,14.0,3,Mobile,2,Single,2,0,5.0,123.4,5.0,0.0
0.0,6.0,4,Mobile Phone,3,Single,1,1,2.0,137.3,2.0,3.0
0.0,14.0,4,Mobile,1,Married,6,0,3.0,123.67,3.0,0.0
11.0,12.0,4,Mobile Phone,3,Married,2,0,4.0,137.02,4.0,0.0
9.0,6.0,4,Fashion,5,Married,3,0,3.0,215.69,3.0,0.0
20.0,31.0,4,Mobile Phone,1,Single,3,0,1.0,150.87,1.0,0.0
9.0,7.0,3,Mobile Phone,1,Single,2,0,0.0,116.11,0.0,0.0
0.0,18.0,1,Mobile,4,Single,2,0,0.0,127.16,0.0,0.0
13.0,13.0,4,Fashion,4,Single,6,0,3.0,208.76,3.0,0.0
10.0,7.0,5,Laptop & Accessory,1,Married,2,0,3.0,195.25,3.0,0.0
5.0,9.0,6,Mobile Phone,1,Married,3,1,1.0,136.29,1.0,2.0
6.0,28.0,3,Laptop & Accessory,4,Married,1,0,7.0,161.46,7.0,0.0
2.0,35.0,5,Laptop & Accessory,3,Married,9,0,6.0,163.84,6.0,0.0
5.0,27.0,4,Mobile Phone,4,Single,3,1,3.0,156.4,3.0,4.0
8.0,6.0,3,Fashion,3,Single,2,0,8.0,187.89,8.0,0.0
12.0,36.0,4,Laptop & Accessory,1,Single,3,0,10.0,149.06,10.0,0.0
9.0,15.0,4,Mobile Phone,3,Single,3,0,5.0,168.23,5.0,0.0
10.0,10.0,2,Laptop & Accessory,5,Married,8,0,5.0,193.42,5.0,0.0
17.0,8.0,3,Fashion,3,Single,6,1,2.0,202.09,2.0,3.0
8.0,8.0,4,Fashion,4,Married,3,0,4.0,202.74,4.0,0.0
15.0,14.0,6,Others,3,Married,3,0,11.0,324.73,11.0,0.0
6.0,10.0,3,Laptop & Accessory,4,Married,6,0,7.0,130.55,7.0,0.0
7.0,14.0,3,Laptop & Accessory,5,Married,4,0,0.0,151.21,0.0,0.0
7.0,7.0,2,Laptop & Accessory,4,Married,3,1,3.0,179.88,3.0,4.0
7.0,24.0,4,Grocery,3,Single,3,0,1.0,299.44,1.0,0.0
3.0,13.0,4,Mobile Phone,5,Divorced,9,1,3.0,149.04,3.0,4.0
1.0,16.0,4,Mobile Phone,3,Divorced,3,0,3.0,152.42,3.0,0.0
1.0,13.0,2,Mobile Phone,1,Married,2,0,8.0,150.44,8.0,0.0
9.0,33.0,3,Laptop & Accessory,3,Married,7,0,7.0,152.37,7.0,0.0
3.0,8.0,4,Mobile Phone,5,Single,1,0,7.0,149.68,7.0,0.0
9.0,22.0,3,Mobile,3,Single,2,0,4.0,121.44,4.0,0.0
10.0,16.0,2,Mobile Phone,2,Single,4,0,0.0,146.8,0.0,0.0
17.0,7.0,3,Laptop & Accessory,1,Married,5,1,2.0,157.43,2.0,3.0
19.0,14.0,4,Fashion,5,Married,4,0,3.0,222.24,3.0,0.0
2.0,19.0,4,Laptop & Accessory,4,Married,5,1,3.0,140.25,3.0,4.0
5.0,21.0,3,Laptop & Accessory,1,Married,6,0,2.0,166.67,2.0,0.0
10.0,10.0,4,Laptop & Accessory,4,Single,6,0,8.0,169.85,8.0,0.0
29.0,9.0,4,Fashion,4,Married,5,0,3.0,234.76,3.0,0.0
2.0,14.0,4,Mobile,2,Married,7,0,3.0,125.32,3.0,0.0
5.0,11.0,4,Laptop & Accessory,1,Single,9,0,0.0,196.79,0.0,0.0
0.0,14.0,3,Mobile,3,Married,2,0,3.0,125.17,3.0,0.0
0.0,14.0,3,Mobile,5,Single,2,1,2.0,123.8,2.0,3.0
8.0,17.0,4,Mobile Phone,3,Single,3,1,3.0,154.36,3.0,4.0
6.0,8.0,4,Fashion,1,Married,3,0,3.0,229.22,3.0,0.0
0.0,22.0,3,Mobile,4,Divorced,10,0,2.0,128.11,2.0,0.0
0.0,31.0,3,Mobile,3,Married,2,0,7.0,129.42,7.0,0.0
0.0,31.0,3,Mobile,1,Single,2,1,1.0,127.95,1.0,2.0
9.0,14.0,4,Mobile,5,Married,1,0,3.0,123.42,3.0,0.0
16.0,12.0,4,Grocery,1,Married,5,1,0.0,266.27,0.0,1.0
9.0,13.0,1,Laptop & Accessory,5,Married,3,0,13.0,146.39,13.0,0.0
0.0,15.0,3,Laptop & Accessory,5,Single,4,1,3.0,182.24,3.0,4.0
5.0,14.0,5,Fashion,3,Divorced,3,0,3.0,214.43,3.0,0.0
20.0,9.0,4,Grocery,5,Married,10,0,10.0,295.48,10.0,0.0
6.0,11.0,4,Mobile Phone,4,Divorced,4,0,3.0,164.31,3.0,0.0
8.0,9.0,5,Mobile Phone,3,Married,5,0,8.0,152.68,8.0,0.0
3.0,15.0,3,Laptop & Accessory,5,Married,2,0,10.0,130.72,10.0,0.0
2.0,8.0,3,Mobile,4,Married,1,0,4.0,127.03,4.0,0.0
30.0,11.0,4,Fashion,4,Married,3,1,4.0,205.52,4.0,5.0
13.0,6.0,4,Grocery,4,Married,2,0,11.0,235.03,11.0,0.0
3.0,14.0,3,Fashion,3,Married,6,0,7.0,172.64,7.0,0.0
16.0,15.0,3,Laptop & Accessory,3,Married,4,1,7.0,156.79,7.0,8.0
0.0,10.0,3,Mobile,5,Single,2,0,0.0,129.73,0.0,0.0
19.0,9.0,5,Mobile Phone,3,Single,3,0,1.0,147.74,1.0,0.0
1.0,8.0,4,Mobile Phone,4,Single,3,1,3.0,148.02,3.0,4.0
9.0,16.0,4,Mobile Phone,4,Single,2,1,0.0,118.59,0.0,1.0
1.0,9.0,4,Mobile Phone,5,Married,2,0,3.0,155.41,3.0,0.0
1.0,12.0,4,Mobile Phone,5,Single,3,1,3.0,148.8,3.0,4.0
1.0,16.0,4,Mobile Phone,5,Single,3,0,3.0,152.28,3.0,0.0
18.0,17.0,4,Laptop & Accessory,1,Married,4,1,4.0,189.65,4.0,5.0
10.0,9.0,4,Mobile Phone,3,Single,6,0,10.0,150.19,10.0,0.0
2.0,36.0,4,Laptop & Accessory,5,Married,9,1,1.0,191.73,1.0,2.0
14.0,14.0,3,Laptop & Accessory,4,Married,6,0,4.0,143.93,4.0,0.0
9.0,14.0,4,Laptop & Accessory,4,Married,2,1,7.0,121.33,7.0,8.0
11.0,13.0,2,Laptop & Accessory,5,Married,6,1,8.0,184.74,8.0,9.0
7.0,16.0,3,Mobile,3,Single,2,1,2.0,129.36,2.0,3.0
14.0,16.0,5,Laptop & Accessory,4,Single,2,0,9.0,161.51,9.0,0.0
0.0,9.0,4,Mobile,1,Married,1,1,0.0,128.53,0.0,1.0
16.0,15.0,4,Others,1,Married,3,0,10.0,309.3,10.0,0.0
15.0,10.0,3,Others,2,Divorced,2,0,15.0,292.32,15.0,0.0
29.0,29.0,3,Grocery,4,Divorced,5,1,9.0,234.02,9.0,10.0
9.0,32.0,5,Laptop & Accessory,2,Single,6,0,3.0,161.81,3.0,0.0
0.0,14.0,3,Fashion,3,Single,2,0,7.0,187.26,7.0,0.0
0.0,17.0,1,Laptop & Accessory,3,Married,9,0,2.0,147.07,2.0,0.0
13.0,9.0,5,Laptop & Accessory,3,Single,3,0,11.0,170.53,11.0,0.0
1.0,16.0,4,Mobile Phone,2,Single,3,1,3.0,148.23,3.0,4.0
4.0,12.0,4,Fashion,1,Married,4,0,3.0,219.19,3.0,0.0
5.0,8.0,3,Laptop & Accessory,4,Married,1,0,6.0,154.7,6.0,0.0
22.0,17.0,3,Laptop & Accessory,1,Single,4,0,4.0,145.07,4.0,0.0
3.0,22.0,3,Laptop & Accessory,3,Divorced,9,0,2.0,153.01,2.0,0.0
1.0,26.0,4,Mobile Phone,1,Married,5,0,3.0,161.69,3.0,0.0
9.0,28.0,5,Mobile Phone,3,Married,2,0,0.0,115.55,0.0,0.0
8.0,13.0,4,Mobile,1,Married,2,0,1.0,126.9,1.0,0.0
9.0,8.0,4,Mobile,3,Single,2,0,2.0,120.44,2.0,0.0
0.0,33.0,3,Laptop & Accessory,1,Single,2,1,7.0,158.13,7.0,8.0
24.0,9.0,4,Others,3,Married,4,1,8.0,317.37,8.0,9.0
1.0,9.0,2,Laptop & Accessory,2,Divorced,3,0,4.0,179.72,4.0,0.0
7.0,14.0,4,Laptop & Accessory,3,Married,3,0,9.0,184.68,9.0,0.0
0.0,14.0,5,Mobile,1,Single,2,1,0.0,123.4,0.0,1.0
9.0,13.0,6,Laptop & Accessory,2,Single,3,0,9.0,191.46,9.0,0.0
0.0,30.0,5,Mobile Phone,1,Single,2,1,0.0,111.18,0.0,1.0
10.0,13.0,2,Laptop & Accessory,5,Married,5,1,3.0,180.62,3.0,4.0
1.0,15.0,3,Laptop & Accessory,4,Divorced,2,0,3.0,173.51,3.0,0.0
22.0,6.0,4,Grocery,3,Single,8,1,7.0,239.64,7.0,8.0
8.0,24.0,3,Laptop & Accessory,3,Divorced,2,0,0.0,146.01,0.0,0.0
14.0,23.0,4,Mobile Phone,3,Married,11,0,1.0,160.44,1.0,0.0
22.0,7.0,3,Grocery,3,Single,5,0,0.0,253.79,0.0,0.0
7.0,9.0,5,Laptop & Accessory,1,Single,6,0,2.0,160.29,2.0,0.0
9.0,14.0,4,Fashion,3,Single,5,0,3.0,227.21,3.0,0.0
12.0,24.0,3,Laptop & Accessory,3,Single,1,0,7.0,145.34,7.0,0.0
5.0,15.0,4,Grocery,4,Single,5,0,1.0,289.22,1.0,0.0
19.0,6.0,3,Fashion,5,Married,8,0,3.0,193.96,3.0,0.0
11.0,17.0,4,Mobile Phone,5,Married,8,0,4.0,159.52,4.0,0.0
1.0,12.0,5,Laptop & Accessory,3,Single,3,1,4.0,182.44,4.0,5.0
9.0,6.0,4,Mobile,4,Single,2,1,2.0,121.74,2.0,3.0
18.0,15.0,2,Mobile Phone,2,Divorced,4,1,3.0,153.18,3.0,4.0
20.0,10.0,4,Fashion,4,Married,9,1,10.0,203.33,10.0,11.0
24.0,31.0,4,Grocery,3,Divorced,5,1,6.0,264.73,6.0,7.0
16.0,17.0,3,Fashion,3,Married,2,0,9.0,175.1,9.0,0.0
12.0,32.0,5,Fashion,4,Married,5,0,2.0,245.61,2.0,0.0
20.0,10.0,4,Grocery,4,Married,10,0,2.0,291.06,2.0,0.0
7.0,9.0,3,Laptop & Accessory,4,Married,2,0,9.0,154.33,9.0,0.0
5.0,8.0,2,Laptop & Accessory,2,Single,8,0,7.0,150.55,7.0,0.0
0.0,14.0,3,Mobile,2,Divorced,2,1,0.0,125.15,0.0,1.0
1.0,25.0,2,Laptop & Accessory,3,Married,4,0,3.0,187.32,3.0,0.0
23.0,7.0,4,Mobile Phone,5,Divorced,4,0,3.0,160.8,3.0,0.0
3.0,21.0,4,Fashion,5,Married,3,0,7.0,171.4,7.0,0.0
7.0,15.0,5,Mobile Phone,1,Single,2,0,3.0,148.42,3.0,0.0
2.0,8.0,3,Laptop & Accessory,2,Single,2,0,9.0,145.54,9.0,0.0
3.0,9.0,4,Grocery,1,Married,9,0,6.0,246.69,6.0,0.0
4.0,32.0,5,Fashion,4,Single,4,1,3.0,215.94,3.0,4.0
4.0,8.0,3,Mobile,3,Married,1,0,2.0,130.67,2.0,0.0
15.0,8.0,4,Laptop & Accessory,1,Single,4,0,0.0,167.81,0.0,0.0
18.0,10.0,4,Others,2,Divorced,6,1,2.0,320.13,2.0,3.0
0.0,19.0,4,Laptop & Accessory,5,Married,6,1,2.0,161.34,2.0,3.0
22.0,29.0,4,Grocery,1,Married,5,0,8.0,296.74,8.0,0.0
7.0,9.0,4,Mobile Phone,2,Single,2,0,3.0,150.0,3.0,0.0
12.0,25.0,3,Laptop & Accessory,1,Married,9,0,2.0,139.02,2.0,0.0
29.0,9.0,5,Mobile Phone,1,Married,10,0,5.0,151.62,5.0,0.0
18.0,34.0,4,Grocery,4,Single,2,0,6.0,267.04,6.0,0.0
0.0,10.0,3,Laptop & Accessory,3,Divorced,2,1,3.0,141.62,3.0,4.0
18.0,15.0,3,Fashion,5,Married,5,1,2.0,207.61,2.0,3.0
0.0,14.0,3,Mobile,4,Married,3,1,2.0,123.73,2.0,3.0
1.0,32.0,4,Laptop & Accessory,5,Divorced,2,0,4.0,147.24,4.0,0.0
6.0,17.0,4,Fashion,1,Single,4,0,1.0,237.44,1.0,0.0
9.0,8.0,3,Mobile Phone,4,Single,2,0,0.0,113.93,0.0,0.0
1.0,30.0,5,Fashion,5,Married,3,0,11.0,198.36,11.0,0.0
1.0,31.0,5,Laptop & Accessory,4,Single,2,1,11.0,170.99,11.0,12.0
17.0,9.0,4,Laptop & Accessory,1,Married,3,0,8.0,181.75,8.0,0.0
11.0,8.0,3,Laptop & Accessory,3,Divorced,10,0,0.0,165.53,0.0,0.0
1.0,11.0,5,Mobile Phone,3,Single,7,0,3.0,163.94,3.0,0.0
12.0,7.0,4,Laptop & Accessory,1,Married,9,0,10.0,172.35,10.0,0.0
3.0,11.0,5,Mobile Phone,5,Married,3,0,1.0,146.09,1.0,0.0
9.0,15.0,3,Mobile,4,Married,7,0,2.0,120.24,2.0,0.0
24.0,12.0,4,Mobile,3,Single,1,0,7.0,128.38,7.0,0.0
23.0,23.0,4,Mobile Phone,5,Married,6,1,3.0,150.87,3.0,4.0
8.0,28.0,2,Laptop & Accessory,1,Single,3,0,8.0,178.37,8.0,0.0
14.0,12.0,4,Laptop & Accessory,4,Single,7,1,2.0,160.32,2.0,3.0
13.0,12.0,3,Grocery,3,Single,8,0,13.0,232.37,13.0,0.0
0.0,8.0,3,Laptop & Accessory,2,Divorced,1,0,2.0,142.27,2.0,0.0
10.0,10.0,3,Mobile,3,Married,8,1,3.0,129.96,3.0,4.0
4.0,10.0,4,Mobile Phone,3,Married,3,0,1.0,145.83,1.0,0.0
16.0,12.0,4,Others,3,Married,8,0,14.0,293.92,14.0,0.0
4.0,23.0,4,Laptop & Accessory,3,Divorced,10,0,3.0,178.01,3.0,0.0
6.0,9.0,4,Mobile Phone,5,Single,3,0,3.0,149.39,3.0,0.0
0.0,9.0,3,Laptop & Accessory,3,Single,10,0,0.0,145.77,0.0,0.0
12.0,9.0,5,Mobile Phone,4,Married,6,0,6.0,149.68,6.0,0.0
6.0,8.0,3,Laptop & Accessory,4,Single,9,0,7.0,151.47,7.0,0.0
1.0,36.0,6,Laptop & Accessory,5,Single,10,0,3.0,174.69,3.0,0.0
4.0,7.0,5,Fashion,3,Single,3,0,3.0,209.74,3.0,0.0
1.0,27.0,3,Mobile,2,Divorced,2,0,2.0,127.13,2.0,0.0
9.0,6.0,4,Mobile,5,Divorced,2,0,2.0,122.18,2.0,0.0
9.0,32.0,5,Laptop & Accessory,1,Single,6,0,3.0,161.81,3.0,0.0
12.0,8.0,4,Mobile Phone,4,Married,2,1,3.0,154.91,3.0,4.0
15.0,11.0,4,Mobile Phone,3,Divorced,11,1,8.0,149.61,8.0,9.0
0.0,10.0,3,Fashion,5,Single,1,1,7.0,195.82,7.0,8.0
4.0,13.0,3,Laptop & Accessory,2,Married,5,0,7.0,175.47,7.0,0.0
8.0,17.0,3,Mobile,3,Married,8,1,2.0,126.6,2.0,3.0
5.0,17.0,4,Laptop & Accessory,1,Married,4,1,5.0,190.83,5.0,6.0
1.0,31.0,6,Mobile Phone,2,Single,3,1,1.0,136.18,1.0,2.0
1.0,25.0,4,Laptop & Accessory,3,Divorced,2,1,3.0,171.14,3.0,4.0
18.0,13.0,3,Fashion,5,Married,2,0,11.0,152.1,11.0,0.0
12.0,15.0,3,Laptop & Accessory,4,Single,10,0,3.0,167.82,3.0,0.0
13.0,7.0,3,Laptop & Accessory,1,Married,5,0,3.0,165.13,3.0,0.0
0.0,6.0,3,Laptop & Accessory,4,Married,2,0,4.0,163.97,4.0,0.0
13.0,8.0,3,Others,3,Divorced,1,0,12.0,280.41,12.0,0.0
9.0,10.0,3,Mobile,1,Married,2,0,0.0,119.51,0.0,0.0
8.0,8.0,4,Mobile Phone,1,Single,1,1,4.0,149.3,4.0,5.0
25.0,12.0,3,Laptop & Accessory,5,Married,4,1,9.0,155.77,9.0,10.0
1.0,13.0,2,Mobile Phone,5,Divorced,3,1,1.0,141.01,1.0,2.0
26.0,7.0,4,Grocery,3,Married,5,1,3.0,229.65,3.0,4.0
1.0,32.0,4,Mobile Phone,2,Single,3,1,2.0,152.95,2.0,3.0
9.0,8.0,3,Mobile,5,Married,7,1,2.0,120.42,2.0,3.0
9.0,25.0,4,Fashion,1,Single,4,0,3.0,218.62,3.0,0.0
9.0,15.0,3,Mobile,1,Married,4,0,3.0,120.75,3.0,0.0
6.0,14.0,3,Laptop & Accessory,3,Married,1,0,2.0,171.04,2.0,0.0
3.0,8.0,4,Mobile Phone,1,Married,3,0,3.0,162.6,3.0,0.0
8.0,27.0,3,Laptop & Accessory,2,Divorced,2,1,7.0,140.14,7.0,8.0
9.0,9.0,3,Mobile,1,Married,5,0,4.0,120.97,4.0,0.0
8.0,8.0,4,Fashion,1,Single,3,0,3.0,223.88,3.0,0.0
10.0,22.0,6,Laptop & Accessory,1,Married,3,0,12.0,179.06,12.0,0.0
9.0,13.0,3,Mobile Phone,3,Married,2,0,0.0,112.74,0.0,0.0
17.0,13.0,5,Others,3,Married,9,0,15.0,318.92,15.0,0.0
11.0,13.0,3,Laptop & Accessory,5,Married,6,1,8.0,184.74,8.0,9.0
11.0,23.0,4,Fashion,3,Divorced,1,0,9.0,188.23,9.0,0.0
24.0,16.0,4,Mobile Phone,1,Married,6,0,1.0,148.8,1.0,0.0
0.0,29.0,3,Mobile,2,Married,2,0,2.0,128.86,2.0,0.0
13.0,15.0,3,Laptop & Accessory,5,Married,1,0,1.0,154.73,1.0,0.0
6.0,15.0,4,Fashion,1,Single,3,0,3.0,214.98,3.0,0.0
17.0,16.0,4,Mobile Phone,3,Single,6,0,3.0,149.38,3.0,0.0
2.0,9.0,4,Laptop & Accessory,4,Married,6,0,5.0,173.55,5.0,0.0
9.0,8.0,3,Mobile,5,Divorced,7,1,2.0,120.42,2.0,3.0
13.0,20.0,5,Grocery,4,Married,8,1,3.0,296.23,3.0,4.0
14.0,16.0,4,Laptop & Accessory,3,Married,5,0,8.0,164.75,8.0,0.0
18.0,14.0,3,Laptop & Accessory,4,Married,9,0,15.0,123.48,15.0,0.0
3.0,10.0,4,Laptop & Accessory,4,Married,2,1,7.0,152.09,7.0,8.0
0.0,8.0,1,Mobile,5,Single,8,0,1.0,134.24,1.0,0.0
7.0,12.0,5,Fashion,1,Married,6,0,3.0,196.19,3.0,0.0
3.0,18.0,3,Laptop & Accessory,3,Single,1,0,4.0,165.77,4.0,0.0
0.0,22.0,3,Laptop & Accessory,5,Single,6,0,2.0,153.24,2.0,0.0
16.0,31.0,4,Fashion,1,Married,6,0,0.0,207.98,0.0,0.0
0.0,13.0,4,Fashion,2,Married,10,0,3.0,215.57,3.0,0.0
12.0,7.0,5,Laptop & Accessory,1,Single,6,0,3.0,211.86,3.0,0.0
7.0,8.0,3,Laptop & Accessory,3,Single,3,0,2.0,140.33,2.0,0.0
3.0,26.0,3,Laptop & Accessory,5,Divorced,1,0,2.0,199.57,2.0,0.0
7.0,14.0,1,Laptop & Accessory,3,Married,2,0,8.0,167.99,8.0,0.0
7.0,23.0,4,Laptop & Accessory,1,Married,3,1,3.0,178.68,3.0,4.0
2.0,26.0,5,Mobile Phone,5,Married,3,0,4.0,156.96,4.0,0.0
1.0,19.0,3,Mobile Phone,4,Single,3,0,1.0,152.16,1.0,0.0
16.0,20.0,2,Laptop & Accessory,5,Married,7,0,1.0,180.38,1.0,0.0
0.0,14.0,5,Mobile,3,Married,1,0,0.0,123.51,0.0,0.0
4.0,10.0,4,Mobile Phone,2,Divorced,6,0,5.0,145.97,5.0,0.0
9.0,28.0,4,Laptop & Accessory,2,Divorced,3,1,8.0,165.14,8.0,9.0
7.0,15.0,4,Laptop & Accessory,5,Married,4,0,3.0,188.92,3.0,0.0
11.0,14.0,4,Mobile,4,Married,5,0,5.0,124.68,5.0,0.0
0.0,14.0,4,Mobile Phone,3,Single,2,1,2.0,139.89,2.0,3.0
9.0,9.0,5,Fashion,4,Married,4,0,3.0,227.74,3.0,0.0
14.0,15.0,4,Laptop & Accessory,5,Married,4,1,1.0,190.16,1.0,2.0
18.0,6.0,1,Others,1,Married,1,0,7.0,292.02,7.0,0.0
14.0,9.0,4,Laptop & Accessory,4,Married,9,0,4.0,182.15,4.0,0.0
0.0,9.0,3,Laptop & Accessory,5,Divorced,2,1,3.0,141.94,3.0,4.0
5.0,21.0,3,Laptop & Accessory,1,Married,6,0,2.0,166.67,2.0,0.0
1.0,9.0,4,Laptop & Accessory,3,Single,3,1,5.0,169.78,5.0,6.0
0.0,14.0,4,Mobile,5,Single,7,1,0.0,124.04,0.0,1.0
0.0,29.0,4,Laptop & Accessory,3,Divorced,4,1,1.0,159.16,1.0,2.0
9.0,17.0,4,Laptop & Accessory,3,Single,5,1,5.0,186.42,5.0,6.0
23.0,18.0,4,Laptop & Accessory,1,Single,5,0,5.0,170.07,5.0,0.0
1.0,35.0,3,Laptop & Accessory,5,Divorced,8,1,0.0,166.73,0.0,1.0
15.0,21.0,4,Mobile Phone,3,Married,6,0,9.0,149.51,9.0,0.0
16.0,10.0,2,Laptop & Accessory,1,Married,4,1,4.0,177.31,4.0,5.0
16.0,8.0,4,Fashion,1,Married,1,0,9.0,201.69,9.0,0.0
1.0,16.0,4,Mobile Phone,4,Single,3,0,4.0,147.79,4.0,0.0
14.0,14.0,5,Fashion,1,Single,3,0,3.0,206.5,3.0,0.0
7.0,7.0,5,Mobile Phone,3,Married,3,0,1.0,145.08,1.0,0.0
14.0,9.0,4,Laptop & Accessory,4,Married,3,0,4.0,189.38,4.0,0.0
1.0,22.0,4,Fashion,3,Married,9,1,8.0,261.1,8.0,9.0
1.0,11.0,5,Laptop & Accessory,2,Single,3,1,5.0,183.28,5.0,6.0
0.0,15.0,4,Mobile,3,Divorced,1,1,0.0,133.88,0.0,1.0
21.0,10.0,4,Grocery,3,Married,11,1,14.0,262.7,14.0,15.0
6.0,8.0,3,Mobile Phone,3,Married,2,0,4.0,136.0,4.0,0.0
16.0,7.0,4,Mobile Phone,5,Married,5,0,3.0,150.76,3.0,0.0
11.0,12.0,5,Laptop & Accessory,1,Married,8,1,9.0,153.29,9.0,10.0
3.0,16.0,4,Mobile Phone,3,Married,11,0,3.0,154.74,3.0,0.0
4.0,34.0,4,Laptop & Accessory,1,Married,9,0,8.0,178.04,8.0,0.0
0.0,14.0,3,Mobile,1,Married,2,1,0.0,125.15,0.0,1.0
8.0,6.0,5,Mobile,1,Married,2,0,1.0,129.77,1.0,0.0
9.0,9.0,3,Mobile,1,Married,2,0,0.0,120.61,0.0,0.0
21.0,21.0,4,Laptop & Accessory,5,Single,4,0,8.0,174.6,8.0,0.0
6.0,14.0,4,Mobile,4,Married,7,0,1.0,126.22,1.0,0.0
10.0,16.0,3,Mobile,5,Married,7,0,3.0,134.52,3.0,0.0
28.0,8.0,4,Others,5,Married,9,0,0.0,290.38,0.0,0.0
11.0,12.0,4,Laptop & Accessory,3,Married,3,0,7.0,153.21,7.0,0.0
8.0,9.0,4,Laptop & Accessory,5,Single,2,1,3.0,170.38,3.0,4.0
13.0,21.0,4,Fashion,3,Married,2,0,12.0,204.35,12.0,0.0
0.0,35.0,3,Mobile Phone,5,Married,2,0,2.0,139.07,2.0,0.0
9.0,9.0,4,Fashion,2,Divorced,5,0,12.0,196.99,12.0,0.0
15.0,14.0,4,Mobile,5,Married,1,1,8.0,125.93,8.0,9.0
20.0,14.0,4,Laptop & Accessory,3,Divorced,4,0,1.0,177.58,1.0,0.0
31.0,7.0,4,Fashion,1,Married,5,1,5.0,244.04,5.0,6.0
13.0,8.0,1,Laptop & Accessory,4,Divorced,2,0,7.0,142.44,7.0,0.0
11.0,14.0,1,Mobile,3,Married,2,0,3.0,126.1,3.0,0.0
27.0,13.0,4,Laptop & Accessory,2,Single,4,0,3.0,149.5,3.0,0.0
1.0,6.0,3,Mobile Phone,5,Married,2,0,2.0,135.91,2.0,0.0
13.0,26.0,4,Laptop & Accessory,1,Married,10,0,3.0,164.02,3.0,0.0
2.0,15.0,3,Mobile,3,Married,10,0,2.0,129.74,2.0,0.0
1.0,10.0,2,Mobile Phone,2,Divorced,3,0,8.0,169.2,8.0,0.0
19.0,7.0,2,Others,1,Married,2,0,8.0,317.02,8.0,0.0
0.0,8.0,3,Mobile Phone,3,Married,7,1,2.0,139.77,2.0,3.0
1.0,30.0,5,Laptop & Accessory,3,Married,5,1,2.0,184.16,2.0,3.0
21.0,16.0,4,Others,4,Married,5,0,9.0,296.65,9.0,0.0
11.0,8.0,4,Fashion,3,Married,4,1,2.0,177.56,2.0,3.0
14.0,9.0,4,Others,3,Divorced,2,0,13.0,305.41,13.0,0.0
25.0,8.0,4,Mobile,2,Single,8,0,2.0,132.12,2.0,0.0
0.0,14.0,3,Laptop & Accessory,3,Married,1,1,4.0,149.07,4.0,5.0
0.0,25.0,3,Mobile Phone,1,Married,4,0,2.0,136.69,2.0,0.0
4.0,9.0,5,Mobile Phone,5,Single,2,0,8.0,174.68,8.0,0.0
9.0,8.0,3,Mobile,4,Married,5,0,2.0,121.87,2.0,0.0
1.0,9.0,4,Mobile Phone,3,Single,3,0,3.0,152.83,3.0,0.0
9.0,16.0,5,Fashion,3,Married,3,1,16.0,231.85,16.0,17.0
10.0,12.0,4,Fashion,5,Married,6,0,3.0,205.08,3.0,0.0
11.0,20.0,4,Laptop & Accessory,1,Married,3,0,8.0,167.85,8.0,0.0
16.0,12.0,4,Others,3,Married,8,0,14.0,293.92,14.0,0.0
29.0,21.0,2,Others,4,Single,10,0,16.0,312.22,16.0,0.0
10.0,8.0,4,Laptop & Accessory,1,Married,6,0,0.0,151.63,0.0,0.0
1.0,29.0,4,Mobile Phone,3,Married,6,1,2.0,146.32,2.0,3.0
27.0,7.0,3,Grocery,1,Single,7,0,7.0,273.28,7.0,0.0
19.0,20.0,3,Mobile Phone,4,Divorced,10,1,3.0,149.63,3.0,4.0
2.0,8.0,3,Laptop & Accessory,1,Single,2,0,9.0,145.54,9.0,0.0
8.0,29.0,3,Mobile Phone,5,Married,4,1,2.0,140.14,2.0,3.0
28.0,26.0,3,Laptop & Accessory,1,Married,4,1,8.0,154.15,8.0,9.0
10.0,9.0,3,Fashion,3,Married,2,0,8.0,194.34,8.0,0.0
11.0,14.0,3,Mobile,5,Single,4,0,0.0,126.19,0.0,0.0
4.0,16.0,4,Laptop & Accessory,1,Married,2,1,8.0,188.47,8.0,9.0
0.0,6.0,4,Laptop & Accessory,1,Married,7,0,2.0,147.75,2.0,0.0
1.0,7.0,4,Mobile Phone,2,Single,3,1,9.0,151.86,9.0,10.0
2.0,8.0,4,Mobile Phone,5,Married,3,0,3.0,160.91,3.0,0.0
6.0,6.0,4,Laptop & Accessory,1,Single,1,0,4.0,169.49,4.0,0.0
20.0,11.0,3,Others,3,Divorced,5,0,1.0,283.0,1.0,0.0
3.0,9.0,5,Mobile Phone,5,Single,4,1,1.0,161.46,1.0,2.0
12.0,15.0,3,Laptop & Accessory,5,Married,2,0,9.0,151.51,9.0,0.0
8.0,17.0,4,Mobile Phone,3,Single,3,1,3.0,154.36,3.0,4.0
9.0,15.0,3,Mobile,1,Married,2,0,4.0,120.7,4.0,0.0
11.0,7.0,5,Mobile Phone,5,Married,4,0,3.0,164.2,3.0,0.0
9.0,18.0,4,Mobile Phone,3,Married,9,1,3.0,151.6,3.0,4.0
16.0,9.0,5,Mobile Phone,4,Married,6,0,1.0,173.41,1.0,0.0
11.0,6.0,4,Mobile,5,Single,5,0,0.0,128.58,0.0,0.0
21.0,14.0,3,Mobile,5,Married,9,0,6.0,123.67,6.0,0.0
4.0,32.0,4,Laptop & Accessory,3,Married,9,1,3.0,172.36,3.0,4.0
1.0,7.0,5,Fashion,3,Married,7,0,3.0,231.09,3.0,0.0
1.0,24.0,4,Mobile Phone,4,Divorced,2,1,2.0,155.58,2.0,3.0
16.0,12.0,4,Fashion,4,Single,11,1,3.0,209.46,3.0,4.0
1.0,7.0,4,Mobile Phone,4,Single,3,0,2.0,145.96,2.0,0.0
4.0,15.0,3,Fashion,4,Married,2,0,8.0,206.48,8.0,0.0
3.0,13.0,4,Mobile Phone,2,Divorced,3,0,9.0,156.31,9.0,0.0
8.0,22.0,4,Fashion,1,Married,3,0,6.0,204.78,6.0,0.0
23.0,9.0,3,Others,4,Married,2,0,7.0,282.0,7.0,0.0
0.0,14.0,3,Laptop & Accessory,3,Married,1,1,4.0,149.07,4.0,5.0
9.0,6.0,3,Mobile,2,Single,2,0,7.0,121.15,7.0,0.0
7.0,8.0,3,Laptop & Accessory,2,Single,2,0,11.0,166.87,11.0,0.0
9.0,7.0,5,Laptop & Accessory,2,Divorced,2,0,1.0,178.63,1.0,0.0
0.0,9.0,3,Mobile Phone,3,Single,2,0,7.0,140.84,7.0,0.0
5.0,13.0,3,Laptop & Accessory,1,Married,5,0,3.0,192.04,3.0,0.0
13.0,25.0,3,Laptop & Accessory,1,Married,9,1,7.0,127.41,7.0,8.0
2.0,34.0,6,Laptop & Accessory,5,Married,2,0,1.0,25.0,1.0,0.0
13.0,18.0,4,Fashion,2,Divorced,3,0,8.0,201.54,8.0,0.0
26.0,10.0,5,Fashion,3,Married,4,1,5.0,204.69,5.0,6.0
5.0,7.0,4,Laptop & Accessory,5,Divorced,3,0,4.0,166.48,4.0,0.0
1.0,35.0,3,Laptop & Accessory,5,Married,8,1,0.0,166.73,0.0,1.0
1.0,7.0,5,Mobile Phone,4,Single,3,0,1.0,153.36,1.0,0.0
24.0,9.0,4,Grocery,3,Divorced,7,0,4.0,301.39,4.0,0.0
9.0,8.0,6,Mobile Phone,1,Married,3,0,2.0,154.77,2.0,0.0
5.0,27.0,4,Laptop & Accessory,3,Divorced,3,0,1.0,194.32,1.0,0.0
24.0,17.0,5,Fashion,1,Single,8,0,3.0,229.96,3.0,0.0
9.0,7.0,5,Fashion,5,Married,3,1,7.0,202.52,7.0,8.0
1.0,17.0,5,Mobile Phone,5,Single,8,1,1.0,149.04,1.0,2.0
5.0,12.0,4,Mobile Phone,2,Divorced,2,1,4.0,173.21,4.0,5.0
20.0,7.0,4,Others,1,Married,11,0,3.0,321.27,3.0,0.0
10.0,25.0,4,Mobile Phone,1,Single,3,0,8.0,146.53,8.0,0.0
0.0,35.0,3,Laptop & Accessory,3,Married,6,0,0.0,143.06,0.0,0.0
11.0,14.0,4,Mobile,4,Single,2,0,3.0,124.4,3.0,0.0
19.0,8.0,3,Others,5,Single,4,0,1.0,289.47,1.0,0.0
13.0,22.0,3,Mobile,3,Married,10,0,0.0,135.44,0.0,0.0
27.0,30.0,4,Grocery,2,Single,8,0,9.0,267.75,9.0,0.0
12.0,30.0,4,Laptop & Accessory,1,Married,11,0,3.0,182.45,3.0,0.0
1.0,31.0,6,Mobile Phone,2,Single,3,1,1.0,148.4,1.0,2.0
3.0,7.0,2,Laptop & Accessory,3,Single,10,1,3.0,187.94,3.0,4.0
1.0,13.0,6,Laptop & Accessory,3,Divorced,6,1,8.0,186.72,8.0,9.0
15.0,34.0,4,Laptop & Accessory,1,Married,1,0,4.0,145.23,4.0,0.0
6.0,31.0,3,Laptop & Accessory,3,Married,2,0,1.0,145.39,1.0,0.0
19.0,18.0,4,Grocery,2,Divorced,5,0,2.0,301.5,2.0,0.0
1.0,10.0,4,Mobile Phone,1,Single,3,1,1.0,140.69,1.0,2.0
0.0,14.0,3,Mobile,4,Single,2,1,2.0,124.78,2.0,3.0
30.0,6.0,5,Laptop & Accessory,3,Married,3,1,2.0,156.6,2.0,3.0
19.0,6.0,1,Grocery,5,Single,2,0,12.0,275.67,12.0,0.0
1.0,8.0,4,Mobile Phone,1,Single,3,0,1.0,141.11,1.0,0.0
17.0,21.0,4,Grocery,5,Married,8,0,1.0,296.59,1.0,0.0
22.0,10.0,4,Others,3,Divorced,3,0,0.0,287.11,0.0,0.0
14.0,10.0,5,Laptop & Accessory,4,Married,7,0,2.0,164.3,2.0,0.0
12.0,17.0,4,Laptop & Accessory,3,Married,5,0,3.0,185.77,3.0,0.0
5.0,12.0,4,Laptop & Accessory,3,Married,3,0,3.0,208.46,3.0,0.0
1.0,17.0,4,Fashion,3,Married,8,0,3.0,225.48,3.0,0.0
8.0,7.0,5,Mobile Phone,1,Married,3,1,4.0,161.22,4.0,5.0
1.0,9.0,5,Mobile Phone,2,Single,3,0,1.0,136.02,1.0,0.0
19.0,21.0,3,Others,4,Divorced,6,0,3.0,290.81,3.0,0.0
6.0,9.0,4,Laptop & Accessory,3,Single,6,1,8.0,174.98,8.0,9.0
9.0,8.0,5,Mobile Phone,5,Single,3,0,3.0,149.5,3.0,0.0
17.0,14.0,3,Mobile,5,Married,2,1,1.0,125.59,1.0,2.0
18.0,8.0,4,Mobile Phone,1,Married,6,1,3.0,156.95,3.0,4.0
9.0,24.0,3,Mobile,2,Single,2,0,7.0,121.53,7.0,0.0
0.0,11.0,4,Fashion,2,Married,2,1,3.0,228.08,3.0,4.0
4.0,8.0,3,Mobile,3,Married,1,0,2.0,130.67,2.0,0.0
26.0,29.0,3,Grocery,1,Single,7,0,8.0,242.75,8.0,0.0
30.0,21.0,3,Grocery,3,Married,3,1,2.0,257.87,2.0,3.0
26.0,29.0,3,Grocery,2,Single,7,0,8.0,242.75,8.0,0.0
9.0,15.0,4,Laptop & Accessory,4,Married,3,1,2.0,188.47,2.0,3.0
3.0,13.0,5,Mobile Phone,4,Married,3,0,1.0,153.04,1.0,0.0
29.0,7.0,4,Others,5,Single,2,1,14.0,315.45,14.0,15.0
9.0,6.0,3,Mobile,2,Married,4,0,2.0,122.7,2.0,0.0
0.0,35.0,4,Laptop & Accessory,3,Single,2,0,8.0,145.08,8.0,0.0
4.0,13.0,3,Laptop & Accessory,5,Married,2,0,12.0,143.06,12.0,0.0
9.0,34.0,5,Mobile Phone,5,Single,3,0,2.0,150.59,2.0,0.0
10.0,13.0,3,Laptop & Accessory,5,Married,6,1,4.0,142.84,4.0,5.0
24.0,15.0,3,Others,4,Married,5,1,10.0,298.47,10.0,11.0
22.0,29.0,4,Grocery,1,Married,5,0,8.0,296.74,8.0,0.0
1.0,33.0,5,Mobile Phone,3,Married,3,1,4.0,153.14,4.0,5.0
9.0,17.0,4,Laptop & Accessory,3,Single,5,1,5.0,186.42,5.0,6.0
2.0,17.0,4,Mobile Phone,4,Divorced,3,0,1.0,135.52,1.0,0.0
14.0,8.0,3,Grocery,4,Single,2,0,4.0,260.15,4.0,0.0
8.0,10.0,4,Mobile Phone,2,Divorced,2,0,3.0,162.37,3.0,0.0
7.0,14.0,3,Laptop & Accessory,5,Married,4,0,0.0,151.21,0.0,0.0
7.0,6.0,4,Fashion,3,Divorced,2,1,6.0,170.83,6.0,7.0
2.0,8.0,5,Mobile Phone,3,Married,3,0,1.0,140.63,1.0,0.0
9.0,9.0,3,Mobile Phone,2,Divorced,2,0,0.0,117.06,0.0,0.0
5.0,18.0,4,Laptop & Accessory,5,Married,3,1,2.0,193.33,2.0,3.0
16.0,14.0,2,Laptop & Accessory,4,Married,8,1,1.0,148.72,1.0,2.0
1.0,11.0,4,Mobile Phone,2,Divorced,3,1,7.0,161.91,7.0,8.0
6.0,12.0,4,Mobile Phone,4,Single,4,0,8.0,152.18,8.0,0.0
1.0,23.0,6,Mobile Phone,5,Married,3,1,1.0,148.07,1.0,2.0
9.0,27.0,3,Mobile,2,Divorced,8,0,2.0,122.58,2.0,0.0
19.0,16.0,4,Laptop & Accessory,4,Married,10,0,16.0,148.48,16.0,0.0
17.0,33.0,4,Grocery,1,Married,3,1,13.0,294.59,13.0,14.0
15.0,35.0,5,Grocery,4,Married,2,0,11.0,260.7,11.0,0.0
1.0,32.0,4,Laptop & Accessory,5,Married,2,0,4.0,147.24,4.0,0.0
15.0,9.0,4,Grocery,4,Single,3,0,5.0,285.15,5.0,0.0
30.0,30.0,4,Grocery,4,Divorced,6,1,10.0,259.02,10.0,11.0
14.0,7.0,3,Mobile,1,Married,4,0,0.0,127.82,0.0,0.0
14.0,16.0,4,Mobile Phone,4,Married,10,1,1.0,161.17,1.0,2.0
9.0,19.0,3,Mobile,4,Divorced,4,0,4.0,121.43,4.0,0.0
13.0,35.0,5,Laptop & Accessory,5,Single,5,0,4.0,167.84,4.0,0.0
14.0,13.0,3,Laptop & Accessory,3,Single,7,0,1.0,150.03,1.0,0.0
0.0,9.0,4,Mobile,3,Single,2,0,0.0,132.3,0.0,0.0
15.0,21.0,4,Mobile Phone,3,Married,6,0,9.0,149.51,9.0,0.0
0.0,24.0,3,Mobile,1,Single,2,0,0.0,126.93,0.0,0.0
8.0,14.0,4,Fashion,4,Single,2,0,12.0,244.94,12.0,0.0
0.0,16.0,3,Laptop & Accessory,2,Single,1,0,1.0,149.5,1.0,0.0
18.0,16.0,4,Mobile Phone,5,Divorced,3,1,2.0,150.59,2.0,3.0
4.0,14.0,3,Grocery,4,Single,4,0,0.0,264.22,0.0,0.0
0.0,16.0,3,Laptop & Accessory,1,Single,2,0,2.0,146.84,2.0,0.0
1.0,7.0,6,Mobile Phone,3,Single,3,0,1.0,138.59,1.0,0.0
4.0,9.0,5,Mobile Phone,5,Single,2,0,8.0,174.68,8.0,0.0
14.0,17.0,5,Fashion,4,Married,4,0,3.0,222.05,3.0,0.0
9.0,34.0,5,Mobile Phone,5,Single,3,0,2.0,150.59,2.0,0.0
1.0,29.0,4,Laptop & Accessory,3,Married,3,1,8.0,186.79,8.0,9.0
16.0,36.0,4,Laptop & Accessory,3,Married,4,0,3.0,170.56,3.0,0.0
1.0,16.0,5,Laptop & Accessory,5,Single,9,0,4.0,159.07,4.0,0.0
14.0,16.0,4,Grocery,5,Married,5,0,7.0,271.81,7.0,0.0
31.0,8.0,6,Fashion,1,Married,5,0,1.0,233.83,1.0,0.0
5.0,30.0,3,Laptop & Accessory,2,Divorced,2,0,7.0,153.09,7.0,0.0
10.0,16.0,1,Fashion,1,Married,2,1,8.0,237.44,8.0,9.0
9.0,30.0,4,Mobile,3,Single,6,1,3.0,120.28,3.0,4.0
22.0,9.0,3,Laptop & Accessory,4,Divorced,5,0,3.0,206.2,3.0,0.0
0.0,6.0,3,Mobile,4,Single,2,1,4.0,132.02,4.0,5.0
4.0,16.0,3,Laptop & Accessory,1,Married,3,1,4.0,165.83,4.0,5.0
9.0,13.0,6,Laptop & Accessory,1,Single,3,0,9.0,191.46,9.0,0.0
8.0,15.0,4,Laptop & Accessory,5,Married,7,0,3.0,190.0,3.0,0.0
0.0,6.0,3,Laptop & Accessory,3,Married,1,0,2.0,148.98,2.0,0.0
21.0,11.0,5,Fashion,4,Married,10,1,3.0,228.33,3.0,4.0
23.0,8.0,3,Grocery,3,Married,6,0,3.0,276.39,3.0,0.0
13.0,26.0,3,Fashion,1,Married,5,0,1.0,203.22,1.0,0.0
2.0,25.0,4,Laptop & Accessory,3,Married,2,0,4.0,186.2,4.0,0.0
1.0,24.0,4,Mobile Phone,3,Married,2,1,1.0,152.41,1.0,2.0
9.0,14.0,3,Laptop & Accessory,1,Married,5,0,7.0,150.79,7.0,0.0
9.0,13.0,3,Mobile,5,Single,4,1,3.0,121.66,3.0,4.0
0.0,6.0,4,Mobile,4,Single,2,0,0.0,128.36,0.0,0.0
9.0,13.0,3,Mobile,1,Married,2,1,2.0,122.75,2.0,3.0
0.0,14.0,3,Mobile,4,Married,3,1,2.0,123.73,2.0,3.0
9.0,28.0,3,Mobile,3,Divorced,5,1,1.0,121.32,1.0,2.0
0.0,11.0,3,Mobile,1,Single,2,0,2.0,131.17,2.0,0.0
3.0,9.0,4,Laptop & Accessory,3,Married,3,0,3.0,171.49,3.0,0.0
0.0,35.0,5,Laptop & Accessory,5,Single,9,0,2.0,149.69,2.0,0.0
8.0,12.0,5,Laptop & Accessory,1,Married,3,0,14.0,164.86,14.0,0.0
15.0,8.0,3,Mobile,3,Married,1,1,0.0,126.96,0.0,1.0
10.0,9.0,4,Mobile Phone,3,Single,6,0,10.0,150.19,10.0,0.0
9.0,21.0,3,Mobile,3,Married,2,0,2.0,122.07,2.0,0.0
1.0,16.0,4,Mobile Phone,1,Single,3,0,3.0,151.1,3.0,0.0
19.0,12.0,6,Laptop & Accessory,5,Single,3,1,5.0,182.69,5.0,6.0
10.0,8.0,6,Fashion,5,Married,4,1,3.0,227.52,3.0,4.0
9.0,6.0,5,Mobile Phone,3,Single,2,0,0.0,113.59,0.0,0.0
14.0,23.0,4,Mobile Phone,3,Married,11,0,1.0,160.44,1.0,0.0
23.0,14.0,4,Fashion,4,Married,5,0,3.0,229.66,3.0,0.0
5.0,9.0,5,Laptop & Accessory,5,Divorced,5,0,1.0,189.1,1.0,0.0
3.0,9.0,5,Laptop & Accessory,4,Divorced,4,0,1.0,191.44,1.0,0.0
8.0,7.0,2,Laptop & Accessory,2,Married,2,0,3.0,222.25,3.0,0.0
12.0,6.0,3,Others,3,Married,2,1,6.0,291.97,6.0,7.0
1.0,10.0,4,Mobile Phone,5,Single,7,1,5.0,151.57,5.0,6.0
8.0,7.0,2,Mobile Phone,2,Single,4,0,4.0,157.8,4.0,0.0
2.0,6.0,3,Fashion,2,Divorced,2,0,1.0,179.18,1.0,0.0
5.0,14.0,4,Laptop & Accessory,4,Divorced,2,1,9.0,152.28,9.0,10.0
20.0,9.0,4,Laptop & Accessory,2,Married,4,0,5.0,198.79,5.0,0.0
10.0,33.0,4,Laptop & Accessory,3,Married,8,0,3.0,178.47,3.0,0.0
9.0,35.0,2,Laptop & Accessory,3,Married,3,0,9.0,159.07,9.0,0.0
9.0,9.0,3,Mobile Phone,4,Married,2,0,7.0,136.92,7.0,0.0
8.0,9.0,2,Mobile Phone,1,Married,2,1,3.0,154.32,3.0,4.0
1.0,7.0,5,Fashion,3,Divorced,7,0,3.0,231.09,3.0,0.0
1.0,20.0,4,Laptop & Accessory,5,Married,4,0,3.0,167.33,3.0,0.0
3.0,35.0,3,Laptop & Accessory,5,Married,9,0,3.0,141.15,3.0,0.0
10.0,24.0,5,Laptop & Accessory,4,Married,4,0,4.0,180.07,4.0,0.0
28.0,26.0,4,Laptop & Accessory,5,Married,11,1,5.0,179.85,5.0,6.0
24.0,7.0,4,Others,4,Married,5,1,8.0,306.72,8.0,9.0
16.0,14.0,3,Mobile,3,Single,5,0,2.0,124.38,2.0,0.0
1.0,9.0,6,Mobile Phone,1,Married,7,1,3.0,159.64,3.0,4.0
9.0,16.0,3,Fashion,4,Married,6,0,7.0,173.14,7.0,0.0
11.0,10.0,4,Fashion,3,Divorced,3,0,3.0,219.34,3.0,0.0
19.0,33.0,5,Laptop & Accessory,5,Married,3,0,6.0,168.85,6.0,0.0
2.0,36.0,4,Laptop & Accessory,5,Divorced,9,1,1.0,191.73,1.0,2.0
5.0,15.0,4,Fashion,1,Married,3,0,10.0,232.93,10.0,0.0
24.0,6.0,3,Mobile,2,Divorced,2,0,0.0,127.23,0.0,0.0
11.0,6.0,3,Fashion,3,Single,5,1,0.0,178.61,0.0,1.0
4.0,7.0,4,Laptop & Accessory,1,Single,3,0,8.0,165.11,8.0,0.0
5.0,11.0,4,Laptop & Accessory,4,Single,3,0,3.0,218.55,3.0,0.0
17.0,6.0,3,Laptop & Accessory,1,Married,5,1,2.0,157.43,2.0,3.0
1.0,8.0,5,Mobile Phone,5,Single,8,0,8.0,148.62,8.0,0.0
7.0,28.0,4,Laptop & Accessory,1,Married,2,1,11.0,157.47,11.0,12.0
9.0,24.0,4,Laptop & Accessory,5,Married,5,1,3.0,214.66,3.0,4.0
9.0,16.0,4,Mobile Phone,3,Single,2,0,0.0,112.0,0.0,0.0
14.0,6.0,4,Others,3,Married,2,0,10.0,291.89,10.0,0.0
12.0,19.0,4,Grocery,4,Married,7,1,2.0,271.23,2.0,3.0
15.0,7.0,3,Fashion,5,Divorced,3,0,8.0,208.92,8.0,0.0
10.0,12.0,4,Laptop & Accessory,4,Single,10,0,8.0,184.14,8.0,0.0
8.0,6.0,3,Laptop & Accessory,3,Single,2,0,3.0,148.59,3.0,0.0
9.0,32.0,4,Fashion,3,Married,3,1,3.0,228.88,3.0,4.0
15.0,9.0,4,Grocery,5,Divorced,9,0,9.0,290.95,9.0,0.0
31.0,31.0,3,Fashion,2,Married,5,1,3.0,219.39,3.0,4.0
22.0,7.0,2,Grocery,2,Single,4,0,2.0,293.85,2.0,0.0
14.0,11.0,1,Laptop & Accessory,4,Single,4,0,2.0,168.7,2.0,0.0
13.0,8.0,3,Laptop & Accessory,1,Single,2,0,8.0,146.61,8.0,0.0
1.0,9.0,4,Mobile Phone,1,Married,2,0,2.0,150.23,2.0,0.0
7.0,6.0,4,Fashion,5,Married,10,0,6.0,204.82,6.0,0.0
3.0,35.0,4,Mobile Phone,1,Married,6,0,8.0,150.14,8.0,0.0
15.0,8.0,3,Others,3,Married,6,0,14.0,288.8,14.0,0.0
0.0,15.0,3,Mobile,5,Single,3,1,0.0,131.72,0.0,1.0
6.0,16.0,3,Laptop & Accessory,3,Single,2,0,9.0,154.87,9.0,0.0
19.0,7.0,5,Fashion,3,Married,5,0,5.0,232.48,5.0,0.0
9.0,10.0,5,Mobile Phone,3,Divorced,3,0,1.0,137.81,1.0,0.0
20.0,11.0,3,Others,3,Married,5,0,1.0,283.0,1.0,0.0
1.0,24.0,5,Mobile Phone,1,Married,7,0,4.0,148.67,4.0,0.0
5.0,19.0,3,Laptop & Accessory,1,Married,3,0,3.0,144.03,3.0,0.0
11.0,15.0,3,Mobile Phone,1,Married,3,0,3.0,147.71,3.0,0.0
5.0,8.0,3,Mobile,1,Single,1,0,6.0,130.68,6.0,0.0
11.0,9.0,4,Laptop & Accessory,3,Married,6,1,3.0,221.02,3.0,4.0
23.0,8.0,3,Grocery,5,Divorced,3,0,2.0,278.56,2.0,0.0
1.0,20.0,4,Mobile Phone,3,Divorced,3,0,7.0,145.96,7.0,0.0
9.0,13.0,1,Mobile,1,Married,5,0,2.0,120.89,2.0,0.0
0.0,7.0,4,Laptop & Accessory,5,Married,2,0,7.0,197.14,7.0,0.0
7.0,10.0,3,Fashion,1,Married,3,1,0.0,197.13,0.0,1.0
9.0,14.0,4,Mobile Phone,3,Married,3,0,1.0,149.04,1.0,0.0
10.0,34.0,4,Laptop & Accessory,3,Married,8,0,8.0,177.37,8.0,0.0
9.0,21.0,5,Laptop & Accessory,1,Married,2,0,11.0,154.06,11.0,0.0
1.0,23.0,4,Fashion,3,Married,4,0,1.0,206.61,1.0,0.0
24.0,35.0,4,Grocery,5,Divorced,6,1,3.0,293.8,3.0,4.0
1.0,16.0,4,Mobile Phone,5,Single,3,0,1.0,150.52,1.0,0.0
30.0,16.0,4,Grocery,1,Married,9,0,2.0,236.03,2.0,0.0
5.0,7.0,4,Mobile Phone,4,Single,3,0,1.0,150.01,1.0,0.0
12.0,9.0,5,Fashion,3,Married,5,1,3.0,202.56,3.0,4.0
10.0,22.0,4,Laptop & Accessory,3,Married,5,0,0.0,163.34,0.0,0.0
8.0,8.0,5,Laptop & Accessory,5,Single,2,0,10.0,178.43,10.0,0.0
9.0,7.0,5,Mobile Phone,5,Single,3,0,3.0,149.5,3.0,0.0
6.0,11.0,4,Fashion,1,Married,5,0,2.0,171.19,2.0,0.0
8.0,22.0,4,Grocery,5,Married,9,0,10.0,295.07,10.0,0.0
7.0,28.0,2,Mobile Phone,4,Married,3,0,14.0,145.28,14.0,0.0
0.0,14.0,4,Mobile,5,Single,2,1,0.0,126.0,0.0,1.0
1.0,16.0,4,Mobile Phone,5,Married,3,0,3.0,150.0,3.0,0.0
9.0,16.0,3,Fashion,5,Married,8,1,7.0,183.21,7.0,8.0
9.0,7.0,4,Laptop & Accessory,3,Single,3,0,4.0,173.59,4.0,0.0
1.0,20.0,4,Laptop & Accessory,3,Single,5,1,3.0,223.54,3.0,4.0
1.0,7.0,2,Fashion,4,Single,3,0,8.0,199.46,8.0,0.0
20.0,20.0,3,Laptop & Accessory,4,Married,9,0,7.0,154.67,7.0,0.0
3.0,22.0,3,Laptop & Accessory,3,Married,9,0,2.0,153.01,2.0,0.0
15.0,32.0,3,Grocery,4,Married,6,0,8.0,235.25,8.0,0.0
9.0,9.0,4,Laptop & Accessory,4,Single,7,0,3.0,169.25,3.0,0.0
1.0,24.0,5,Mobile Phone,4,Married,3,0,1.0,146.27,1.0,0.0
28.0,26.0,4,Fashion,4,Divorced,4,0,2.0,232.25,2.0,0.0
3.0,13.0,4,Mobile Phone,1,Married,3,0,9.0,156.31,9.0,0.0
30.0,16.0,4,Mobile Phone,3,Married,4,0,4.0,154.42,4.0,0.0
7.0,10.0,3,Laptop & Accessory,3,Divorced,10,0,2.0,165.38,2.0,0.0
15.0,29.0,4,Laptop & Accessory,3,Single,2,0,7.0,143.32,7.0,0.0
1.0,14.0,4,Mobile Phone,1,Single,3,0,8.0,150.7,8.0,0.0
6.0,9.0,4,Laptop & Accessory,4,Married,2,0,7.0,179.7,7.0,0.0
0.0,10.0,5,Fashion,2,Divorced,2,0,8.0,204.0,8.0,0.0
10.0,12.0,2,Laptop & Accessory,5,Married,5,1,7.0,159.74,7.0,8.0
3.0,14.0,4,Laptop & Accessory,1,Married,3,1,1.0,191.23,1.0,2.0
1.0,14.0,4,Mobile Phone,4,Single,3,1,1.0,149.72,1.0,2.0
0.0,14.0,4,Mobile,5,Single,8,0,0.0,125.61,0.0,0.0
4.0,18.0,3,Laptop & Accessory,1,Married,1,1,5.0,158.55,5.0,6.0
16.0,11.0,4,Laptop & Accessory,5,Single,9,0,6.0,176.55,6.0,0.0
0.0,26.0,5,Laptop & Accessory,3,Divorced,4,1,2.0,145.59,2.0,3.0
8.0,16.0,5,Fashion,4,Single,3,0,3.0,211.21,3.0,0.0
9.0,16.0,3,Mobile,4,Married,2,0,0.0,120.08,0.0,0.0
8.0,33.0,3,Laptop & Accessory,3,Married,3,0,7.0,168.83,7.0,0.0
12.0,9.0,1,Laptop & Accessory,4,Married,10,0,6.0,163.89,6.0,0.0
12.0,14.0,5,Laptop & Accessory,1,Single,2,0,6.0,165.28,6.0,0.0
0.0,14.0,4,Mobile,5,Single,7,1,0.0,124.04,0.0,1.0
1.0,21.0,4,Fashion,2,Single,2,1,8.0,200.53,8.0,9.0
10.0,9.0,5,Fashion,3,Married,3,0,1.0,200.96,1.0,0.0
4.0,11.0,3,Mobile,4,Married,2,0,2.0,127.89,2.0,0.0
9.0,9.0,4,Laptop & Accessory,1,Married,4,0,8.0,182.62,8.0,0.0
18.0,35.0,4,Grocery,5,Married,5,0,18.0,288.28,18.0,0.0
13.0,22.0,4,Laptop & Accessory,3,Single,7,0,0.0,150.94,0.0,0.0
9.0,8.0,3,Laptop & Accessory,4,Single,10,1,12.0,154.1,12.0,13.0
10.0,31.0,4,Laptop & Accessory,2,Married,8,0,3.0,157.31,3.0,0.0
28.0,32.0,1,Others,4,Married,5,1,4.0,296.36,4.0,5.0
28.0,8.0,4,Grocery,5,Single,8,0,2.0,267.56,2.0,0.0
23.0,8.0,4,Grocery,3,Single,6,0,1.0,278.79,1.0,0.0
0.0,33.0,3,Fashion,2,Divorced,2,0,9.0,176.39,9.0,0.0
4.0,13.0,3,Fashion,5,Married,3,0,2.0,196.37,2.0,0.0
1.0,11.0,3,Laptop & Accessory,5,Single,1,0,3.0,184.63,3.0,0.0
9.0,12.0,4,Mobile,3,Married,1,0,3.0,121.87,3.0,0.0
26.0,9.0,5,Mobile Phone,2,Single,9,0,3.0,157.12,3.0,0.0
25.0,7.0,4,Mobile Phone,2,Divorced,3,0,1.0,152.23,1.0,0.0
4.0,8.0,3,Mobile,3,Married,2,0,3.0,134.77,3.0,0.0
11.0,26.0,4,Laptop & Accessory,3,Married,5,0,3.0,182.68,3.0,0.0
11.0,14.0,3,Mobile,4,Married,6,0,8.0,125.92,8.0,0.0
16.0,33.0,1,Mobile Phone,4,Married,6,0,2.0,148.76,2.0,0.0
10.0,25.0,3,Mobile Phone,2,Divorced,6,0,1.0,161.88,1.0,0.0
1.0,36.0,6,Laptop & Accessory,5,Single,10,0,3.0,174.69,3.0,0.0
6.0,11.0,5,Laptop & Accessory,3,Divorced,3,0,9.0,186.62,9.0,0.0
4.0,35.0,4,Laptop & Accessory,1,Married,3,0,10.0,182.75,10.0,0.0
0.0,30.0,4,Fashion,5,Single,2,0,9.0,187.22,9.0,0.0
29.0,33.0,2,Others,4,Married,6,1,5.0,321.36,5.0,6.0
9.0,6.0,3,Mobile,2,Divorced,3,1,0.0,122.93,0.0,1.0
19.0,20.0,2,Grocery,3,Single,8,1,9.0,261.95,9.0,10.0
11.0,9.0,4,Laptop & Accessory,3,Divorced,6,1,3.0,221.02,3.0,4.0
25.0,18.0,5,Grocery,4,Single,5,0,4.0,256.42,4.0,0.0
1.0,32.0,5,Mobile Phone,4,Single,6,1,3.0,148.13,3.0,4.0
10.0,14.0,4,Mobile Phone,1,Single,4,0,2.0,171.78,2.0,0.0
8.0,17.0,2,Laptop & Accessory,1,Married,3,0,3.0,172.24,3.0,0.0
4.0,14.0,4,Mobile,3,Married,4,0,2.0,123.29,2.0,0.0
10.0,11.0,1,Mobile,3,Single,1,0,3.0,135.0,3.0,0.0
9.0,32.0,3,Laptop & Accessory,3,Married,7,0,2.0,153.47,2.0,0.0
0.0,16.0,3,Laptop & Accessory,3,Married,2,1,3.0,142.6,3.0,4.0
0.0,9.0,3,Mobile Phone,3,Single,2,0,7.0,140.84,7.0,0.0
16.0,14.0,3,Mobile,2,Single,1,0,7.0,124.55,7.0,0.0
26.0,7.0,4,Grocery,1,Married,4,0,9.0,295.99,9.0,0.0
22.0,17.0,5,Others,4,Married,6,0,10.0,321.65,10.0,0.0
1.0,15.0,4,Mobile Phone,5,Married,3,1,1.0,148.98,1.0,2.0
3.0,17.0,5,Laptop & Accessory,4,Married,3,1,8.0,207.68,8.0,9.0
13.0,22.0,3,Fashion,1,Single,7,1,3.0,179.45,3.0,4.0
4.0,36.0,4,Fashion,4,Married,5,0,3.0,217.5,3.0,0.0
29.0,11.0,4,Laptop & Accessory,3,Married,2,1,3.0,165.35,3.0,4.0
16.0,7.0,5,Laptop & Accessory,2,Divorced,11,1,3.0,185.62,3.0,4.0
2.0,9.0,5,Mobile Phone,4,Married,2,0,5.0,157.01,5.0,0.0
5.0,9.0,6,Mobile Phone,1,Married,6,1,1.0,152.78,1.0,2.0
17.0,22.0,5,Grocery,3,Married,3,0,12.0,301.03,12.0,0.0
1.0,17.0,4,Fashion,5,Married,3,0,3.0,212.93,3.0,0.0
11.0,8.0,5,Laptop & Accessory,1,Married,3,1,3.0,154.05,3.0,4.0
11.0,11.0,4,Mobile Phone,3,Divorced,9,1,4.0,154.96,4.0,5.0
22.0,12.0,4,Grocery,3,Married,3,1,12.0,239.66000000000005,12.0,13.0
23.0,13.0,4,Others,3,Married,6,1,8.0,287.4,8.0,9.0
0.0,31.0,1,Mobile,2,Single,2,1,1.0,129.94,1.0,2.0
22.0,11.0,3,Laptop & Accessory,3,Divorced,3,0,2.0,166.51,2.0,0.0
8.0,20.0,4,Fashion,3,Married,3,0,3.0,211.28,3.0,0.0
10.0,17.0,4,Fashion,2,Single,3,0,3.0,224.8,3.0,0.0
13.0,17.0,4,Laptop & Accessory,5,Married,4,0,8.0,178.77,8.0,0.0
12.0,8.0,4,Laptop & Accessory,2,Divorced,9,0,4.0,152.04,4.0,0.0
1.0,9.0,5,Mobile Phone,1,Single,3,0,1.0,136.02,1.0,0.0
8.0,7.0,5,Laptop & Accessory,5,Single,2,0,10.0,178.43,10.0,0.0
19.0,9.0,5,Grocery,1,Married,11,0,9.0,292.92,9.0,0.0
13.0,16.0,4,Laptop & Accessory,5,Married,3,0,10.0,176.51,10.0,0.0
3.0,7.0,3,Mobile Phone,4,Married,2,0,7.0,137.48,7.0,0.0
0.0,11.0,3,Others,3,Married,7,0,0.0,283.03,0.0,0.0
12.0,24.0,3,Laptop & Accessory,3,Single,1,0,7.0,145.34,7.0,0.0
13.0,17.0,4,Fashion,3,Single,9,0,3.0,259.64,3.0,0.0
0.0,14.0,5,Mobile,5,Divorced,2,0,1.0,124.51,1.0,0.0
13.0,14.0,4,Mobile,1,Single,1,1,3.0,123.42,3.0,4.0
7.0,6.0,3,Laptop & Accessory,4,Married,2,0,3.0,143.25,3.0,0.0
21.0,12.0,4,Others,3,Married,6,0,2.0,308.0,2.0,0.0
12.0,7.0,4,Mobile Phone,5,Single,5,0,1.0,151.19,1.0,0.0
13.0,14.0,3,Mobile,3,Married,3,0,2.0,123.45,2.0,0.0
24.0,14.0,4,Fashion,4,Divorced,6,0,3.0,224.9,3.0,0.0
18.0,7.0,4,Laptop & Accessory,1,Married,6,1,3.0,182.43,3.0,4.0
21.0,8.0,2,Laptop & Accessory,4,Divorced,4,0,2.0,181.2,2.0,0.0
20.0,21.0,4,Mobile Phone,4,Married,11,1,4.0,174.63,4.0,5.0
12.0,15.0,3,Laptop & Accessory,4,Single,21,0,3.0,167.82,3.0,0.0
19.0,9.0,4,Others,5,Divorced,7,1,5.0,323.59,5.0,6.0
24.0,36.0,5,Grocery,3,Divorced,2,0,8.0,295.46,8.0,0.0
18.0,8.0,4,Laptop & Accessory,1,Married,2,0,9.0,157.7,9.0,0.0
0.0,18.0,3,Laptop & Accessory,1,Single,4,1,7.0,145.81,7.0,8.0
0.0,14.0,3,Mobile,1,Single,2,1,2.0,123.23,2.0,3.0
2.0,9.0,3,Laptop & Accessory,3,Married,5,1,0.0,152.38,0.0,1.0
20.0,10.0,4,Grocery,3,Married,5,0,10.0,299.65,10.0,0.0
29.0,27.0,4,Laptop & Accessory,1,Married,5,1,9.0,179.15,9.0,10.0
9.0,6.0,4,Mobile,3,Divorced,7,0,7.0,122.58,7.0,0.0
14.0,17.0,5,Fashion,4,Married,4,0,3.0,222.05,3.0,0.0
12.0,8.0,4,Laptop & Accessory,3,Single,2,0,10.0,145.53,10.0,0.0
10.0,15.0,4,Laptop & Accessory,1,Married,6,0,8.0,175.79,8.0,0.0
19.0,10.0,4,Others,4,Divorced,3,0,8.0,287.89,8.0,0.0
14.0,9.0,4,Mobile Phone,3,Married,4,0,3.0,148.45,3.0,0.0
22.0,6.0,3,Grocery,3,Single,5,0,0.0,253.79,0.0,0.0
17.0,16.0,4,Laptop & Accessory,3,Married,5,1,8.0,181.79,8.0,9.0
1.0,21.0,4,Mobile Phone,5,Divorced,3,1,9.0,147.35,9.0,10.0
26.0,10.0,5,Grocery,5,Divorced,3,0,17.0,293.56,17.0,0.0
21.0,13.0,3,Laptop & Accessory,5,Married,5,0,2.0,154.86,2.0,0.0
31.0,7.0,4,Laptop & Accessory,3,Married,4,0,3.0,192.55,3.0,0.0
12.0,8.0,5,Mobile Phone,5,Single,6,0,1.0,153.58,1.0,0.0
3.0,6.0,4,Fashion,3,Single,2,0,8.0,184.74,8.0,0.0
26.0,127.0,4,Mobile Phone,1,Married,4,0,1.0,159.82,1.0,0.0
27.0,10.0,4,Grocery,3,Divorced,5,1,4.0,300.84,4.0,5.0
9.0,8.0,4,Fashion,3,Married,2,0,0.0,175.96,0.0,0.0
14.0,15.0,3,Others,3,Married,3,0,11.0,294.19,11.0,0.0
0.0,14.0,5,Mobile,2,Single,2,1,0.0,123.4,0.0,1.0
5.0,14.0,4,Laptop & Accessory,4,Married,2,1,9.0,152.28,9.0,10.0
7.0,7.0,2,Laptop & Accessory,5,Married,3,0,9.0,165.37,9.0,0.0
6.0,10.0,4,Mobile Phone,4,Divorced,9,0,2.0,138.38,2.0,0.0
21.0,11.0,4,Laptop & Accessory,3,Single,5,0,1.0,154.76,1.0,0.0
18.0,9.0,2,Fashion,1,Married,3,1,8.0,203.79,8.0,9.0
19.0,19.0,3,Laptop & Accessory,4,Single,7,0,9.0,155.62,9.0,0.0
6.0,15.0,5,Laptop & Accessory,4,Married,3,1,10.0,177.28,10.0,11.0
15.0,19.0,1,Laptop & Accessory,5,Married,6,0,0.0,155.38,0.0,0.0
16.0,12.0,4,Fashion,4,Single,11,1,3.0,209.46,3.0,4.0
18.0,15.0,4,Laptop & Accessory,3,Divorced,2,0,12.0,155.93,12.0,0.0
5.0,16.0,3,Fashion,1,Single,3,0,3.0,212.44,3.0,0.0
3.0,26.0,5,Laptop & Accessory,3,Married,3,0,3.0,211.2,3.0,0.0
19.0,35.0,5,Grocery,4,Single,3,0,7.0,292.04,7.0,0.0
9.0,27.0,3,Mobile,1,Married,8,0,2.0,122.58,2.0,0.0
1.0,28.0,4,Mobile Phone,3,Married,3,0,1.0,148.77,1.0,0.0
0.0,32.0,3,Mobile,1,Married,2,0,2.0,129.04,2.0,0.0
20.0,9.0,4,Laptop & Accessory,1,Married,4,0,5.0,198.79,5.0,0.0
28.0,10.0,3,Laptop & Accessory,3,Married,1,1,2.0,140.35,2.0,3.0
1.0,12.0,4,Mobile,2,Single,3,0,1.0,135.51,1.0,0.0
11.0,17.0,4,Mobile Phone,5,Married,2,1,4.0,152.82,4.0,5.0
8.0,15.0,2,Laptop & Accessory,3,Married,3,0,9.0,192.99,9.0,0.0
0.0,10.0,3,Mobile,4,Single,2,0,2.0,132.95,2.0,0.0
7.0,10.0,3,Fashion,1,Married,3,1,0.0,197.13,0.0,1.0
1.0,12.0,4,Mobile Phone,4,Single,2,0,3.0,149.22,3.0,0.0
4.0,7.0,4,Mobile Phone,3,Married,2,0,4.0,145.64,4.0,0.0
2.0,9.0,3,Laptop & Accessory,3,Divorced,2,0,2.0,155.61,2.0,0.0
18.0,8.0,3,Laptop & Accessory,4,Divorced,1,0,7.0,148.05,7.0,0.0
20.0,32.0,3,Others,3,Married,4,0,0.0,296.58,0.0,0.0
7.0,14.0,1,Laptop & Accessory,3,Married,3,0,2.0,144.04,2.0,0.0
15.0,13.0,5,Laptop & Accessory,4,Single,8,1,3.0,185.32,3.0,4.0
0.0,21.0,4,Mobile Phone,5,Married,1,0,3.0,147.74,3.0,0.0
30.0,30.0,4,Grocery,4,Married,6,1,10.0,259.02,10.0,11.0
9.0,11.0,3,Mobile Phone,4,Single,2,1,0.0,118.78,0.0,1.0
7.0,13.0,4,Laptop & Accessory,1,Married,5,0,8.0,202.25,8.0,0.0
20.0,14.0,4,Mobile Phone,3,Married,10,0,9.0,148.39,9.0,0.0
13.0,9.0,4,Mobile,3,Divorced,2,1,2.0,126.83,2.0,3.0
1.0,17.0,5,Mobile Phone,3,Single,3,0,3.0,151.25,3.0,0.0
6.0,17.0,4,Laptop & Accessory,1,Single,3,0,9.0,178.96,9.0,0.0
1.0,31.0,5,Fashion,5,Single,3,0,3.0,212.22,3.0,0.0
19.0,27.0,4,Laptop & Accessory,3,Single,10,0,2.0,173.5,2.0,0.0
8.0,15.0,4,Fashion,3,Divorced,2,1,15.0,206.85,15.0,16.0
0.0,6.0,5,Laptop & Accessory,4,Single,7,0,0.0,167.35,0.0,0.0
11.0,6.0,4,Laptop & Accessory,2,Single,5,0,1.0,186.86,1.0,0.0
20.0,31.0,4,Mobile Phone,1,Single,3,0,1.0,150.87,1.0,0.0
16.0,9.0,4,Others,3,Married,7,0,15.0,313.8,15.0,0.0
4.0,36.0,4,Laptop & Accessory,5,Married,10,0,4.0,166.15,4.0,0.0
3.0,22.0,6,Mobile Phone,1,Married,2,1,4.0,146.68,4.0,5.0
1.0,17.0,4,Laptop & Accessory,2,Single,2,0,2.0,174.5,2.0,0.0
7.0,9.0,4,Laptop & Accessory,1,Married,3,0,5.0,180.05,5.0,0.0
0.0,6.0,3,Laptop & Accessory,4,Divorced,1,1,4.0,163.49,4.0,5.0
9.0,7.0,4,Mobile,3,Married,2,0,0.0,120.08,0.0,0.0
0.0,15.0,4,Laptop & Accessory,5,Single,8,0,3.0,134.07,3.0,0.0
1.0,26.0,5,Mobile Phone,5,Married,3,0,8.0,165.66,8.0,0.0
1.0,32.0,2,Mobile Phone,2,Single,3,1,2.0,154.94,2.0,3.0
3.0,14.0,4,Laptop & Accessory,2,Married,3,1,1.0,191.23,1.0,2.0
16.0,30.0,3,Fashion,5,Single,7,1,2.0,204.48,2.0,3.0
20.0,7.0,3,Mobile,1,Married,8,0,2.0,134.2,2.0,0.0
15.0,16.0,4,Others,3,Married,4,0,12.0,319.19,12.0,0.0
16.0,21.0,4,Laptop & Accessory,1,Married,4,0,2.0,168.04,2.0,0.0
5.0,12.0,3,Laptop & Accessory,3,Single,2,0,7.0,150.1,7.0,0.0
8.0,15.0,2,Laptop & Accessory,3,Married,4,0,3.0,169.04,3.0,0.0
4.0,14.0,4,Mobile Phone,3,Married,3,0,1.0,137.74,1.0,0.0
19.0,8.0,3,Others,1,Married,8,1,2.0,293.28,2.0,3.0
0.0,14.0,4,Mobile,2,Single,2,0,0.0,125.64,0.0,0.0
0.0,8.0,3,Mobile,3,Single,3,0,0.0,134.85,0.0,0.0
2.0,14.0,3,Mobile,1,Married,5,0,7.0,125.14,7.0,0.0
10.0,16.0,4,Laptop & Accessory,2,Married,3,1,0.0,166.94,0.0,1.0
9.0,9.0,1,Laptop & Accessory,5,Married,7,0,4.0,168.42,4.0,0.0
17.0,14.0,3,Mobile,1,Single,7,1,2.0,124.36,2.0,3.0
3.0,28.0,4,Laptop & Accessory,3,Married,3,1,0.0,163.8,0.0,1.0
14.0,17.0,2,Mobile Phone,3,Married,5,1,8.0,147.13,8.0,9.0
0.0,17.0,1,Laptop & Accessory,3,Married,1,0,3.0,140.11,3.0,0.0
10.0,15.0,4,Laptop & Accessory,4,Married,2,0,3.0,141.89,3.0,0.0
8.0,15.0,4,Laptop & Accessory,5,Married,5,0,1.0,176.21,1.0,0.0
7.0,16.0,1,Laptop & Accessory,1,Married,2,0,2.0,147.24,2.0,0.0
9.0,9.0,3,Mobile Phone,1,Single,2,1,0.0,115.69,0.0,1.0
11.0,18.0,4,Fashion,1,Married,3,1,8.0,246.85,8.0,9.0
13.0,22.0,3,Mobile,3,Married,10,0,0.0,135.44,0.0,0.0
0.0,25.0,1,Laptop & Accessory,1,Single,9,1,4.0,153.04,4.0,5.0
5.0,7.0,6,Laptop & Accessory,3,Divorced,2,0,5.0,168.45,5.0,0.0
9.0,6.0,3,Laptop & Accessory,4,Married,1,0,5.0,152.28,5.0,0.0
11.0,7.0,4,Fashion,1,Married,4,1,3.0,261.03,3.0,4.0
27.0,14.0,3,Grocery,3,Divorced,5,0,4.0,273.14,4.0,0.0
31.0,25.0,4,Fashion,2,Single,8,0,3.0,230.12,3.0,0.0
17.0,11.0,3,Others,4,Divorced,8,0,10.0,282.13,10.0,0.0
6.0,15.0,2,Laptop & Accessory,3,Divorced,7,0,4.0,176.75,4.0,0.0
1.0,11.0,2,Laptop & Accessory,4,Married,3,1,4.0,186.42,4.0,5.0
9.0,16.0,4,Mobile Phone,4,Single,2,1,0.0,118.59,0.0,1.0
1.0,14.0,4,Mobile Phone,3,Married,5,1,8.0,158.39,8.0,9.0
9.0,15.0,3,Mobile Phone,5,Married,2,0,0.0,117.9,0.0,0.0
11.0,15.0,4,Laptop & Accessory,4,Married,4,0,8.0,165.71,8.0,0.0
22.0,23.0,4,Laptop & Accessory,3,Married,10,0,8.0,189.39,8.0,0.0
23.0,28.0,5,Grocery,1,Single,2,1,9.0,244.11,9.0,10.0
5.0,9.0,4,Laptop & Accessory,5,Single,9,0,4.0,178.32,4.0,0.0
20.0,14.0,3,Mobile,3,Single,5,0,0.0,124.79,0.0,0.0
9.0,23.0,4,Fashion,3,Divorced,6,1,1.0,201.32,1.0,2.0
10.0,11.0,1,Mobile,3,Single,1,0,3.0,135.0,3.0,0.0
4.0,14.0,4,Laptop & Accessory,3,Married,3,0,10.0,159.91,10.0,0.0
7.0,14.0,1,Mobile,3,Married,1,0,0.0,125.85,0.0,0.0
0.0,22.0,5,Mobile Phone,5,Single,2,1,7.0,139.19,7.0,8.0
7.0,7.0,3,Fashion,1,Single,2,0,1.0,198.88,1.0,0.0
11.0,10.0,3,Mobile,3,Married,8,0,0.0,133.06,0.0,0.0
18.0,9.0,4,Fashion,3,Single,7,1,3.0,227.09,3.0,4.0
0.0,15.0,5,Mobile,4,Single,2,0,2.0,127.6,2.0,0.0
1.0,12.0,4,Mobile Phone,4,Single,3,1,1.0,143.78,1.0,2.0
1.0,15.0,3,Laptop & Accessory,1,Single,2,0,7.0,152.53,7.0,0.0
27.0,28.0,3,Grocery,3,Married,4,0,7.0,274.26,7.0,0.0
9.0,11.0,3,Fashion,5,Married,5,0,2.0,180.08,2.0,0.0
5.0,14.0,1,Laptop & Accessory,2,Divorced,2,0,8.0,162.09,8.0,0.0
19.0,14.0,3,Mobile,1,Single,2,0,0.0,125.87,0.0,0.0
12.0,13.0,5,Mobile Phone,3,Married,3,0,5.0,162.02,5.0,0.0
1.0,11.0,6,Fashion,2,Divorced,3,0,3.0,229.0,3.0,0.0
3.0,14.0,1,Fashion,5,Divorced,1,1,3.0,214.16000000000005,3.0,4.0
0.0,14.0,3,Mobile,5,Married,2,1,0.0,123.98,0.0,1.0
29.0,33.0,2,Others,4,Married,6,1,5.0,321.36,5.0,6.0
10.0,7.0,6,Fashion,5,Married,4,1,3.0,227.52,3.0,4.0
25.0,28.0,4,Laptop & Accessory,1,Single,2,1,1.0,179.41,1.0,2.0
14.0,14.0,3,Mobile,3,Married,5,0,8.0,124.51,8.0,0.0
12.0,16.0,3,Laptop & Accessory,5,Married,3,0,7.0,153.77,7.0,0.0
15.0,15.0,3,Mobile Phone,1,Single,2,0,8.0,136.73,8.0,0.0
2.0,19.0,4,Laptop & Accessory,4,Married,5,1,3.0,140.25,3.0,4.0
6.0,17.0,4,Mobile Phone,3,Married,8,0,4.0,159.33,4.0,0.0
13.0,8.0,1,Laptop & Accessory,3,Married,6,0,8.0,163.77,8.0,0.0
10.0,25.0,4,Laptop & Accessory,2,Single,4,0,10.0,202.79,10.0,0.0
1.0,11.0,2,Mobile Phone,5,Married,4,0,3.0,153.19,3.0,0.0
1.0,33.0,4,Laptop & Accessory,1,Single,3,0,5.0,186.8,5.0,0.0
11.0,13.0,4,Laptop & Accessory,1,Married,6,0,2.0,190.02,2.0,0.0
1.0,30.0,5,Laptop & Accessory,3,Married,3,0,9.0,160.4,9.0,0.0
9.0,7.0,2,Mobile Phone,3,Single,5,0,3.0,150.06,3.0,0.0
5.0,10.0,4,Mobile Phone,5,Married,3,1,4.0,155.65,4.0,5.0
10.0,7.0,4,Laptop & Accessory,4,Married,2,0,6.0,177.28,6.0,0.0
1.0,16.0,4,Mobile Phone,5,Married,3,0,1.0,142.9,1.0,0.0
0.0,14.0,4,Mobile,4,Married,2,0,3.0,123.68,3.0,0.0
7.0,12.0,3,Laptop & Accessory,3,Single,2,0,10.0,148.09,10.0,0.0
14.0,7.0,3,Laptop & Accessory,5,Married,1,0,7.0,141.03,7.0,0.0
1.0,9.0,4,Laptop & Accessory,3,Single,3,1,5.0,169.78,5.0,6.0
1.0,7.0,4,Mobile Phone,3,Single,2,0,6.0,145.58,6.0,0.0
0.0,14.0,3,Mobile,5,Married,4,0,0.0,123.22,0.0,0.0
12.0,7.0,4,Mobile Phone,5,Single,5,0,1.0,151.19,1.0,0.0
14.0,13.0,3,Laptop & Accessory,3,Single,7,0,1.0,150.03,1.0,0.0
14.0,14.0,3,Mobile,3,Divorced,10,1,7.0,124.61,7.0,8.0
3.0,34.0,3,Laptop & Accessory,2,Divorced,2,0,9.0,157.75,9.0,0.0
1.0,9.0,2,Laptop & Accessory,3,Married,3,0,8.0,177.06,8.0,0.0
17.0,15.0,4,Laptop & Accessory,3,Married,6,1,3.0,170.22,3.0,4.0
0.0,10.0,4,Laptop & Accessory,2,Single,2,1,3.0,144.87,3.0,4.0
0.0,14.0,4,Mobile,4,Married,2,1,0.0,124.13,0.0,1.0
30.0,31.0,3,Fashion,5,Single,8,0,9.0,176.37,9.0,0.0
3.0,27.0,4,Mobile Phone,1,Married,3,0,11.0,163.12,11.0,0.0
9.0,21.0,5,Laptop & Accessory,1,Married,2,0,11.0,154.06,11.0,0.0
8.0,10.0,5,Laptop & Accessory,1,Married,5,1,2.0,206.03,2.0,3.0
12.0,9.0,4,Mobile Phone,1,Married,3,1,1.0,142.02,1.0,2.0
9.0,9.0,3,Mobile,4,Single,5,0,2.0,120.88,2.0,0.0
22.0,14.0,4,Laptop & Accessory,4,Married,2,0,7.0,151.3,7.0,0.0
0.0,22.0,5,Mobile Phone,5,Single,2,1,7.0,139.19,7.0,8.0
13.0,6.0,3,Laptop & Accessory,1,Married,5,0,3.0,165.13,3.0,0.0
5.0,18.0,4,Mobile Phone,1,Married,5,1,3.0,148.56,3.0,4.0
0.0,14.0,3,Mobile,4,Single,2,1,2.0,124.78,2.0,3.0
1.0,10.0,5,Mobile Phone,1,Single,2,0,2.0,145.45,2.0,0.0
9.0,18.0,3,Laptop & Accessory,3,Married,10,1,1.0,146.63,1.0,2.0
14.0,21.0,5,Others,3,Single,3,0,10.0,321.26,10.0,0.0
12.0,27.0,5,Laptop & Accessory,3,Married,7,0,2.0,157.36,2.0,0.0
13.0,18.0,3,Laptop & Accessory,5,Married,3,0,7.0,144.48,7.0,0.0
23.0,6.0,3,Grocery,2,Married,10,0,3.0,273.99,3.0,0.0
17.0,11.0,4,Mobile,3,Single,4,0,3.0,131.62,3.0,0.0
5.0,19.0,4,Mobile Phone,2,Divorced,10,1,3.0,164.29,3.0,4.0
20.0,10.0,4,Grocery,3,Divorced,5,0,10.0,299.65,10.0,0.0
3.0,14.0,3,Mobile,3,Single,2,0,4.0,126.32,4.0,0.0
1.0,8.0,4,Mobile,4,Divorced,1,0,4.0,132.01,4.0,0.0
19.0,7.0,4,Mobile Phone,1,Married,5,0,3.0,147.7,3.0,0.0
14.0,8.0,4,Laptop & Accessory,3,Single,3,1,7.0,168.11,7.0,8.0
0.0,25.0,4,Mobile Phone,5,Married,2,0,7.0,140.66,7.0,0.0
15.0,14.0,3,Others,1,Married,2,0,9.0,284.3,9.0,0.0
9.0,23.0,4,Mobile,4,Married,2,0,0.0,121.27,0.0,0.0
9.0,7.0,6,Mobile Phone,1,Married,3,0,2.0,154.77,2.0,0.0
10.0,16.0,3,Mobile Phone,4,Married,2,0,7.0,139.36,7.0,0.0
18.0,10.0,5,Fashion,3,Married,5,0,3.0,197.56,3.0,0.0
13.0,16.0,4,Laptop & Accessory,4,Single,22,0,4.0,192.82,4.0,0.0
26.0,7.0,5,Others,3,Divorced,2,0,10.0,324.99,10.0,0.0
18.0,31.0,3,Others,4,Single,4,0,0.0,280.61,0.0,0.0
14.0,16.0,4,Laptop & Accessory,3,Married,5,0,8.0,164.75,8.0,0.0
1.0,15.0,2,Mobile Phone,3,Married,9,0,3.0,160.17,3.0,0.0
8.0,15.0,4,Laptop & Accessory,3,Single,5,0,4.0,186.42,4.0,0.0
5.0,31.0,4,Laptop & Accessory,1,Single,4,0,5.0,177.38,5.0,0.0
28.0,27.0,4,Laptop & Accessory,3,Single,5,0,4.0,173.69,4.0,0.0
4.0,14.0,4,Mobile,3,Divorced,4,0,2.0,123.29,2.0,0.0
11.0,8.0,3,Laptop & Accessory,5,Married,4,0,7.0,168.93,7.0,0.0
1.0,31.0,4,Mobile Phone,4,Single,10,0,3.0,160.97,3.0,0.0
9.0,23.0,3,Mobile,4,Divorced,2,0,0.0,122.1,0.0,0.0
8.0,31.0,4,Laptop & Accessory,2,Single,5,0,2.0,136.81,2.0,0.0
0.0,11.0,3,Mobile,3,Single,2,1,2.0,134.41,2.0,3.0
9.0,6.0,4,Mobile,3,Married,7,0,7.0,122.58,7.0,0.0
2.0,23.0,4,Fashion,5,Single,2,0,9.0,179.88,9.0,0.0
9.0,12.0,3,Mobile,3,Married,9,0,2.0,122.67,2.0,0.0
7.0,24.0,4,Grocery,3,Single,3,0,1.0,299.44,1.0,0.0
1.0,27.0,4,Laptop & Accessory,3,Single,2,0,3.0,147.72,3.0,0.0
20.0,10.0,2,Grocery,5,Married,4,0,9.0,257.25,9.0,0.0
12.0,17.0,4,Laptop & Accessory,3,Married,5,0,3.0,185.77,3.0,0.0
12.0,6.0,3,Others,3,Married,2,1,6.0,291.97,6.0,7.0
16.0,17.0,4,Mobile Phone,3,Married,5,0,4.0,154.36,4.0,0.0
0.0,12.0,5,Laptop & Accessory,3,Married,5,1,7.0,161.72,7.0,8.0
0.0,14.0,3,Mobile,3,Married,2,0,0.0,123.77,0.0,0.0
9.0,15.0,3,Fashion,1,Married,5,0,3.0,200.96,3.0,0.0
13.0,15.0,4,Laptop & Accessory,2,Divorced,10,0,2.0,148.76,2.0,0.0
2.0,16.0,3,Mobile,4,Married,1,0,1.0,132.91,1.0,0.0
8.0,13.0,3,Laptop & Accessory,1,Married,2,1,9.0,152.04,9.0,10.0
0.0,6.0,3,Mobile,2,Single,2,1,8.0,126.86,8.0,9.0
8.0,24.0,3,Laptop & Accessory,3,Married,2,1,2.0,156.89,2.0,3.0
18.0,10.0,3,Laptop & Accessory,4,Divorced,2,0,8.0,144.47,8.0,0.0
0.0,9.0,4,Fashion,2,Divorced,2,1,7.0,203.25,7.0,8.0
5.0,14.0,5,Fashion,3,Married,3,0,3.0,214.43,3.0,0.0
16.0,7.0,4,Mobile Phone,5,Married,5,0,3.0,150.76,3.0,0.0
15.0,15.0,4,Others,1,Single,9,0,1.0,296.13,1.0,0.0
14.0,15.0,3,Others,3,Married,3,0,11.0,294.19,11.0,0.0
13.0,20.0,5,Grocery,4,Married,8,1,3.0,296.23,3.0,4.0
1.0,9.0,4,Mobile Phone,1,Single,4,0,3.0,150.8,3.0,0.0
9.0,26.0,3,Mobile,3,Married,5,0,0.0,122.59,0.0,0.0
28.0,20.0,1,Others,4,Single,9,0,15.0,287.22,15.0,0.0
25.0,14.0,5,Laptop & Accessory,3,Married,4,0,1.0,186.32,1.0,0.0
12.0,9.0,6,Laptop & Accessory,1,Married,4,1,4.0,179.05,4.0,5.0
7.0,8.0,3,Laptop & Accessory,1,Single,2,0,11.0,166.87,11.0,0.0
1.0,7.0,4,Laptop & Accessory,3,Married,3,0,8.0,177.96,8.0,0.0
10.0,15.0,3,Fashion,5,Divorced,11,0,6.0,242.13,6.0,0.0
1.0,15.0,6,Mobile Phone,3,Married,3,0,3.0,171.21,3.0,0.0
23.0,34.0,1,Mobile,3,Married,2,1,8.0,132.21,8.0,9.0
4.0,17.0,5,Laptop & Accessory,3,Married,3,0,5.0,190.78,5.0,0.0
29.0,15.0,3,Grocery,2,Divorced,8,0,3.0,211.03,3.0,0.0
1.0,25.0,4,Mobile Phone,3,Married,2,0,3.0,152.74,3.0,0.0
0.0,29.0,4,Fashion,5,Married,2,0,10.0,173.36,10.0,0.0
0.0,6.0,3,Laptop & Accessory,4,Married,1,1,4.0,163.49,4.0,5.0
1.0,8.0,5,Mobile Phone,3,Married,3,1,1.0,154.33,1.0,2.0
27.0,26.0,3,Laptop & Accessory,3,Single,4,0,3.0,148.69,3.0,0.0
12.0,9.0,4,Fashion,4,Single,9,0,1.0,198.51,1.0,0.0
0.0,29.0,4,Laptop & Accessory,3,Married,2,0,8.0,135.4,8.0,0.0
0.0,10.0,4,Mobile Phone,3,Single,6,0,2.0,138.94,2.0,0.0
17.0,6.0,1,Laptop & Accessory,5,Married,3,0,2.0,150.33,2.0,0.0
1.0,14.0,6,Laptop & Accessory,3,Single,3,1,7.0,185.74,7.0,8.0
1.0,23.0,4,Fashion,3,Married,4,0,1.0,206.61,1.0,0.0
9.0,19.0,3,Mobile,4,Married,5,0,4.0,121.43,4.0,0.0
10.0,12.0,3,Laptop & Accessory,1,Married,5,0,1.0,165.02,1.0,0.0
9.0,7.0,3,Mobile,5,Single,3,0,2.0,120.8,2.0,0.0
8.0,34.0,4,Mobile Phone,4,Single,4,0,3.0,148.11,3.0,0.0
18.0,10.0,3,Laptop & Accessory,4,Married,2,0,8.0,144.47,8.0,0.0
10.0,14.0,4,Mobile Phone,4,Single,4,0,4.0,145.13,4.0,0.0
0.0,8.0,5,Mobile,2,Divorced,6,1,2.0,134.64,2.0,3.0
10.0,7.0,4,Laptop & Accessory,2,Single,6,0,1.0,191.53,1.0,0.0
10.0,16.0,4,Fashion,1,Married,6,0,3.0,225.96,3.0,0.0
8.0,8.0,4,Mobile Phone,4,Married,3,1,4.0,148.42,4.0,5.0
1.0,11.0,4,Mobile Phone,4,Single,3,0,3.0,157.95,3.0,0.0
3.0,26.0,3,Laptop & Accessory,5,Married,1,0,2.0,199.57,2.0,0.0
6.0,34.0,3,Laptop & Accessory,3,Married,2,1,7.0,152.07,7.0,8.0
15.0,8.0,1,Laptop & Accessory,5,Divorced,8,0,3.0,162.72,3.0,0.0
25.0,6.0,4,Others,3,Married,1,0,9.0,299.99,9.0,0.0
0.0,14.0,3,Mobile,5,Single,2,0,0.0,125.52,0.0,0.0
2.0,21.0,4,Laptop & Accessory,3,Single,1,1,8.0,141.93,8.0,9.0
13.0,25.0,4,Laptop & Accessory,3,Single,2,0,8.0,170.34,8.0,0.0
29.0,33.0,5,Others,1,Married,3,0,14.0,320.86,14.0,0.0
5.0,8.0,1,Laptop & Accessory,1,Single,8,0,7.0,150.55,7.0,0.0
23.0,6.0,3,Others,1,Married,4,0,6.0,295.17,6.0,0.0
3.0,30.0,4,Mobile Phone,5,Single,2,0,4.0,164.04,4.0,0.0
28.0,10.0,3,Laptop & Accessory,3,Divorced,1,1,2.0,140.35,2.0,3.0
5.0,9.0,3,Laptop & Accessory,5,Married,2,0,3.0,167.25,3.0,0.0
23.0,15.0,4,Fashion,4,Married,6,0,8.0,199.03,8.0,0.0
8.0,22.0,4,Laptop & Accessory,5,Single,3,0,7.0,186.25,7.0,0.0
4.0,15.0,2,Fashion,5,Divorced,2,1,8.0,239.16000000000005,8.0,9.0
7.0,15.0,5,Mobile Phone,2,Single,2,0,3.0,148.42,3.0,0.0
9.0,8.0,1,Mobile,1,Married,2,0,7.0,120.11,7.0,0.0
15.0,7.0,4,Laptop & Accessory,5,Married,2,0,8.0,166.03,8.0,0.0
19.0,9.0,1,Grocery,5,Married,3,0,8.0,232.25,8.0,0.0
9.0,9.0,4,Laptop & Accessory,5,Married,4,0,1.0,175.93,1.0,0.0
1.0,9.0,4,Mobile Phone,1,Single,4,0,3.0,150.8,3.0,0.0
25.0,15.0,5,Fashion,4,Divorced,7,0,8.0,249.9,8.0,0.0
14.0,7.0,4,Laptop & Accessory,1,Married,6,0,4.0,190.13,4.0,0.0
10.0,22.0,4,Laptop & Accessory,3,Married,5,0,0.0,163.34,0.0,0.0
9.0,16.0,3,Fashion,3,Married,4,0,7.0,170.94,7.0,0.0
5.0,17.0,4,Laptop & Accessory,1,Married,4,1,5.0,190.83,5.0,6.0
24.0,7.0,4,Grocery,1,Married,11,0,4.0,298.99,4.0,0.0
6.0,36.0,4,Mobile Phone,3,Single,11,0,8.0,165.25,8.0,0.0
18.0,16.0,4,Mobile Phone,5,Married,3,1,2.0,150.59,2.0,3.0
9.0,6.0,3,Mobile,3,Single,1,0,5.0,120.58,5.0,0.0
12.0,23.0,4,Laptop & Accessory,4,Single,4,0,3.0,166.98,3.0,0.0
27.0,16.0,3,Laptop & Accessory,5,Single,7,1,4.0,144.4,4.0,5.0
3.0,17.0,5,Laptop & Accessory,4,Married,3,1,8.0,207.68,8.0,9.0
8.0,22.0,3,Fashion,3,Married,5,1,0.0,176.32,0.0,1.0
15.0,19.0,4,Mobile Phone,2,Divorced,5,1,1.0,172.66,1.0,2.0
1.0,15.0,5,Mobile Phone,3,Single,3,1,3.0,164.89,3.0,4.0
26.0,8.0,3,Grocery,3,Married,7,0,2.0,248.52,2.0,0.0
9.0,6.0,3,Mobile,5,Single,3,0,2.0,120.8,2.0,0.0
13.0,13.0,3,Others,4,Single,2,0,8.0,298.33,8.0,0.0
10.0,9.0,4,Mobile Phone,1,Single,5,1,3.0,151.44,3.0,4.0
31.0,7.0,6,Laptop & Accessory,3,Married,4,1,3.0,181.6,3.0,4.0
31.0,13.0,4,Mobile Phone,3,Divorced,10,0,3.0,147.67,3.0,0.0
1.0,16.0,4,Mobile Phone,4,Married,8,0,3.0,145.24,3.0,0.0
19.0,13.0,3,Fashion,3,Married,7,0,7.0,208.45,7.0,0.0
7.0,7.0,3,Laptop & Accessory,1,Married,10,0,1.0,154.84,1.0,0.0
13.0,10.0,2,Laptop & Accessory,4,Married,11,0,7.0,188.89,7.0,0.0
27.0,13.0,4,Laptop & Accessory,1,Single,4,0,3.0,149.5,3.0,0.0
9.0,9.0,3,Mobile,1,Married,6,0,0.0,128.35,0.0,0.0
12.0,15.0,3,Others,1,Single,3,0,3.0,294.31,3.0,0.0
11.0,9.0,3,Laptop & Accessory,1,Single,9,1,0.0,168.61,0.0,1.0
9.0,22.0,5,Mobile,5,Married,2,1,0.0,123.07,0.0,1.0
8.0,6.0,4,Laptop & Accessory,2,Divorced,1,0,0.0,153.63,0.0,0.0
12.0,30.0,3,Laptop & Accessory,1,Single,8,0,7.0,141.08,7.0,0.0
0.0,6.0,4,Laptop & Accessory,5,Single,2,0,7.0,142.94,7.0,0.0
16.0,16.0,4,Mobile Phone,1,Single,3,0,9.0,161.73,9.0,0.0
0.0,30.0,3,Mobile Phone,4,Single,9,0,2.0,135.97,2.0,0.0
10.0,25.0,3,Mobile,4,Married,5,0,0.0,130.22,0.0,0.0
4.0,14.0,3,Mobile,4,Single,2,0,0.0,125.01,0.0,0.0
9.0,14.0,1,Laptop & Accessory,1,Married,5,0,3.0,125.71,3.0,0.0
8.0,15.0,4,Laptop & Accessory,5,Married,5,0,1.0,176.21,1.0,0.0
23.0,9.0,4,Others,1,Married,5,0,4.0,316.61,4.0,0.0
8.0,9.0,5,Mobile Phone,5,Single,3,0,4.0,168.81,4.0,0.0
9.0,7.0,3,Mobile,3,Married,1,0,3.0,120.64,3.0,0.0
10.0,15.0,3,Fashion,4,Married,2,0,7.0,188.34,7.0,0.0
5.0,14.0,3,Laptop & Accessory,2,Divorced,6,0,8.0,194.29,8.0,0.0
13.0,15.0,3,Laptop & Accessory,3,Married,4,0,7.0,139.75,7.0,0.0
1.0,21.0,4,Mobile Phone,5,Married,3,1,9.0,147.35,9.0,10.0
1.0,16.0,5,Mobile Phone,5,Single,9,0,4.0,159.07,4.0,0.0
13.0,8.0,3,Others,3,Married,1,0,9.0,294.36,9.0,0.0
1.0,19.0,4,Laptop & Accessory,1,Single,5,1,8.0,170.81,8.0,9.0
2.0,8.0,4,Mobile Phone,3,Single,2,1,3.0,146.54,3.0,4.0
23.0,6.0,4,Mobile Phone,3,Married,3,0,2.0,136.9,2.0,0.0
22.0,36.0,4,Fashion,3,Married,5,0,1.0,250.04,1.0,0.0
10.0,10.0,5,Fashion,2,Divorced,6,0,3.0,221.99,3.0,0.0
8.0,26.0,5,Mobile Phone,1,Married,3,0,8.0,154.29,8.0,0.0
9.0,14.0,2,Fashion,5,Divorced,10,0,3.0,217.13,3.0,0.0
10.0,18.0,4,Fashion,1,Married,2,0,3.0,222.38,3.0,0.0
6.0,23.0,3,Grocery,3,Single,2,0,0.0,274.44,0.0,0.0
3.0,11.0,4,Mobile Phone,2,Married,10,0,3.0,137.61,3.0,0.0
1.0,10.0,4,Mobile Phone,5,Single,7,1,5.0,151.57,5.0,6.0
0.0,24.0,3,Laptop & Accessory,3,Married,1,1,2.0,146.14,2.0,3.0
1.0,12.0,4,Mobile Phone,3,Single,3,1,1.0,153.51,1.0,2.0
15.0,34.0,4,Laptop & Accessory,2,Divorced,1,0,4.0,145.23,4.0,0.0
0.0,10.0,4,Laptop & Accessory,5,Married,2,0,3.0,142.56,3.0,0.0
9.0,8.0,4,Mobile,3,Single,2,0,0.0,122.74,0.0,0.0
7.0,16.0,4,Laptop & Accessory,3,Married,2,0,7.0,150.63,7.0,0.0
18.0,32.0,4,Laptop & Accessory,5,Married,2,0,5.0,143.85,5.0,0.0
13.0,30.0,3,Laptop & Accessory,1,Married,2,0,7.0,133.19,7.0,0.0
3.0,11.0,3,Fashion,1,Married,3,0,4.0,194.19,4.0,0.0
16.0,14.0,3,Mobile,3,Single,5,0,2.0,124.38,2.0,0.0
3.0,8.0,4,Laptop & Accessory,1,Single,6,1,0.0,168.77,0.0,1.0
6.0,9.0,4,Mobile Phone,5,Married,3,0,1.0,153.27,1.0,0.0
5.0,6.0,3,Laptop & Accessory,1,Married,2,1,8.0,161.62,8.0,9.0
1.0,17.0,5,Mobile Phone,3,Single,3,0,1.0,137.0,1.0,0.0
20.0,21.0,4,Mobile Phone,4,Divorced,11,1,4.0,174.63,4.0,5.0
0.0,14.0,4,Mobile,5,Single,2,1,0.0,126.0,0.0,1.0
0.0,14.0,3,Mobile,2,Divorced,1,0,1.0,124.0,1.0,0.0
28.0,14.0,4,Laptop & Accessory,1,Married,6,0,8.0,193.54,8.0,0.0
16.0,13.0,4,Fashion,5,Married,11,0,8.0,258.48,8.0,0.0
9.0,34.0,3,Mobile,1,Married,5,0,3.0,121.32,3.0,0.0
13.0,14.0,4,Fashion,4,Married,3,0,8.0,237.57,8.0,0.0
20.0,9.0,6,Grocery,4,Married,5,1,8.0,293.72,8.0,9.0
30.0,13.0,3,Others,5,Married,6,0,10.0,295.66,10.0,0.0
16.0,9.0,4,Mobile Phone,3,Married,2,1,1.0,151.96,1.0,2.0
0.0,16.0,3,Laptop & Accessory,1,Single,2,0,2.0,146.84,2.0,0.0
1.0,27.0,4,Mobile Phone,4,Married,2,1,5.0,146.48,5.0,6.0
8.0,9.0,5,Laptop & Accessory,5,Married,8,0,10.0,184.57,10.0,0.0
0.0,19.0,3,Laptop & Accessory,5,Married,3,0,2.0,142.33,2.0,0.0
17.0,11.0,5,Fashion,2,Single,5,0,3.0,227.31,3.0,0.0
0.0,8.0,4,Mobile Phone,1,Single,2,0,0.0,111.02,0.0,0.0
24.0,11.0,4,Others,4,Married,5,0,7.0,316.44,7.0,0.0
27.0,25.0,3,Laptop & Accessory,5,Married,10,1,4.0,154.85,4.0,5.0
30.0,24.0,3,Fashion,1,Single,7,0,4.0,205.12,4.0,0.0
7.0,11.0,5,Mobile Phone,4,Divorced,10,0,3.0,163.38,3.0,0.0
25.0,21.0,4,Laptop & Accessory,2,Divorced,6,0,8.0,174.36,8.0,0.0
12.0,23.0,4,Laptop & Accessory,4,Single,4,0,3.0,166.98,3.0,0.0
10.0,31.0,3,Laptop & Accessory,3,Divorced,4,1,7.0,144.49,7.0,8.0
8.0,24.0,3,Fashion,2,Single,3,0,2.0,193.62,2.0,0.0
18.0,14.0,3,Laptop & Accessory,2,Divorced,10,0,8.0,136.97,8.0,0.0
0.0,6.0,4,Laptop & Accessory,5,Married,2,0,7.0,197.14,7.0,0.0
13.0,17.0,4,Grocery,5,Divorced,3,1,11.0,295.68,11.0,12.0
1.0,9.0,5,Laptop & Accessory,4,Single,9,1,3.0,224.07,3.0,4.0
14.0,6.0,4,Others,3,Divorced,2,0,10.0,291.89,10.0,0.0
9.0,8.0,4,Mobile,3,Single,7,1,0.0,120.9,0.0,1.0
10.0,25.0,3,Laptop & Accessory,3,Married,4,0,2.0,157.68,2.0,0.0
18.0,31.0,4,Laptop & Accessory,1,Married,1,0,8.0,159.06,8.0,0.0
28.0,24.0,3,Grocery,4,Single,4,0,7.0,268.35,7.0,0.0
17.0,7.0,1,Laptop & Accessory,5,Married,3,0,2.0,150.33,2.0,0.0
23.0,8.0,3,Grocery,5,Married,2,0,7.0,279.24,7.0,0.0
5.0,16.0,3,Laptop & Accessory,1,Single,9,0,0.0,146.48,0.0,0.0
9.0,10.0,4,Mobile,5,Married,2,0,0.0,121.09,0.0,0.0
30.0,35.0,4,Grocery,1,Married,4,0,0.0,241.18,0.0,0.0
24.0,10.0,4,Others,4,Married,3,0,8.0,307.0,8.0,0.0
10.0,25.0,3,Fashion,4,Single,2,1,9.0,176.42,9.0,10.0
8.0,10.0,4,Laptop & Accessory,4,Married,3,0,10.0,179.33,10.0,0.0
19.0,17.0,4,Mobile Phone,1,Married,5,0,3.0,151.54,3.0,0.0
3.0,17.0,4,Mobile Phone,3,Single,3,0,1.0,151.42,1.0,0.0
10.0,14.0,3,Mobile,2,Divorced,2,1,2.0,123.26,2.0,3.0
12.0,25.0,6,Laptop & Accessory,1,Married,5,1,1.0,183.11,1.0,2.0
14.0,13.0,1,Mobile,3,Married,2,0,8.0,133.76,8.0,0.0
10.0,8.0,3,Laptop & Accessory,3,Divorced,5,1,0.0,196.02,0.0,1.0
8.0,15.0,2,Laptop & Accessory,3,Married,4,0,3.0,169.04,3.0,0.0
0.0,14.0,1,Mobile,1,Married,1,0,7.0,125.44,7.0,0.0
10.0,18.0,5,Laptop & Accessory,1,Married,6,0,1.0,191.52,1.0,0.0
6.0,8.0,3,Mobile Phone,3,Divorced,2,0,4.0,136.0,4.0,0.0
0.0,26.0,5,Laptop & Accessory,3,Married,4,1,2.0,145.59,2.0,3.0
9.0,8.0,4,Mobile,3,Single,2,0,0.0,122.74,0.0,0.0
28.0,8.0,4,Mobile,1,Married,9,0,4.0,126.62,4.0,0.0
1.0,35.0,5,Laptop & Accessory,3,Married,4,0,3.0,211.39,3.0,0.0
0.0,6.0,4,Mobile Phone,5,Married,2,0,3.0,139.55,3.0,0.0
15.0,8.0,3,Grocery,3,Married,1,1,10.0,278.61,10.0,11.0
8.0,24.0,1,Laptop & Accessory,5,Married,2,0,10.0,152.08,10.0,0.0
27.0,9.0,5,Grocery,1,Married,4,0,8.0,279.27,8.0,0.0
0.0,28.0,3,Mobile,3,Single,2,0,2.0,134.47,2.0,0.0
10.0,14.0,3,Laptop & Accessory,4,Married,3,0,7.0,140.71,7.0,0.0
26.0,13.0,4,Laptop & Accessory,5,Married,5,1,10.0,180.77,10.0,11.0
12.0,25.0,3,Laptop & Accessory,1,Married,9,0,2.0,139.02,2.0,0.0
23.0,7.0,5,Grocery,3,Single,9,1,8.0,264.64,8.0,9.0
1.0,19.0,4,Laptop & Accessory,1,Single,5,1,8.0,170.81,8.0,9.0
13.0,20.0,4,Others,3,Single,2,0,9.0,296.26,9.0,0.0
1.0,17.0,4,Laptop & Accessory,5,Single,3,0,9.0,167.13,9.0,0.0
5.0,19.0,4,Others,3,Married,3,0,9.0,320.45,9.0,0.0
4.0,23.0,4,Mobile Phone,1,Married,3,0,9.0,153.62,9.0,0.0
4.0,18.0,3,Mobile Phone,2,Divorced,9,1,2.0,139.29,2.0,3.0
14.0,9.0,2,Laptop & Accessory,4,Divorced,3,0,8.0,167.44,8.0,0.0
12.0,28.0,3,Fashion,5,Single,2,1,8.0,208.8,8.0,9.0
6.0,17.0,4,Laptop & Accessory,1,Single,10,0,1.0,171.48,1.0,0.0
18.0,8.0,5,Laptop & Accessory,3,Single,1,0,1.0,166.32,1.0,0.0
0.0,14.0,3,Mobile,3,Single,2,1,7.0,123.94,7.0,8.0
24.0,27.0,3,Laptop & Accessory,1,Single,1,1,0.0,154.41,0.0,1.0
17.0,34.0,1,Grocery,1,Married,4,1,11.0,233.2,11.0,12.0
25.0,35.0,3,Mobile,1,Married,3,0,0.0,134.82,0.0,0.0
24.0,17.0,4,Grocery,4,Single,4,0,3.0,231.42,3.0,0.0
14.0,8.0,4,Grocery,5,Married,4,0,17.0,293.23,17.0,0.0
8.0,16.0,3,Mobile Phone,2,Married,2,0,2.0,139.17,2.0,0.0
13.0,8.0,3,Others,3,Married,1,0,12.0,280.41,12.0,0.0
21.0,6.0,4,Grocery,5,Divorced,8,0,2.0,254.02,2.0,0.0
0.0,7.0,3,Mobile Phone,1,Married,10,1,2.0,147.87,2.0,3.0
8.0,7.0,4,Laptop & Accessory,1,Married,1,0,0.0,153.63,0.0,0.0
1.0,17.0,4,Mobile Phone,1,Married,2,0,2.0,146.45,2.0,0.0
1.0,31.0,2,Mobile Phone,5,Single,3,0,1.0,135.91,1.0,0.0
1.0,36.0,4,Mobile Phone,5,Married,3,0,3.0,164.07,3.0,0.0
9.0,29.0,3,Mobile,1,Single,10,0,2.0,122.01,2.0,0.0
28.0,8.0,4,Fashion,3,Married,9,0,3.0,230.02,3.0,0.0
20.0,7.0,4,Fashion,5,Married,9,0,3.0,218.96,3.0,0.0
7.0,6.0,1,Laptop & Accessory,2,Married,1,0,9.0,197.25,9.0,0.0
7.0,8.0,4,Mobile,3,Married,4,0,7.0,127.68,7.0,0.0
8.0,9.0,4,Laptop & Accessory,3,Single,4,0,3.0,165.33,3.0,0.0
17.0,28.0,4,Mobile Phone,2,Divorced,9,0,3.0,147.58,3.0,0.0
0.0,11.0,3,Mobile,3,Single,2,1,0.0,128.51,0.0,1.0
8.0,7.0,4,Mobile Phone,5,Married,7,0,4.0,154.96,4.0,0.0
9.0,10.0,4,Laptop & Accessory,2,Single,2,0,8.0,158.1,8.0,0.0
18.0,13.0,3,Fashion,5,Married,2,0,11.0,152.1,11.0,0.0
10.0,10.0,4,Mobile Phone,4,Divorced,3,0,8.0,161.92,8.0,0.0
10.0,19.0,3,Laptop & Accessory,1,Married,2,0,7.0,142.85,7.0,0.0
1.0,11.0,3,Mobile Phone,5,Divorced,4,0,3.0,153.19,3.0,0.0
3.0,12.0,5,Laptop & Accessory,4,Married,3,1,10.0,166.87,10.0,11.0
1.0,28.0,2,Mobile Phone,2,Single,3,0,3.0,151.78,3.0,0.0
0.0,14.0,4,Mobile Phone,3,Single,2,1,2.0,139.89,2.0,3.0
2.0,11.0,4,Laptop & Accessory,3,Married,3,0,5.0,167.21,5.0,0.0
7.0,16.0,4,Mobile Phone,2,Divorced,2,0,11.0,152.81,11.0,0.0
15.0,8.0,3,Others,3,Married,6,0,14.0,288.8,14.0,0.0
0.0,14.0,3,Mobile,5,Single,2,1,2.0,123.8,2.0,3.0
0.0,25.0,4,Mobile Phone,5,Married,2,0,7.0,140.66,7.0,0.0
17.0,14.0,4,Fashion,5,Divorced,10,0,3.0,224.85,3.0,0.0
13.0,15.0,3,Mobile Phone,4,Married,9,1,0.0,136.17,0.0,1.0
9.0,14.0,4,Fashion,3,Single,5,0,3.0,227.21,3.0,0.0
8.0,11.0,3,Fashion,4,Single,1,0,13.0,180.95,13.0,0.0
4.0,35.0,4,Laptop & Accessory,2,Divorced,3,0,10.0,182.75,10.0,0.0
23.0,25.0,4,Laptop & Accessory,2,Married,3,1,8.0,193.04,8.0,9.0
10.0,33.0,4,Laptop & Accessory,3,Married,8,0,3.0,178.47,3.0,0.0
10.0,15.0,3,Fashion,4,Married,2,0,7.0,188.34,7.0,0.0
19.0,11.0,3,Laptop & Accessory,4,Married,2,1,2.0,150.21,2.0,3.0
14.0,16.0,4,Fashion,3,Single,11,0,14.0,259.99,14.0,0.0
14.0,35.0,6,Fashion,5,Married,5,0,2.0,234.32,2.0,0.0
15.0,16.0,4,Others,3,Married,4,0,12.0,319.19,12.0,0.0
21.0,9.0,4,Grocery,1,Married,3,1,1.0,292.52,1.0,2.0
0.0,14.0,4,Mobile,5,Single,7,0,7.0,123.62,7.0,0.0
18.0,8.0,3,Others,5,Married,6,1,4.0,298.59,4.0,5.0
0.0,6.0,3,Mobile,4,Single,2,1,4.0,132.02,4.0,5.0
6.0,12.0,4,Mobile Phone,4,Single,4,0,8.0,152.18,8.0,0.0
6.0,7.0,5,Mobile Phone,4,Married,2,0,3.0,147.69,3.0,0.0
11.0,8.0,4,Laptop & Accessory,2,Divorced,4,0,5.0,152.49,5.0,0.0
14.0,16.0,4,Others,1,Married,4,0,6.0,291.41,6.0,0.0
13.0,13.0,2,Fashion,3,Married,4,0,7.0,207.37,7.0,0.0
7.0,14.0,3,Mobile,5,Divorced,5,0,2.0,123.62,2.0,0.0
13.0,8.0,4,Laptop & Accessory,1,Married,3,1,9.0,189.72,9.0,10.0
1.0,15.0,4,Mobile Phone,5,Married,3,1,1.0,148.98,1.0,2.0
6.0,14.0,4,Laptop & Accessory,1,Married,6,0,3.0,217.04,3.0,0.0
14.0,23.0,4,Fashion,1,Single,8,1,4.0,204.45,4.0,5.0
9.0,6.0,5,Fashion,5,Married,3,1,7.0,202.52,7.0,8.0
9.0,31.0,5,Mobile,3,Single,2,0,1.0,122.93,1.0,0.0
1.0,9.0,4,Mobile Phone,3,Single,4,0,1.0,159.85,1.0,0.0
1.0,12.0,5,Mobile Phone,3,Single,2,0,1.0,154.66,1.0,0.0
8.0,15.0,4,Fashion,3,Married,2,1,15.0,206.85,15.0,16.0
5.0,12.0,4,Mobile Phone,4,Married,3,0,3.0,152.89,3.0,0.0
21.0,9.0,4,Others,4,Single,9,1,9.0,317.46,9.0,10.0
24.0,9.0,4,Grocery,5,Divorced,4,0,3.0,303.56,3.0,0.0
1.0,18.0,4,Laptop & Accessory,5,Married,3,1,4.0,172.41,4.0,5.0
1.0,22.0,4,Fashion,3,Divorced,9,1,8.0,261.1,8.0,9.0
15.0,10.0,3,Laptop & Accessory,5,Single,8,0,5.0,151.55,5.0,0.0
0.0,22.0,3,Fashion,5,Single,3,1,0.0,185.64,0.0,1.0
13.0,11.0,4,Fashion,5,Divorced,6,1,12.0,204.75,12.0,13.0
9.0,7.0,4,Laptop & Accessory,3,Single,3,0,4.0,173.59,4.0,0.0
31.0,10.0,2,Mobile Phone,5,Married,6,1,1.0,151.7,1.0,2.0
12.0,16.0,4,Mobile Phone,1,Married,4,0,4.0,172.71,4.0,0.0
14.0,31.0,4,Laptop & Accessory,2,Married,3,0,8.0,158.19,8.0,0.0
28.0,33.0,2,Grocery,1,Single,4,1,5.0,298.28,5.0,6.0
2.0,23.0,4,Mobile Phone,3,Single,3,0,5.0,146.44,5.0,0.0
3.0,27.0,4,Mobile Phone,1,Married,3,0,11.0,163.12,11.0,0.0
1.0,9.0,6,Laptop & Accessory,1,Single,5,0,1.0,175.71,1.0,0.0
1.0,13.0,5,Mobile Phone,4,Married,3,0,4.0,148.68,4.0,0.0
10.0,8.0,4,Laptop & Accessory,3,Single,8,0,1.0,193.15,1.0,0.0
1.0,19.0,5,Mobile Phone,5,Married,3,0,1.0,145.33,1.0,0.0
27.0,13.0,4,Laptop & Accessory,3,Married,4,1,6.0,148.06,6.0,7.0
22.0,7.0,5,Grocery,5,Married,9,0,3.0,279.02,3.0,0.0
9.0,21.0,5,Mobile,2,Divorced,1,1,3.0,121.68,3.0,4.0
14.0,9.0,4,Mobile Phone,5,Married,6,0,3.0,158.77,3.0,0.0
0.0,24.0,1,Mobile,5,Married,1,0,0.0,129.56,0.0,0.0
30.0,7.0,4,Mobile Phone,5,Divorced,4,0,1.0,145.66,1.0,0.0
17.0,13.0,3,Others,1,Married,1,1,10.0,290.49,10.0,11.0
1.0,15.0,5,Mobile Phone,3,Single,3,1,3.0,164.89,3.0,4.0
25.0,5.0,3,Fashion,4,Single,8,0,0.0,204.45,0.0,0.0
15.0,11.0,4,Fashion,3,Married,2,1,3.0,229.47,3.0,4.0
2.0,27.0,1,Fashion,5,Married,2,0,8.0,199.8,8.0,0.0
0.0,9.0,3,Laptop & Accessory,3,Married,1,0,2.0,149.99,2.0,0.0
2.0,9.0,3,Mobile Phone,5,Single,2,1,5.0,147.23,5.0,6.0
10.0,10.0,4,Mobile Phone,4,Single,6,0,3.0,145.88,3.0,0.0
8.0,28.0,5,Mobile Phone,3,Single,1,0,3.0,142.3,3.0,0.0
6.0,16.0,6,Laptop & Accessory,1,Married,2,0,8.0,171.68,8.0,0.0
1.0,22.0,1,Laptop & Accessory,5,Single,1,0,7.0,156.61,7.0,0.0
9.0,8.0,3,Mobile,4,Married,2,0,2.0,122.26,2.0,0.0
31.0,36.0,5,Grocery,1,Married,5,0,1.0,266.18,1.0,0.0
7.0,24.0,5,Mobile Phone,3,Married,11,1,1.0,149.37,1.0,2.0
60.0,27.0,3,Grocery,1,Married,5,1,0.0,278.75,0.0,1.0
27.0,8.0,4,Fashion,3,Married,7,0,0.0,206.86,0.0,0.0
25.0,6.0,3,Grocery,2,Divorced,3,0,8.0,270.99,8.0,0.0
1.0,7.0,4,Mobile Phone,3,Divorced,5,0,3.0,154.09,3.0,0.0
20.0,31.0,3,Fashion,3,Single,3,0,11.0,186.33,11.0,0.0
23.0,6.0,3,Others,2,Married,4,0,6.0,295.17,6.0,0.0
21.0,14.0,1,Mobile,4,Single,6,0,0.0,125.59,0.0,0.0
18.0,7.0,5,Laptop & Accessory,3,Single,6,0,3.0,184.85,3.0,0.0
8.0,11.0,4,Laptop & Accessory,3,Divorced,11,0,3.0,190.38,3.0,0.0
14.0,15.0,4,Laptop & Accessory,1,Married,5,1,3.0,165.69,3.0,4.0
3.0,8.0,4,Laptop & Accessory,2,Single,6,1,0.0,168.77,0.0,1.0
9.0,31.0,3,Mobile,4,Married,2,1,8.0,120.22,8.0,9.0
7.0,6.0,1,Mobile,1,Single,3,0,3.0,132.8,3.0,0.0
5.0,19.0,4,Others,3,Divorced,3,0,9.0,320.45,9.0,0.0
5.0,8.0,3,Laptop & Accessory,3,Single,5,1,7.0,149.98,7.0,8.0
4.0,11.0,3,Laptop & Accessory,5,Single,1,0,7.0,199.36,7.0,0.0
14.0,9.0,2,Laptop & Accessory,3,Married,7,0,9.0,188.77,9.0,0.0
1.0,23.0,4,Fashion,5,Single,4,1,3.0,210.64,3.0,4.0
3.0,27.0,4,Laptop & Accessory,1,Married,4,0,3.0,194.31,3.0,0.0
4.0,26.0,1,Mobile,1,Married,1,0,2.0,127.91,2.0,0.0
8.0,14.0,4,Mobile,1,Married,2,0,2.0,123.76,2.0,0.0
